customer_id,name,loyalty_points,tier,join_date
00000,Customer 00000,1084,Gold,11/21/2024
00001,Customer 00001,1017,Gold,11/26/2024
00002,Customer 00002,604,Silver,03/02/2024
00003,Customer 00003,1108,Gold,05/23/2024
00004,Customer 00004,85,Bronze,05/18/2024
00005,Customer 00005,1217,Gold,06/19/2024
00006,Customer 00006,94,Bronze,11/30/2024
00007,Customer 00007,428,Bronze,10/25/2024
00008,Customer 00008,391,Bronze,01/26/2025
00009,Customer 00009,688,Silver,08/25/2024
00010,Customer 00010,863,Silver,03/06/2024
00011,Customer 00011,347,Bronze,10/19/2024
00012,Customer 00012,468,Bronze,07/12/2024
00013,Customer 00013,982,Silver,04/17/2024
00014,Customer 00014,394,Bronze,03/11/2024
00015,Customer 00015,231,Bronze,01/23/2025
00016,Customer 00016,729,Silver,02/26/2025
00017,Customer 00017,969,Silver,05/28/2024
00018,Customer 00018,1315,Gold,05/07/2024
00019,Customer 00019,492,Bronze,08/04/2024
00020,Customer 00020,1262,Gold,09/06/2024
00021,Customer 00021,228,Bronze,02/15/2025
00022,Customer 00022,492,Bronze,08/29/2024
00023,Customer 00023,876,Silver,01/25/2024
00024,Customer 00024,1132,Gold,09/03/2024
00025,Customer 00025,1163,Gold,02/20/2025
00026,Customer 00026,642,Silver,09/28/2024
00027,Customer 00027,1014,Gold,01/01/2024
00028,Customer 00028,722,Silver,02/15/2025
00029,Customer 00029,119,Bronze,02/14/2025
00030,Customer 00030,756,Silver,08/01/2024
00031,Customer 00031,210,Bronze,03/28/2024
00032,Customer 00032,742,Silver,01/07/2025
00033,Customer 00033,994,Silver,07/04/2024
00034,Customer 00034,939,Silver,06/01/2024
00035,Customer 00035,1445,Gold,09/11/2024
00036,Customer 00036,1311,Gold,01/05/2025
00037,Customer 00037,213,Bronze,02/16/2024
00038,Customer 00038,1442,Gold,12/21/2024
00039,Customer 00039,155,Bronze,12/13/2024
00040,Customer 00040,275,Bronze,01/24/2025
00041,Customer 00041,729,Silver,05/04/2024
00042,Customer 00042,793,Silver,02/09/2024
00043,Customer 00043,992,Silver,01/31/2025
00044,Customer 00044,1347,Gold,02/01/2024
00045,Customer 00045,970,Silver,04/26/2024
00046,Customer 00046,1140,Gold,07/13/2024
00047,Customer 00047,818,Silver,03/01/2024
00048,Customer 00048,1224,Gold,07/24/2024
00049,Customer 00049,108,Bronze,12/05/2024
00050,Customer 00050,516,Silver,06/22/2024
00051,Customer 00051,340,Bronze,07/19/2024
00052,Customer 00052,222,Bronze,01/29/2024
00053,Customer 00053,1077,Gold,02/25/2025
00054,Customer 00054,366,Bronze,05/17/2024
00055,Customer 00055,463,Bronze,08/18/2024
00056,Customer 00056,1172,Gold,10/04/2024
00057,Customer 00057,107,Bronze,01/16/2024
00058,Customer 00058,1026,Gold,01/25/2025
00059,Customer 00059,1440,Gold,05/16/2024
00060,Customer 00060,628,Silver,10/24/2024
00061,Customer 00061,996,Silver,10/06/2024
00062,Customer 00062,922,Silver,09/26/2024
00063,Customer 00063,934,Silver,10/09/2024
00064,Customer 00064,579,Silver,07/27/2024
00065,Customer 00065,837,Silver,02/18/2024
00066,Customer 00066,69,Bronze,05/14/2024
00067,Customer 00067,1064,Gold,01/17/2025
00068,Customer 00068,515,Silver,12/19/2024
00069,Customer 00069,1341,Gold,12/14/2024
00070,Customer 00070,665,Silver,03/08/2024
00071,Customer 00071,1266,Gold,08/10/2024
00072,Customer 00072,1255,Gold,05/13/2024
00073,Customer 00073,168,Bronze,02/17/2025
00074,Customer 00074,1333,Gold,04/05/2024
00075,Customer 00075,1104,Gold,07/02/2024
00076,Customer 00076,1280,Gold,02/07/2025
00077,Customer 00077,292,Bronze,12/08/2024
00078,Customer 00078,180,Bronze,02/26/2024
00079,Customer 00079,896,Silver,07/30/2024
00080,Customer 00080,599,Silver,05/17/2024
00081,Customer 00081,1081,Gold,12/20/2024
00082,Customer 00082,91,Bronze,01/26/2024
00083,Customer 00083,1408,Gold,01/08/2025
00084,Customer 00084,561,Silver,11/24/2024
00085,Customer 00085,172,Bronze,01/30/2024
00086,Customer 00086,344,Bronze,06/13/2024
00087,Customer 00087,202,Bronze,10/19/2024
00088,Customer 00088,199,Bronze,02/28/2024
00089,Customer 00089,296,Bronze,05/25/2024
00090,Customer 00090,1346,Gold,08/10/2024
00091,Customer 00091,1137,Gold,10/02/2024
00092,Customer 00092,558,Silver,10/30/2024
00093,Customer 00093,1231,Gold,02/28/2025
00094,Customer 00094,443,Bronze,12/26/2024
00095,Customer 00095,914,Silver,09/16/2024
00096,Customer 00096,716,Silver,08/25/2024
00097,Customer 00097,1441,Gold,03/28/2024
00098,Customer 00098,990,Silver,03/20/2024
00099,Customer 00099,1218,Gold,02/02/2025
00100,Customer 00100,1474,Gold,11/15/2024
00101,Customer 00101,249,Bronze,01/05/2025
00102,Customer 00102,1013,Gold,01/19/2024
00103,Customer 00103,992,Silver,07/14/2024
00104,Customer 00104,60,Bronze,03/19/2024
00105,Customer 00105,1220,Gold,01/08/2024
00106,Customer 00106,1158,Gold,02/15/2025
00107,Customer 00107,417,Bronze,06/10/2024
00108,Customer 00108,598,Silver,05/20/2024
00109,Customer 00109,577,Silver,03/18/2024
00110,Customer 00110,505,Silver,02/07/2025
00111,Customer 00111,740,Silver,10/04/2024
00112,Customer 00112,0,Bronze,02/18/2024
00113,Customer 00113,50,Bronze,03/13/2024
00114,Customer 00114,754,Silver,05/25/2024
00115,Customer 00115,913,Silver,01/29/2024
00116,Customer 00116,1372,Gold,02/08/2025
00117,Customer 00117,1134,Gold,02/15/2025
00118,Customer 00118,195,Bronze,12/21/2024
00119,Customer 00119,624,Silver,01/01/2025
00120,Customer 00120,546,Silver,01/07/2024
00121,Customer 00121,1461,Gold,07/18/2024
00122,Customer 00122,542,Silver,01/25/2024
00123,Customer 00123,804,Silver,03/28/2024
00124,Customer 00124,1473,Gold,02/20/2025
00125,Customer 00125,1286,Gold,07/06/2024
00126,Customer 00126,303,Bronze,01/25/2025
00127,Customer 00127,104,Bronze,06/23/2024
00128,Customer 00128,279,Bronze,09/27/2024
00129,Customer 00129,189,Bronze,02/27/2025
00130,Customer 00130,326,Bronze,02/09/2025
00131,Customer 00131,535,Silver,02/28/2025
00132,Customer 00132,165,Bronze,12/16/2024
00133,Customer 00133,58,Bronze,07/08/2024
00134,Customer 00134,1020,Gold,09/18/2024
00135,Customer 00135,956,Silver,04/07/2024
00136,Customer 00136,742,Silver,11/01/2024
00137,Customer 00137,529,Silver,08/29/2024
00138,Customer 00138,1044,Gold,05/25/2024
00139,Customer 00139,1208,Gold,02/16/2025
00140,Customer 00140,740,Silver,09/21/2024
00141,Customer 00141,747,Silver,12/28/2024
00142,Customer 00142,363,Bronze,10/21/2024
00143,Customer 00143,126,Bronze,10/31/2024
00144,Customer 00144,712,Silver,05/25/2024
00145,Customer 00145,840,Silver,07/11/2024
00146,Customer 00146,388,Bronze,08/29/2024
00147,Customer 00147,315,Bronze,11/04/2024
00148,Customer 00148,3,Bronze,09/28/2024
00149,Customer 00149,258,Bronze,08/17/2024
00150,Customer 00150,940,Silver,01/11/2025
00151,Customer 00151,1366,Gold,03/04/2024
00152,Customer 00152,630,Silver,05/05/2024
00153,Customer 00153,1475,Gold,02/03/2024
00154,Customer 00154,409,Bronze,12/19/2024
00155,Customer 00155,1017,Gold,02/29/2024
00156,Customer 00156,287,Bronze,01/15/2024
00157,Customer 00157,931,Silver,09/15/2024
00158,Customer 00158,1315,Gold,02/06/2024
00159,Customer 00159,536,Silver,05/19/2024
00160,Customer 00160,100,Bronze,10/11/2024
00161,Customer 00161,591,Silver,02/12/2025
00162,Customer 00162,82,Bronze,02/12/2024
00163,Customer 00163,1222,Gold,04/24/2024
00164,Customer 00164,195,Bronze,04/17/2024
00165,Customer 00165,576,Silver,01/13/2025
00166,Customer 00166,131,Bronze,11/01/2024
00167,Customer 00167,376,Bronze,01/03/2024
00168,Customer 00168,732,Silver,02/18/2025
00169,Customer 00169,491,Bronze,08/14/2024
00170,Customer 00170,370,Bronze,10/30/2024
00171,Customer 00171,1170,Gold,06/22/2024
00172,Customer 00172,176,Bronze,03/29/2024
00173,Customer 00173,895,Silver,03/19/2024
00174,Customer 00174,620,Silver,11/08/2024
00175,Customer 00175,228,Bronze,06/17/2024
00176,Customer 00176,1416,Gold,01/18/2025
00177,Customer 00177,1250,Gold,10/21/2024
00178,Customer 00178,282,Bronze,11/09/2024
00179,Customer 00179,1225,Gold,02/16/2025
00180,Customer 00180,934,Silver,12/20/2024
00181,Customer 00181,949,Silver,01/09/2025
00182,Customer 00182,840,Silver,08/17/2024
00183,Customer 00183,1204,Gold,07/31/2024
00184,Customer 00184,1118,Gold,03/24/2024
00185,Customer 00185,1151,Gold,08/15/2024
00186,Customer 00186,596,Silver,08/14/2024
00187,Customer 00187,506,Silver,09/24/2024
00188,Customer 00188,936,Silver,06/06/2024
00189,Customer 00189,697,Silver,11/13/2024
00190,Customer 00190,994,Silver,02/04/2024
00191,Customer 00191,158,Bronze,05/03/2024
00192,Customer 00192,598,Silver,06/11/2024
00193,Customer 00193,1469,Gold,01/12/2025
00194,Customer 00194,727,Silver,11/19/2024
00195,Customer 00195,922,Silver,05/29/2024
00196,Customer 00196,1203,Gold,03/09/2024
00197,Customer 00197,138,Bronze,02/16/2025
00198,Customer 00198,636,Silver,02/09/2025
00199,Customer 00199,1321,Gold,02/11/2024
00200,Customer 00200,1450,Gold,02/02/2025
00201,Customer 00201,1394,Gold,04/01/2024
00202,Customer 00202,726,Silver,12/21/2024
00203,Customer 00203,674,Silver,08/10/2024
00204,Customer 00204,667,Silver,12/07/2024
00205,Customer 00205,956,Silver,02/11/2025
00206,Customer 00206,896,Silver,12/22/2024
00207,Customer 00207,515,Silver,02/05/2024
00208,Customer 00208,656,Silver,01/17/2025
00209,Customer 00209,1183,Gold,10/27/2024
00210,Customer 00210,1146,Gold,02/14/2024
00211,Customer 00211,485,Bronze,10/27/2024
00212,Customer 00212,1400,Gold,07/08/2024
00213,Customer 00213,1195,Gold,05/27/2024
00214,Customer 00214,448,Bronze,06/19/2024
00215,Customer 00215,723,Silver,01/16/2025
00216,Customer 00216,507,Silver,04/04/2024
00217,Customer 00217,1066,Gold,09/06/2024
00218,Customer 00218,818,Silver,02/11/2025
00219,Customer 00219,141,Bronze,07/04/2024
00220,Customer 00220,1113,Gold,07/13/2024
00221,Customer 00221,973,Silver,03/04/2024
00222,Customer 00222,296,Bronze,04/29/2024
00223,Customer 00223,515,Silver,08/18/2024
00224,Customer 00224,711,Silver,10/22/2024
00225,Customer 00225,1221,Gold,04/11/2024
00226,Customer 00226,38,Bronze,02/07/2025
00227,Customer 00227,899,Silver,08/15/2024
00228,Customer 00228,613,Silver,04/03/2024
00229,Customer 00229,1111,Gold,02/25/2024
00230,Customer 00230,1279,Gold,09/18/2024
00231,Customer 00231,1431,Gold,08/17/2024
00232,Customer 00232,1066,Gold,01/12/2024
00233,Customer 00233,868,Silver,02/23/2024
00234,Customer 00234,149,Bronze,09/11/2024
00235,Customer 00235,924,Silver,01/27/2024
00236,Customer 00236,860,Silver,10/04/2024
00237,Customer 00237,106,Bronze,09/06/2024
00238,Customer 00238,2,Bronze,05/11/2024
00239,Customer 00239,440,Bronze,09/02/2024
00240,Customer 00240,1489,Gold,11/11/2024
00241,Customer 00241,426,Bronze,08/02/2024
00242,Customer 00242,876,Silver,02/10/2025
00243,Customer 00243,26,Bronze,02/20/2024
00244,Customer 00244,1031,Gold,04/11/2024
00245,Customer 00245,505,Silver,02/28/2025
00246,Customer 00246,1390,Gold,03/19/2024
00247,Customer 00247,1469,Gold,08/17/2024
00248,Customer 00248,622,Silver,12/14/2024
00249,Customer 00249,1144,Gold,02/24/2024
00250,Customer 00250,1131,Gold,04/05/2024
00251,Customer 00251,653,Silver,05/19/2024
00252,Customer 00252,996,Silver,04/29/2024
00253,Customer 00253,457,Bronze,01/07/2025
00254,Customer 00254,271,Bronze,12/06/2024
00255,Customer 00255,723,Silver,11/21/2024
00256,Customer 00256,556,Silver,01/12/2024
00257,Customer 00257,1362,Gold,12/19/2024
00258,Customer 00258,641,Silver,05/23/2024
00259,Customer 00259,1334,Gold,03/19/2024
00260,Customer 00260,174,Bronze,03/01/2024
00261,Customer 00261,1230,Gold,01/15/2025
00262,Customer 00262,1270,Gold,02/24/2025
00263,Customer 00263,348,Bronze,01/04/2024
00264,Customer 00264,255,Bronze,01/27/2025
00265,Customer 00265,773,Silver,03/26/2024
00266,Customer 00266,1264,Gold,09/04/2024
00267,Customer 00267,383,Bronze,05/13/2024
00268,Customer 00268,1119,Gold,07/29/2024
00269,Customer 00269,470,Bronze,11/18/2024
00270,Customer 00270,331,Bronze,05/24/2024
00271,Customer 00271,1485,Gold,03/20/2024
00272,Customer 00272,1206,Gold,12/07/2024
00273,Customer 00273,917,Silver,11/17/2024
00274,Customer 00274,1289,Gold,07/13/2024
00275,Customer 00275,1325,Gold,09/13/2024
00276,Customer 00276,102,Bronze,04/25/2024
00277,Customer 00277,727,Silver,11/01/2024
00278,Customer 00278,313,Bronze,07/09/2024
00279,Customer 00279,904,Silver,02/12/2024
00280,Customer 00280,571,Silver,08/10/2024
00281,Customer 00281,836,Silver,10/10/2024
00282,Customer 00282,1153,Gold,01/31/2025
00283,Customer 00283,873,Silver,01/23/2025
00284,Customer 00284,856,Silver,09/25/2024
00285,Customer 00285,1349,Gold,04/18/2024
00286,Customer 00286,519,Silver,01/06/2024
00287,Customer 00287,737,Silver,02/19/2025
00288,Customer 00288,587,Silver,07/09/2024
00289,Customer 00289,718,Silver,05/29/2024
00290,Customer 00290,102,Bronze,01/31/2025
00291,Customer 00291,1327,Gold,12/29/2024
00292,Customer 00292,595,Silver,12/06/2024
00293,Customer 00293,914,Silver,02/16/2025
00294,Customer 00294,1143,Gold,06/24/2024
00295,Customer 00295,22,Bronze,01/05/2024
00296,Customer 00296,819,Silver,09/27/2024
00297,Customer 00297,687,Silver,06/17/2024
00298,Customer 00298,1171,Gold,08/13/2024
00299,Customer 00299,79,Bronze,02/05/2024
00300,Customer 00300,278,Bronze,04/08/2024
00301,Customer 00301,472,Bronze,01/06/2024
00302,Customer 00302,801,Silver,11/22/2024
00303,Customer 00303,1454,Gold,09/16/2024
00304,Customer 00304,239,Bronze,10/18/2024
00305,Customer 00305,357,Bronze,12/26/2024
00306,Customer 00306,1347,Gold,09/23/2024
00307,Customer 00307,238,Bronze,02/24/2025
00308,Customer 00308,635,Silver,08/08/2024
00309,Customer 00309,1330,Gold,08/08/2024
00310,Customer 00310,628,Silver,08/12/2024
00311,Customer 00311,245,Bronze,08/09/2024
00312,Customer 00312,564,Silver,07/16/2024
00313,Customer 00313,400,Bronze,06/19/2024
00314,Customer 00314,803,Silver,04/25/2024
00315,Customer 00315,1392,Gold,12/21/2024
00316,Customer 00316,77,Bronze,05/08/2024
00317,Customer 00317,366,Bronze,01/04/2025
00318,Customer 00318,582,Silver,02/10/2025
00319,Customer 00319,1125,Gold,06/03/2024
00320,Customer 00320,15,Bronze,01/12/2025
00321,Customer 00321,1087,Gold,11/15/2024
00322,Customer 00322,522,Silver,02/13/2025
00323,Customer 00323,994,Silver,11/11/2024
00324,Customer 00324,107,Bronze,09/22/2024
00325,Customer 00325,1293,Gold,07/01/2024
00326,Customer 00326,722,Silver,07/25/2024
00327,Customer 00327,244,Bronze,06/27/2024
00328,Customer 00328,1381,Gold,03/14/2024
00329,Customer 00329,635,Silver,01/15/2024
00330,Customer 00330,750,Silver,01/09/2024
00331,Customer 00331,846,Silver,10/01/2024
00332,Customer 00332,1458,Gold,01/21/2024
00333,Customer 00333,246,Bronze,08/05/2024
00334,Customer 00334,1196,Gold,05/05/2024
00335,Customer 00335,856,Silver,05/17/2024
00336,Customer 00336,796,Silver,09/13/2024
00337,Customer 00337,565,Silver,07/13/2024
00338,Customer 00338,2,Bronze,06/04/2024
00339,Customer 00339,863,Silver,05/09/2024
00340,Customer 00340,875,Silver,02/17/2024
00341,Customer 00341,1082,Gold,06/05/2024
00342,Customer 00342,309,Bronze,08/17/2024
00343,Customer 00343,329,Bronze,03/15/2024
00344,Customer 00344,1262,Gold,08/18/2024
00345,Customer 00345,177,Bronze,08/12/2024
00346,Customer 00346,152,Bronze,01/16/2025
00347,Customer 00347,1113,Gold,11/23/2024
00348,Customer 00348,1390,Gold,12/15/2024
00349,Customer 00349,492,Bronze,05/12/2024
00350,Customer 00350,414,Bronze,04/07/2024
00351,Customer 00351,651,Silver,06/10/2024
00352,Customer 00352,1419,Gold,07/10/2024
00353,Customer 00353,713,Silver,02/25/2025
00354,Customer 00354,1131,Gold,07/17/2024
00355,Customer 00355,1387,Gold,05/21/2024
00356,Customer 00356,1427,Gold,10/19/2024
00357,Customer 00357,1017,Gold,01/11/2025
00358,Customer 00358,459,Bronze,04/02/2024
00359,Customer 00359,1076,Gold,04/28/2024
00360,Customer 00360,632,Silver,02/01/2025
00361,Customer 00361,1049,Gold,12/20/2024
00362,Customer 00362,1354,Gold,07/25/2024
00363,Customer 00363,1083,Gold,04/16/2024
00364,Customer 00364,70,Bronze,01/12/2024
00365,Customer 00365,994,Silver,02/25/2025
00366,Customer 00366,638,Silver,11/04/2024
00367,Customer 00367,1182,Gold,03/16/2024
00368,Customer 00368,493,Bronze,12/23/2024
00369,Customer 00369,28,Bronze,11/21/2024
00370,Customer 00370,521,Silver,07/27/2024
00371,Customer 00371,871,Silver,06/01/2024
00372,Customer 00372,1474,Gold,02/21/2025
00373,Customer 00373,107,Bronze,01/15/2024
00374,Customer 00374,937,Silver,02/15/2025
00375,Customer 00375,1146,Gold,07/27/2024
00376,Customer 00376,367,Bronze,12/14/2024
00377,Customer 00377,806,Silver,04/13/2024
00378,Customer 00378,50,Bronze,05/29/2024
00379,Customer 00379,974,Silver,03/31/2024
00380,Customer 00380,1073,Gold,04/24/2024
00381,Customer 00381,519,Silver,03/24/2024
00382,Customer 00382,382,Bronze,12/01/2024
00383,Customer 00383,940,Silver,10/29/2024
00384,Customer 00384,1458,Gold,01/17/2024
00385,Customer 00385,811,Silver,01/13/2024
00386,Customer 00386,969,Silver,12/31/2024
00387,Customer 00387,1096,Gold,01/27/2025
00388,Customer 00388,1368,Gold,11/21/2024
00389,Customer 00389,533,Silver,12/25/2024
00390,Customer 00390,201,Bronze,02/10/2024
00391,Customer 00391,358,Bronze,09/04/2024
00392,Customer 00392,126,Bronze,03/25/2024
00393,Customer 00393,744,Silver,06/01/2024
00394,Customer 00394,59,Bronze,04/20/2024
00395,Customer 00395,300,Bronze,09/07/2024
00396,Customer 00396,838,Silver,01/13/2024
00397,Customer 00397,926,Silver,05/30/2024
00398,Customer 00398,961,Silver,05/04/2024
00399,Customer 00399,1073,Gold,02/12/2025
00400,Customer 00400,349,Bronze,05/04/2024
00401,Customer 00401,600,Silver,12/25/2024
00402,Customer 00402,88,Bronze,08/14/2024
00403,Customer 00403,481,Bronze,07/22/2024
00404,Customer 00404,641,Silver,04/19/2024
00405,Customer 00405,343,Bronze,02/22/2024
00406,Customer 00406,487,Bronze,07/29/2024
00407,Customer 00407,431,Bronze,02/23/2025
00408,Customer 00408,7,Bronze,01/05/2025
00409,Customer 00409,1121,Gold,03/17/2024
00410,Customer 00410,1468,Gold,09/25/2024
00411,Customer 00411,546,Silver,02/24/2025
00412,Customer 00412,303,Bronze,12/05/2024
00413,Customer 00413,301,Bronze,04/27/2024
00414,Customer 00414,412,Bronze,08/17/2024
00415,Customer 00415,965,Silver,10/31/2024
00416,Customer 00416,925,Silver,10/06/2024
00417,Customer 00417,494,Bronze,08/18/2024
00418,Customer 00418,741,Silver,09/10/2024
00419,Customer 00419,899,Silver,04/07/2024
00420,Customer 00420,1290,Gold,02/17/2025
00421,Customer 00421,282,Bronze,07/07/2024
00422,Customer 00422,269,Bronze,07/10/2024
00423,Customer 00423,1298,Gold,10/01/2024
00424,Customer 00424,559,Silver,04/22/2024
00425,Customer 00425,435,Bronze,03/27/2024
00426,Customer 00426,738,Silver,10/16/2024
00427,Customer 00427,553,Silver,08/09/2024
00428,Customer 00428,289,Bronze,08/05/2024
00429,Customer 00429,258,Bronze,03/17/2024
00430,Customer 00430,454,Bronze,08/01/2024
00431,Customer 00431,525,Silver,02/04/2025
00432,Customer 00432,235,Bronze,08/01/2024
00433,Customer 00433,447,Bronze,06/18/2024
00434,Customer 00434,1441,Gold,10/28/2024
00435,Customer 00435,1075,Gold,04/17/2024
00436,Customer 00436,476,Bronze,03/03/2024
00437,Customer 00437,930,Silver,08/22/2024
00438,Customer 00438,709,Silver,02/22/2025
00439,Customer 00439,380,Bronze,02/27/2025
00440,Customer 00440,974,Silver,02/17/2025
00441,Customer 00441,359,Bronze,01/23/2024
00442,Customer 00442,607,Silver,01/31/2024
00443,Customer 00443,1385,Gold,10/09/2024
00444,Customer 00444,83,Bronze,02/11/2025
00445,Customer 00445,657,Silver,07/07/2024
00446,Customer 00446,657,Silver,12/14/2024
00447,Customer 00447,1018,Gold,05/18/2024
00448,Customer 00448,832,Silver,03/15/2024
00449,Customer 00449,260,Bronze,12/24/2024
00450,Customer 00450,64,Bronze,01/03/2024
00451,Customer 00451,865,Silver,09/12/2024
00452,Customer 00452,278,Bronze,06/15/2024
00453,Customer 00453,288,Bronze,10/15/2024
00454,Customer 00454,344,Bronze,05/15/2024
00455,Customer 00455,339,Bronze,08/20/2024
00456,Customer 00456,1360,Gold,03/10/2024
00457,Customer 00457,1410,Gold,08/26/2024
00458,Customer 00458,1013,Gold,07/27/2024
00459,Customer 00459,788,Silver,01/01/2025
00460,Customer 00460,862,Silver,11/01/2024
00461,Customer 00461,1032,Gold,01/10/2024
00462,Customer 00462,1364,Gold,10/14/2024
00463,Customer 00463,513,Silver,03/10/2024
00464,Customer 00464,1332,Gold,12/30/2024
00465,Customer 00465,972,Silver,06/10/2024
00466,Customer 00466,1171,Gold,01/09/2025
00467,Customer 00467,1439,Gold,07/13/2024
00468,Customer 00468,1158,Gold,02/03/2025
00469,Customer 00469,1181,Gold,08/14/2024
00470,Customer 00470,601,Silver,12/30/2024
00471,Customer 00471,248,Bronze,09/03/2024
00472,Customer 00472,1312,Gold,02/02/2024
00473,Customer 00473,1318,Gold,01/02/2025
00474,Customer 00474,969,Silver,01/27/2025
00475,Customer 00475,987,Silver,01/26/2025
00476,Customer 00476,754,Silver,12/18/2024
00477,Customer 00477,90,Bronze,03/28/2024
00478,Customer 00478,1248,Gold,02/10/2025
00479,Customer 00479,199,Bronze,01/23/2024
00480,Customer 00480,54,Bronze,01/13/2025
00481,Customer 00481,545,Silver,12/21/2024
00482,Customer 00482,322,Bronze,12/28/2024
00483,Customer 00483,941,Silver,05/20/2024
00484,Customer 00484,515,Silver,08/28/2024
00485,Customer 00485,1240,Gold,01/10/2024
00486,Customer 00486,1479,Gold,05/18/2024
00487,Customer 00487,1078,Gold,10/19/2024
00488,Customer 00488,1011,Gold,09/19/2024
00489,Customer 00489,1212,Gold,08/04/2024
00490,Customer 00490,1260,Gold,09/28/2024
00491,Customer 00491,1040,Gold,07/15/2024
00492,Customer 00492,118,Bronze,01/15/2025
00493,Customer 00493,861,Silver,03/19/2024
00494,Customer 00494,1326,Gold,01/19/2025
00495,Customer 00495,1423,Gold,01/16/2025
00496,Customer 00496,499,Bronze,02/08/2024
00497,Customer 00497,269,Bronze,07/19/2024
00498,Customer 00498,514,Silver,04/12/2024
00499,Customer 00499,879,Silver,01/14/2024
00500,Customer 00500,13,Bronze,02/16/2024
00501,Customer 00501,290,Bronze,11/24/2024
00502,Customer 00502,1151,Gold,07/09/2024
00503,Customer 00503,772,Silver,02/05/2024
00504,Customer 00504,1365,Gold,07/10/2024
00505,Customer 00505,97,Bronze,11/27/2024
00506,Customer 00506,124,Bronze,05/08/2024
00507,Customer 00507,728,Silver,11/21/2024
00508,Customer 00508,373,Bronze,01/21/2025
00509,Customer 00509,1114,Gold,09/14/2024
00510,Customer 00510,1470,Gold,01/04/2024
00511,Customer 00511,1163,Gold,03/06/2024
00512,Customer 00512,561,Silver,11/22/2024
00513,Customer 00513,158,Bronze,02/28/2025
00514,Customer 00514,769,Silver,01/05/2025
00515,Customer 00515,459,Bronze,05/26/2024
00516,Customer 00516,1097,Gold,02/08/2025
00517,Customer 00517,1012,Gold,03/06/2024
00518,Customer 00518,894,Silver,05/26/2024
00519,Customer 00519,453,Bronze,03/06/2024
00520,Customer 00520,302,Bronze,07/14/2024
00521,Customer 00521,571,Silver,12/13/2024
00522,Customer 00522,349,Bronze,08/20/2024
00523,Customer 00523,595,Silver,06/18/2024
00524,Customer 00524,806,Silver,08/06/2024
00525,Customer 00525,345,Bronze,02/08/2024
00526,Customer 00526,437,Bronze,04/21/2024
00527,Customer 00527,552,Silver,09/15/2024
00528,Customer 00528,624,Silver,02/08/2024
00529,Customer 00529,588,Silver,07/10/2024
00530,Customer 00530,1021,Gold,02/20/2024
00531,Customer 00531,222,Bronze,08/21/2024
00532,Customer 00532,811,Silver,06/03/2024
00533,Customer 00533,211,Bronze,01/10/2025
00534,Customer 00534,1303,Gold,01/06/2024
00535,Customer 00535,576,Silver,09/05/2024
00536,Customer 00536,1339,Gold,02/28/2025
00537,Customer 00537,637,Silver,05/07/2024
00538,Customer 00538,89,Bronze,04/02/2024
00539,Customer 00539,459,Bronze,04/19/2024
00540,Customer 00540,510,Silver,09/11/2024
00541,Customer 00541,350,Bronze,11/24/2024
00542,Customer 00542,15,Bronze,09/15/2024
00543,Customer 00543,1331,Gold,12/03/2024
00544,Customer 00544,675,Silver,06/02/2024
00545,Customer 00545,306,Bronze,03/02/2024
00546,Customer 00546,668,Silver,11/03/2024
00547,Customer 00547,1382,Gold,07/29/2024
00548,Customer 00548,1212,Gold,07/12/2024
00549,Customer 00549,830,Silver,09/25/2024
00550,Customer 00550,529,Silver,07/26/2024
00551,Customer 00551,796,Silver,05/27/2024
00552,Customer 00552,699,Silver,03/31/2024
00553,Customer 00553,145,Bronze,05/20/2024
00554,Customer 00554,370,Bronze,05/13/2024
00555,Customer 00555,197,Bronze,05/06/2024
00556,Customer 00556,1414,Gold,05/14/2024
00557,Customer 00557,1380,Gold,01/02/2024
00558,Customer 00558,1059,Gold,03/19/2024
00559,Customer 00559,1430,Gold,10/07/2024
00560,Customer 00560,749,Silver,01/23/2025
00561,Customer 00561,601,Silver,02/11/2024
00562,Customer 00562,958,Silver,01/27/2025
00563,Customer 00563,287,Bronze,11/16/2024
00564,Customer 00564,1336,Gold,05/27/2024
00565,Customer 00565,241,Bronze,06/22/2024
00566,Customer 00566,23,Bronze,02/06/2024
00567,Customer 00567,661,Silver,12/27/2024
00568,Customer 00568,1367,Gold,07/28/2024
00569,Customer 00569,1013,Gold,04/04/2024
00570,Customer 00570,1192,Gold,04/22/2024
00571,Customer 00571,1158,Gold,05/02/2024
00572,Customer 00572,904,Silver,08/17/2024
00573,Customer 00573,1035,Gold,12/15/2024
00574,Customer 00574,562,Silver,02/26/2024
00575,Customer 00575,320,Bronze,05/14/2024
00576,Customer 00576,475,Bronze,09/12/2024
00577,Customer 00577,1434,Gold,03/25/2024
00578,Customer 00578,1101,Gold,05/09/2024
00579,Customer 00579,959,Silver,01/20/2024
00580,Customer 00580,126,Bronze,08/23/2024
00581,Customer 00581,1386,Gold,11/13/2024
00582,Customer 00582,1048,Gold,03/31/2024
00583,Customer 00583,906,Silver,01/03/2025
00584,Customer 00584,488,Bronze,09/17/2024
00585,Customer 00585,481,Bronze,07/23/2024
00586,Customer 00586,197,Bronze,02/23/2025
00587,Customer 00587,78,Bronze,01/23/2025
00588,Customer 00588,760,Silver,11/02/2024
00589,Customer 00589,1345,Gold,05/08/2024
00590,Customer 00590,396,Bronze,10/02/2024
00591,Customer 00591,1295,Gold,01/22/2024
00592,Customer 00592,663,Silver,08/01/2024
00593,Customer 00593,1228,Gold,09/01/2024
00594,Customer 00594,758,Silver,06/20/2024
00595,Customer 00595,807,Silver,01/19/2025
00596,Customer 00596,1103,Gold,04/30/2024
00597,Customer 00597,1126,Gold,11/25/2024
00598,Customer 00598,1009,Gold,01/27/2024
00599,Customer 00599,371,Bronze,05/20/2024
00600,Customer 00600,546,Silver,11/01/2024
00601,Customer 00601,585,Silver,05/12/2024
00602,Customer 00602,608,Silver,01/26/2024
00603,Customer 00603,1271,Gold,08/21/2024
00604,Customer 00604,425,Bronze,02/14/2025
00605,Customer 00605,1174,Gold,11/16/2024
00606,Customer 00606,746,Silver,06/03/2024
00607,Customer 00607,596,Silver,09/15/2024
00608,Customer 00608,1431,Gold,01/23/2025
00609,Customer 00609,288,Bronze,12/14/2024
00610,Customer 00610,180,Bronze,01/29/2024
00611,Customer 00611,495,Bronze,03/12/2024
00612,Customer 00612,34,Bronze,09/01/2024
00613,Customer 00613,128,Bronze,12/05/2024
00614,Customer 00614,65,Bronze,03/10/2024
00615,Customer 00615,747,Silver,11/25/2024
00616,Customer 00616,1084,Gold,05/15/2024
00617,Customer 00617,714,Silver,03/12/2024
00618,Customer 00618,241,Bronze,07/13/2024
00619,Customer 00619,546,Silver,03/02/2024
00620,Customer 00620,1093,Gold,04/11/2024
00621,Customer 00621,1135,Gold,07/18/2024
00622,Customer 00622,1269,Gold,01/08/2025
00623,Customer 00623,1335,Gold,10/20/2024
00624,Customer 00624,450,Bronze,10/17/2024
00625,Customer 00625,1387,Gold,02/08/2024
00626,Customer 00626,1395,Gold,02/25/2024
00627,Customer 00627,1060,Gold,05/02/2024
00628,Customer 00628,79,Bronze,11/14/2024
00629,Customer 00629,550,Silver,11/08/2024
00630,Customer 00630,993,Silver,07/22/2024
00631,Customer 00631,133,Bronze,09/15/2024
00632,Customer 00632,422,Bronze,11/26/2024
00633,Customer 00633,1436,Gold,05/27/2024
00634,Customer 00634,53,Bronze,05/16/2024
00635,Customer 00635,995,Silver,08/20/2024
00636,Customer 00636,113,Bronze,01/15/2024
00637,Customer 00637,19,Bronze,12/08/2024
00638,Customer 00638,875,Silver,08/16/2024
00639,Customer 00639,1250,Gold,08/23/2024
00640,Customer 00640,271,Bronze,09/11/2024
00641,Customer 00641,186,Bronze,10/21/2024
00642,Customer 00642,238,Bronze,02/19/2024
00643,Customer 00643,1333,Gold,01/11/2024
00644,Customer 00644,131,Bronze,01/04/2025
00645,Customer 00645,993,Silver,04/12/2024
00646,Customer 00646,374,Bronze,08/01/2024
00647,Customer 00647,20,Bronze,09/16/2024
00648,Customer 00648,363,Bronze,07/08/2024
00649,Customer 00649,1483,Gold,09/13/2024
00650,Customer 00650,708,Silver,07/15/2024
00651,Customer 00651,1458,Gold,09/21/2024
00652,Customer 00652,466,Bronze,05/18/2024
00653,Customer 00653,170,Bronze,01/18/2025
00654,Customer 00654,152,Bronze,05/16/2024
00655,Customer 00655,1291,Gold,04/11/2024
00656,Customer 00656,95,Bronze,06/19/2024
00657,Customer 00657,1345,Gold,01/13/2025
00658,Customer 00658,617,Silver,05/03/2024
00659,Customer 00659,335,Bronze,04/23/2024
00660,Customer 00660,294,Bronze,07/01/2024
00661,Customer 00661,1069,Gold,05/28/2024
00662,Customer 00662,376,Bronze,04/24/2024
00663,Customer 00663,545,Silver,02/08/2025
00664,Customer 00664,1156,Gold,06/28/2024
00665,Customer 00665,747,Silver,03/23/2024
00666,Customer 00666,250,Bronze,11/02/2024
00667,Customer 00667,443,Bronze,04/22/2024
00668,Customer 00668,845,Silver,04/23/2024
00669,Customer 00669,1172,Gold,07/29/2024
00670,Customer 00670,91,Bronze,09/28/2024
00671,Customer 00671,769,Silver,02/10/2025
00672,Customer 00672,664,Silver,07/20/2024
00673,Customer 00673,1100,Gold,07/10/2024
00674,Customer 00674,820,Silver,08/31/2024
00675,Customer 00675,1273,Gold,07/20/2024
00676,Customer 00676,95,Bronze,01/29/2025
00677,Customer 00677,82,Bronze,03/22/2024
00678,Customer 00678,316,Bronze,10/07/2024
00679,Customer 00679,1280,Gold,10/28/2024
00680,Customer 00680,1322,Gold,09/18/2024
00681,Customer 00681,1237,Gold,12/24/2024
00682,Customer 00682,1394,Gold,04/20/2024
00683,Customer 00683,1152,Gold,04/10/2024
00684,Customer 00684,678,Silver,05/27/2024
00685,Customer 00685,832,Silver,10/30/2024
00686,Customer 00686,1219,Gold,12/09/2024
00687,Customer 00687,740,Silver,04/22/2024
00688,Customer 00688,902,Silver,02/01/2025
00689,Customer 00689,1177,Gold,10/28/2024
00690,Customer 00690,603,Silver,01/24/2025
00691,Customer 00691,49,Bronze,11/17/2024
00692,Customer 00692,245,Bronze,07/29/2024
00693,Customer 00693,104,Bronze,11/28/2024
00694,Customer 00694,1085,Gold,03/01/2024
00695,Customer 00695,316,Bronze,08/18/2024
00696,Customer 00696,829,Silver,09/21/2024
00697,Customer 00697,688,Silver,10/03/2024
00698,Customer 00698,564,Silver,11/03/2024
00699,Customer 00699,1209,Gold,11/11/2024
00700,Customer 00700,353,Bronze,10/20/2024
00701,Customer 00701,417,Bronze,12/11/2024
00702,Customer 00702,234,Bronze,12/31/2024
00703,Customer 00703,762,Silver,05/17/2024
00704,Customer 00704,158,Bronze,01/27/2025
00705,Customer 00705,1102,Gold,08/29/2024
00706,Customer 00706,794,Silver,08/16/2024
00707,Customer 00707,805,Silver,12/24/2024
00708,Customer 00708,151,Bronze,02/23/2024
00709,Customer 00709,518,Silver,05/10/2024
00710,Customer 00710,435,Bronze,07/17/2024
00711,Customer 00711,1357,Gold,02/12/2024
00712,Customer 00712,1260,Gold,10/01/2024
00713,Customer 00713,914,Silver,11/26/2024
00714,Customer 00714,1010,Gold,09/05/2024
00715,Customer 00715,473,Bronze,06/04/2024
00716,Customer 00716,1029,Gold,05/24/2024
00717,Customer 00717,1291,Gold,09/02/2024
00718,Customer 00718,718,Silver,10/27/2024
00719,Customer 00719,743,Silver,03/20/2024
00720,Customer 00720,752,Silver,01/15/2024
00721,Customer 00721,609,Silver,08/26/2024
00722,Customer 00722,650,Silver,07/17/2024
00723,Customer 00723,248,Bronze,04/11/2024
00724,Customer 00724,1115,Gold,02/09/2025
00725,Customer 00725,811,Silver,01/29/2025
00726,Customer 00726,394,Bronze,07/07/2024
00727,Customer 00727,57,Bronze,09/01/2024
00728,Customer 00728,1477,Gold,01/23/2025
00729,Customer 00729,339,Bronze,01/14/2025
00730,Customer 00730,723,Silver,11/02/2024
00731,Customer 00731,689,Silver,01/11/2025
00732,Customer 00732,940,Silver,05/06/2024
00733,Customer 00733,883,Silver,02/17/2025
00734,Customer 00734,282,Bronze,12/29/2024
00735,Customer 00735,161,Bronze,01/10/2025
00736,Customer 00736,804,Silver,11/11/2024
00737,Customer 00737,913,Silver,01/23/2025
00738,Customer 00738,1017,Gold,02/20/2025
00739,Customer 00739,762,Silver,01/11/2025
00740,Customer 00740,662,Silver,07/22/2024
00741,Customer 00741,178,Bronze,04/25/2024
00742,Customer 00742,1275,Gold,05/14/2024
00743,Customer 00743,905,Silver,10/25/2024
00744,Customer 00744,55,Bronze,08/12/2024
00745,Customer 00745,364,Bronze,10/08/2024
00746,Customer 00746,503,Silver,05/29/2024
00747,Customer 00747,382,Bronze,05/14/2024
00748,Customer 00748,405,Bronze,07/02/2024
00749,Customer 00749,1293,Gold,08/30/2024
00750,Customer 00750,71,Bronze,09/28/2024
00751,Customer 00751,510,Silver,03/04/2024
00752,Customer 00752,187,Bronze,01/22/2025
00753,Customer 00753,1187,Gold,08/11/2024
00754,Customer 00754,1134,Gold,09/12/2024
00755,Customer 00755,1465,Gold,10/08/2024
00756,Customer 00756,1213,Gold,09/06/2024
00757,Customer 00757,1419,Gold,06/26/2024
00758,Customer 00758,430,Bronze,01/27/2025
00759,Customer 00759,99,Bronze,02/04/2024
00760,Customer 00760,668,Silver,07/02/2024
00761,Customer 00761,402,Bronze,05/13/2024
00762,Customer 00762,1042,Gold,09/18/2024
00763,Customer 00763,953,Silver,11/28/2024
00764,Customer 00764,69,Bronze,07/19/2024
00765,Customer 00765,664,Silver,09/29/2024
00766,Customer 00766,433,Bronze,11/04/2024
00767,Customer 00767,1021,Gold,07/21/2024
00768,Customer 00768,934,Silver,03/17/2024
00769,Customer 00769,627,Silver,07/26/2024
00770,Customer 00770,946,Silver,01/13/2025
00771,Customer 00771,1161,Gold,12/03/2024
00772,Customer 00772,43,Bronze,10/16/2024
00773,Customer 00773,1258,Gold,11/23/2024
00774,Customer 00774,1058,Gold,09/08/2024
00775,Customer 00775,136,Bronze,12/18/2024
00776,Customer 00776,204,Bronze,02/11/2024
00777,Customer 00777,409,Bronze,05/06/2024
00778,Customer 00778,1381,Gold,01/26/2025
00779,Customer 00779,1488,Gold,01/09/2025
00780,Customer 00780,1418,Gold,01/31/2024
00781,Customer 00781,308,Bronze,03/03/2024
00782,Customer 00782,1480,Gold,02/03/2025
00783,Customer 00783,676,Silver,07/19/2024
00784,Customer 00784,884,Silver,10/06/2024
00785,Customer 00785,292,Bronze,12/20/2024
00786,Customer 00786,795,Silver,03/12/2024
00787,Customer 00787,115,Bronze,10/20/2024
00788,Customer 00788,118,Bronze,11/09/2024
00789,Customer 00789,1402,Gold,09/08/2024
00790,Customer 00790,1411,Gold,04/04/2024
00791,Customer 00791,184,Bronze,08/29/2024
00792,Customer 00792,709,Silver,05/24/2024
00793,Customer 00793,1262,Gold,06/29/2024
00794,Customer 00794,142,Bronze,01/02/2025
00795,Customer 00795,805,Silver,10/21/2024
00796,Customer 00796,255,Bronze,04/23/2024
00797,Customer 00797,405,Bronze,03/26/2024
00798,Customer 00798,117,Bronze,03/09/2024
00799,Customer 00799,335,Bronze,01/11/2025
00800,Customer 00800,763,Silver,04/27/2024
00801,Customer 00801,1228,Gold,03/13/2024
00802,Customer 00802,560,Silver,01/12/2025
00803,Customer 00803,1214,Gold,10/01/2024
00804,Customer 00804,520,Silver,10/10/2024
00805,Customer 00805,1189,Gold,08/04/2024
00806,Customer 00806,177,Bronze,01/07/2025
00807,Customer 00807,1086,Gold,08/30/2024
00808,Customer 00808,1258,Gold,09/13/2024
00809,Customer 00809,670,Silver,02/14/2024
00810,Customer 00810,1171,Gold,02/04/2024
00811,Customer 00811,623,Silver,12/12/2024
00812,Customer 00812,1011,Gold,04/26/2024
00813,Customer 00813,1377,Gold,02/15/2024
00814,Customer 00814,1464,Gold,02/28/2025
00815,Customer 00815,965,Silver,01/25/2025
00816,Customer 00816,309,Bronze,02/05/2024
00817,Customer 00817,303,Bronze,04/16/2024
00818,Customer 00818,568,Silver,01/13/2024
00819,Customer 00819,872,Silver,04/24/2024
00820,Customer 00820,1046,Gold,02/04/2024
00821,Customer 00821,805,Silver,10/27/2024
00822,Customer 00822,1132,Gold,12/07/2024
00823,Customer 00823,932,Silver,05/09/2024
00824,Customer 00824,806,Silver,07/14/2024
00825,Customer 00825,613,Silver,04/07/2024
00826,Customer 00826,547,Silver,07/12/2024
00827,Customer 00827,231,Bronze,05/09/2024
00828,Customer 00828,736,Silver,02/08/2025
00829,Customer 00829,914,Silver,07/21/2024
00830,Customer 00830,681,Silver,04/20/2024
00831,Customer 00831,1174,Gold,12/27/2024
00832,Customer 00832,919,Silver,08/09/2024
00833,Customer 00833,587,Silver,12/20/2024
00834,Customer 00834,1468,Gold,03/16/2024
00835,Customer 00835,478,Bronze,10/18/2024
00836,Customer 00836,278,Bronze,10/05/2024
00837,Customer 00837,637,Silver,02/12/2024
00838,Customer 00838,660,Silver,02/21/2025
00839,Customer 00839,519,Silver,03/01/2024
00840,Customer 00840,1402,Gold,03/15/2024
00841,Customer 00841,1297,Gold,10/23/2024
00842,Customer 00842,1147,Gold,01/19/2024
00843,Customer 00843,629,Silver,04/08/2024
00844,Customer 00844,1386,Gold,02/20/2025
00845,Customer 00845,1284,Gold,01/10/2024
00846,Customer 00846,842,Silver,01/31/2025
00847,Customer 00847,524,Silver,09/27/2024
00848,Customer 00848,82,Bronze,11/23/2024
00849,Customer 00849,324,Bronze,01/06/2024
00850,Customer 00850,120,Bronze,12/04/2024
00851,Customer 00851,45,Bronze,01/11/2024
00852,Customer 00852,1093,Gold,07/22/2024
00853,Customer 00853,155,Bronze,09/29/2024
00854,Customer 00854,291,Bronze,12/08/2024
00855,Customer 00855,1154,Gold,02/28/2025
00856,Customer 00856,484,Bronze,05/25/2024
00857,Customer 00857,806,Silver,01/07/2025
00858,Customer 00858,708,Silver,04/20/2024
00859,Customer 00859,331,Bronze,11/28/2024
00860,Customer 00860,1212,Gold,02/18/2025
00861,Customer 00861,85,Bronze,11/12/2024
00862,Customer 00862,541,Silver,06/21/2024
00863,Customer 00863,113,Bronze,01/25/2024
00864,Customer 00864,404,Bronze,01/24/2025
00865,Customer 00865,466,Bronze,10/31/2024
00866,Customer 00866,9,Bronze,10/19/2024
00867,Customer 00867,1427,Gold,11/17/2024
00868,Customer 00868,1284,Gold,10/23/2024
00869,Customer 00869,1017,Gold,10/04/2024
00870,Customer 00870,640,Silver,09/20/2024
00871,Customer 00871,1213,Gold,01/09/2025
00872,Customer 00872,1117,Gold,07/05/2024
00873,Customer 00873,974,Silver,01/09/2025
00874,Customer 00874,1087,Gold,12/08/2024
00875,Customer 00875,560,Silver,05/21/2024
00876,Customer 00876,1386,Gold,02/08/2024
00877,Customer 00877,1439,Gold,05/02/2024
00878,Customer 00878,118,Bronze,06/29/2024
00879,Customer 00879,274,Bronze,05/04/2024
00880,Customer 00880,754,Silver,10/28/2024
00881,Customer 00881,1123,Gold,11/13/2024
00882,Customer 00882,293,Bronze,01/15/2024
00883,Customer 00883,483,Bronze,07/06/2024
00884,Customer 00884,824,Silver,04/24/2024
00885,Customer 00885,283,Bronze,02/09/2024
00886,Customer 00886,571,Silver,01/24/2024
00887,Customer 00887,1111,Gold,08/07/2024
00888,Customer 00888,165,Bronze,02/05/2024
00889,Customer 00889,1212,Gold,12/27/2024
00890,Customer 00890,690,Silver,05/27/2024
00891,Customer 00891,1244,Gold,12/12/2024
00892,Customer 00892,1189,Gold,03/29/2024
00893,Customer 00893,897,Silver,01/21/2025
00894,Customer 00894,1051,Gold,10/29/2024
00895,Customer 00895,1107,Gold,01/15/2025
00896,Customer 00896,249,Bronze,08/16/2024
00897,Customer 00897,805,Silver,09/22/2024
00898,Customer 00898,235,Bronze,06/24/2024
00899,Customer 00899,1288,Gold,07/30/2024
00900,Customer 00900,293,Bronze,02/21/2025
00901,Customer 00901,1301,Gold,07/10/2024
00902,Customer 00902,873,Silver,08/10/2024
00903,Customer 00903,1293,Gold,04/17/2024
00904,Customer 00904,1433,Gold,11/29/2024
00905,Customer 00905,838,Silver,08/24/2024
00906,Customer 00906,1221,Gold,03/04/2024
00907,Customer 00907,676,Silver,11/14/2024
00908,Customer 00908,459,Bronze,07/09/2024
00909,Customer 00909,835,Silver,01/07/2025
00910,Customer 00910,610,Silver,12/17/2024
00911,Customer 00911,1202,Gold,11/06/2024
00912,Customer 00912,856,Silver,05/31/2024
00913,Customer 00913,518,Silver,05/01/2024
00914,Customer 00914,559,Silver,01/14/2024
00915,Customer 00915,885,Silver,02/22/2024
00916,Customer 00916,301,Bronze,05/04/2024
00917,Customer 00917,1449,Gold,11/23/2024
00918,Customer 00918,1232,Gold,02/07/2024
00919,Customer 00919,438,Bronze,05/10/2024
00920,Customer 00920,752,Silver,04/07/2024
00921,Customer 00921,1412,Gold,07/11/2024
00922,Customer 00922,465,Bronze,12/30/2024
00923,Customer 00923,540,Silver,02/12/2024
00924,Customer 00924,159,Bronze,01/18/2024
00925,Customer 00925,502,Silver,01/08/2024
00926,Customer 00926,594,Silver,10/05/2024
00927,Customer 00927,1116,Gold,05/08/2024
00928,Customer 00928,1185,Gold,03/29/2024
00929,Customer 00929,1288,Gold,09/26/2024
00930,Customer 00930,751,Silver,11/10/2024
00931,Customer 00931,894,Silver,02/18/2025
00932,Customer 00932,1495,Gold,07/03/2024
00933,Customer 00933,285,Bronze,02/15/2024
00934,Customer 00934,455,Bronze,02/01/2024
00935,Customer 00935,853,Silver,12/02/2024
00936,Customer 00936,882,Silver,11/19/2024
00937,Customer 00937,810,Silver,02/26/2024
00938,Customer 00938,867,Silver,01/26/2024
00939,Customer 00939,357,Bronze,05/28/2024
00940,Customer 00940,390,Bronze,05/12/2024
00941,Customer 00941,658,Silver,08/28/2024
00942,Customer 00942,949,Silver,12/22/2024
00943,Customer 00943,1364,Gold,03/26/2024
00944,Customer 00944,765,Silver,01/12/2025
00945,Customer 00945,1256,Gold,11/18/2024
00946,Customer 00946,1321,Gold,03/20/2024
00947,Customer 00947,399,Bronze,12/27/2024
00948,Customer 00948,363,Bronze,12/13/2024
00949,Customer 00949,1455,Gold,10/18/2024
00950,Customer 00950,1177,Gold,07/25/2024
00951,Customer 00951,840,Silver,11/06/2024
00952,Customer 00952,1336,Gold,06/21/2024
00953,Customer 00953,1163,Gold,05/01/2024
00954,Customer 00954,102,Bronze,03/10/2024
00955,Customer 00955,606,Silver,10/13/2024
00956,Customer 00956,870,Silver,11/29/2024
00957,Customer 00957,770,Silver,07/13/2024
00958,Customer 00958,945,Silver,05/11/2024
00959,Customer 00959,1491,Gold,02/11/2024
00960,Customer 00960,671,Silver,04/27/2024
00961,Customer 00961,145,Bronze,01/03/2024
00962,Customer 00962,401,Bronze,04/18/2024
00963,Customer 00963,1486,Gold,08/09/2024
00964,Customer 00964,383,Bronze,03/31/2024
00965,Customer 00965,1343,Gold,09/08/2024
00966,Customer 00966,863,Silver,06/30/2024
00967,Customer 00967,749,Silver,12/25/2024
00968,Customer 00968,603,Silver,09/01/2024
00969,Customer 00969,1441,Gold,12/21/2024
00970,Customer 00970,425,Bronze,01/20/2025
00971,Customer 00971,834,Silver,04/04/2024
00972,Customer 00972,1085,Gold,08/06/2024
00973,Customer 00973,997,Silver,06/17/2024
00974,Customer 00974,957,Silver,08/26/2024
00975,Customer 00975,790,Silver,01/11/2025
00976,Customer 00976,1322,Gold,11/02/2024
00977,Customer 00977,1310,Gold,09/16/2024
00978,Customer 00978,973,Silver,01/31/2025
00979,Customer 00979,1033,Gold,09/15/2024
00980,Customer 00980,452,Bronze,05/22/2024
00981,Customer 00981,737,Silver,12/17/2024
00982,Customer 00982,896,Silver,08/22/2024
00983,Customer 00983,749,Silver,05/12/2024
00984,Customer 00984,243,Bronze,08/15/2024
00985,Customer 00985,616,Silver,09/22/2024
00986,Customer 00986,1384,Gold,04/02/2024
00987,Customer 00987,701,Silver,09/08/2024
00988,Customer 00988,722,Silver,01/24/2025
00989,Customer 00989,24,Bronze,08/04/2024
00990,Customer 00990,346,Bronze,01/21/2025
00991,Customer 00991,391,Bronze,06/14/2024
00992,Customer 00992,588,Silver,07/21/2024
00993,Customer 00993,1207,Gold,05/06/2024
00994,Customer 00994,1024,Gold,09/26/2024
00995,Customer 00995,1387,Gold,04/04/2024
00996,Customer 00996,796,Silver,05/10/2024
00997,Customer 00997,2,Bronze,06/28/2024
00998,Customer 00998,884,Silver,12/08/2024
00999,Customer 00999,355,Bronze,01/13/2025
01000,Customer 01000,584,Silver,09/18/2024
01001,Customer 01001,888,Silver,07/18/2024
01002,Customer 01002,104,Bronze,11/10/2024
01003,Customer 01003,425,Bronze,11/16/2024
01004,Customer 01004,537,Silver,03/24/2024
01005,Customer 01005,1297,Gold,11/05/2024
01006,Customer 01006,849,Silver,04/13/2024
01007,Customer 01007,742,Silver,05/15/2024
01008,Customer 01008,773,Silver,09/11/2024
01009,Customer 01009,124,Bronze,04/23/2024
01010,Customer 01010,527,Silver,08/14/2024
01011,Customer 01011,1460,Gold,09/03/2024
01012,Customer 01012,1117,Gold,04/10/2024
01013,Customer 01013,48,Bronze,02/18/2025
01014,Customer 01014,611,Silver,06/04/2024
01015,Customer 01015,828,Silver,01/22/2025
01016,Customer 01016,471,Bronze,12/05/2024
01017,Customer 01017,271,Bronze,08/11/2024
01018,Customer 01018,1279,Gold,04/09/2024
01019,Customer 01019,376,Bronze,09/13/2024
01020,Customer 01020,1324,Gold,10/05/2024
01021,Customer 01021,1478,Gold,06/16/2024
01022,Customer 01022,393,Bronze,05/27/2024
01023,Customer 01023,960,Silver,11/13/2024
01024,Customer 01024,1498,Gold,05/22/2024
01025,Customer 01025,1063,Gold,08/03/2024
01026,Customer 01026,1146,Gold,02/07/2024
01027,Customer 01027,938,Silver,12/24/2024
01028,Customer 01028,1133,Gold,01/04/2024
01029,Customer 01029,249,Bronze,04/10/2024
01030,Customer 01030,871,Silver,02/21/2025
01031,Customer 01031,332,Bronze,04/15/2024
01032,Customer 01032,1065,Gold,06/09/2024
01033,Customer 01033,1026,Gold,08/12/2024
01034,Customer 01034,684,Silver,02/19/2024
01035,Customer 01035,1137,Gold,03/15/2024
01036,Customer 01036,482,Bronze,07/06/2024
01037,Customer 01037,403,Bronze,12/10/2024
01038,Customer 01038,651,Silver,03/24/2024
01039,Customer 01039,920,Silver,03/29/2024
01040,Customer 01040,1081,Gold,03/21/2024
01041,Customer 01041,761,Silver,01/25/2024
01042,Customer 01042,1299,Gold,03/19/2024
01043,Customer 01043,1025,Gold,09/15/2024
01044,Customer 01044,305,Bronze,10/24/2024
01045,Customer 01045,81,Bronze,09/27/2024
01046,Customer 01046,409,Bronze,10/21/2024
01047,Customer 01047,840,Silver,11/04/2024
01048,Customer 01048,1163,Gold,06/15/2024
01049,Customer 01049,733,Silver,06/30/2024
01050,Customer 01050,1428,Gold,09/15/2024
01051,Customer 01051,727,Silver,12/27/2024
01052,Customer 01052,1022,Gold,08/03/2024
01053,Customer 01053,701,Silver,07/05/2024
01054,Customer 01054,62,Bronze,01/26/2025
01055,Customer 01055,1099,Gold,02/15/2025
01056,Customer 01056,981,Silver,10/04/2024
01057,Customer 01057,1196,Gold,09/16/2024
01058,Customer 01058,1112,Gold,07/24/2024
01059,Customer 01059,168,Bronze,07/21/2024
01060,Customer 01060,1031,Gold,02/19/2025
01061,Customer 01061,726,Silver,09/16/2024
01062,Customer 01062,116,Bronze,11/27/2024
01063,Customer 01063,821,Silver,08/19/2024
01064,Customer 01064,799,Silver,06/17/2024
01065,Customer 01065,873,Silver,07/20/2024
01066,Customer 01066,598,Silver,12/02/2024
01067,Customer 01067,1420,Gold,01/30/2024
01068,Customer 01068,410,Bronze,12/20/2024
01069,Customer 01069,186,Bronze,01/29/2025
01070,Customer 01070,505,Silver,09/21/2024
01071,Customer 01071,596,Silver,11/23/2024
01072,Customer 01072,78,Bronze,02/18/2025
01073,Customer 01073,1107,Gold,12/24/2024
01074,Customer 01074,462,Bronze,03/02/2024
01075,Customer 01075,220,Bronze,05/12/2024
01076,Customer 01076,517,Silver,08/05/2024
01077,Customer 01077,833,Silver,12/23/2024
01078,Customer 01078,553,Silver,09/23/2024
01079,Customer 01079,153,Bronze,05/31/2024
01080,Customer 01080,445,Bronze,01/22/2025
01081,Customer 01081,262,Bronze,06/23/2024
01082,Customer 01082,543,Silver,02/28/2025
01083,Customer 01083,202,Bronze,11/24/2024
01084,Customer 01084,732,Silver,07/11/2024
01085,Customer 01085,122,Bronze,08/28/2024
01086,Customer 01086,946,Silver,10/17/2024
01087,Customer 01087,211,Bronze,02/12/2024
01088,Customer 01088,67,Bronze,12/15/2024
01089,Customer 01089,995,Silver,01/10/2025
01090,Customer 01090,436,Bronze,03/08/2024
01091,Customer 01091,493,Bronze,04/17/2024
01092,Customer 01092,1365,Gold,11/24/2024
01093,Customer 01093,1298,Gold,11/19/2024
01094,Customer 01094,14,Bronze,05/04/2024
01095,Customer 01095,155,Bronze,04/27/2024
01096,Customer 01096,80,Bronze,07/04/2024
01097,Customer 01097,1161,Gold,03/06/2024
01098,Customer 01098,435,Bronze,10/24/2024
01099,Customer 01099,976,Silver,07/11/2024
01100,Customer 01100,728,Silver,03/21/2024
01101,Customer 01101,929,Silver,08/08/2024
01102,Customer 01102,1300,Gold,05/23/2024
01103,Customer 01103,1384,Gold,04/22/2024
01104,Customer 01104,339,Bronze,06/29/2024
01105,Customer 01105,1166,Gold,11/21/2024
01106,Customer 01106,598,Silver,08/11/2024
01107,Customer 01107,1470,Gold,10/06/2024
01108,Customer 01108,1479,Gold,11/20/2024
01109,Customer 01109,315,Bronze,01/26/2024
01110,Customer 01110,399,Bronze,04/07/2024
01111,Customer 01111,135,Bronze,12/28/2024
01112,Customer 01112,330,Bronze,06/26/2024
01113,Customer 01113,1047,Gold,02/04/2025
01114,Customer 01114,300,Bronze,10/16/2024
01115,Customer 01115,394,Bronze,08/29/2024
01116,Customer 01116,991,Silver,01/26/2024
01117,Customer 01117,436,Bronze,02/13/2025
01118,Customer 01118,1380,Gold,05/10/2024
01119,Customer 01119,565,Silver,01/05/2024
01120,Customer 01120,650,Silver,01/26/2025
01121,Customer 01121,953,Silver,05/22/2024
01122,Customer 01122,1084,Gold,01/28/2025
01123,Customer 01123,680,Silver,11/20/2024
01124,Customer 01124,1085,Gold,10/02/2024
01125,Customer 01125,425,Bronze,01/19/2025
01126,Customer 01126,1120,Gold,01/26/2024
01127,Customer 01127,1108,Gold,05/19/2024
01128,Customer 01128,226,Bronze,06/22/2024
01129,Customer 01129,613,Silver,02/05/2024
01130,Customer 01130,951,Silver,12/19/2024
01131,Customer 01131,331,Bronze,04/05/2024
01132,Customer 01132,571,Silver,10/10/2024
01133,Customer 01133,1205,Gold,06/10/2024
01134,Customer 01134,903,Silver,08/12/2024
01135,Customer 01135,797,Silver,07/25/2024
01136,Customer 01136,1445,Gold,05/23/2024
01137,Customer 01137,815,Silver,04/14/2024
01138,Customer 01138,153,Bronze,07/02/2024
01139,Customer 01139,1478,Gold,01/01/2024
01140,Customer 01140,50,Bronze,05/20/2024
01141,Customer 01141,1382,Gold,07/29/2024
01142,Customer 01142,1123,Gold,01/07/2024
01143,Customer 01143,998,Silver,09/13/2024
01144,Customer 01144,1343,Gold,04/23/2024
01145,Customer 01145,1056,Gold,01/13/2025
01146,Customer 01146,960,Silver,03/07/2024
01147,Customer 01147,363,Bronze,07/22/2024
01148,Customer 01148,1113,Gold,12/30/2024
01149,Customer 01149,812,Silver,08/27/2024
01150,Customer 01150,1219,Gold,05/25/2024
01151,Customer 01151,571,Silver,12/05/2024
01152,Customer 01152,252,Bronze,04/27/2024
01153,Customer 01153,1431,Gold,02/22/2024
01154,Customer 01154,977,Silver,10/21/2024
01155,Customer 01155,1265,Gold,01/13/2025
01156,Customer 01156,722,Silver,01/19/2025
01157,Customer 01157,798,Silver,08/17/2024
01158,Customer 01158,1132,Gold,01/29/2025
01159,Customer 01159,535,Silver,02/24/2025
01160,Customer 01160,216,Bronze,06/09/2024
01161,Customer 01161,1066,Gold,08/11/2024
01162,Customer 01162,1470,Gold,03/24/2024
01163,Customer 01163,373,Bronze,08/15/2024
01164,Customer 01164,852,Silver,01/26/2025
01165,Customer 01165,1159,Gold,12/28/2024
01166,Customer 01166,1353,Gold,02/10/2024
01167,Customer 01167,554,Silver,08/27/2024
01168,Customer 01168,619,Silver,08/27/2024
01169,Customer 01169,1281,Gold,09/26/2024
01170,Customer 01170,703,Silver,06/11/2024
01171,Customer 01171,915,Silver,08/18/2024
01172,Customer 01172,1028,Gold,02/02/2024
01173,Customer 01173,226,Bronze,10/17/2024
01174,Customer 01174,1296,Gold,01/12/2025
01175,Customer 01175,627,Silver,02/14/2024
01176,Customer 01176,618,Silver,12/07/2024
01177,Customer 01177,291,Bronze,07/22/2024
01178,Customer 01178,914,Silver,04/24/2024
01179,Customer 01179,376,Bronze,10/29/2024
01180,Customer 01180,288,Bronze,05/23/2024
01181,Customer 01181,841,Silver,12/08/2024
01182,Customer 01182,1122,Gold,03/04/2024
01183,Customer 01183,1297,Gold,02/13/2025
01184,Customer 01184,937,Silver,10/25/2024
01185,Customer 01185,1075,Gold,03/20/2024
01186,Customer 01186,1094,Gold,11/09/2024
01187,Customer 01187,258,Bronze,01/05/2024
01188,Customer 01188,374,Bronze,09/16/2024
01189,Customer 01189,739,Silver,11/02/2024
01190,Customer 01190,1455,Gold,01/19/2025
01191,Customer 01191,220,Bronze,03/27/2024
01192,Customer 01192,391,Bronze,03/28/2024
01193,Customer 01193,1493,Gold,12/27/2024
01194,Customer 01194,1271,Gold,02/02/2024
01195,Customer 01195,284,Bronze,04/05/2024
01196,Customer 01196,637,Silver,02/02/2024
01197,Customer 01197,163,Bronze,03/29/2024
01198,Customer 01198,1409,Gold,05/08/2024
01199,Customer 01199,1054,Gold,05/25/2024
01200,Customer 01200,1322,Gold,12/29/2024
01201,Customer 01201,1114,Gold,03/11/2024
01202,Customer 01202,1419,Gold,01/21/2025
01203,Customer 01203,1201,Gold,09/17/2024
01204,Customer 01204,284,Bronze,08/09/2024
01205,Customer 01205,768,Silver,01/13/2025
01206,Customer 01206,328,Bronze,09/19/2024
01207,Customer 01207,1046,Gold,09/24/2024
01208,Customer 01208,1423,Gold,03/13/2024
01209,Customer 01209,431,Bronze,02/12/2025
01210,Customer 01210,1330,Gold,02/22/2024
01211,Customer 01211,74,Bronze,08/18/2024
01212,Customer 01212,505,Silver,05/13/2024
01213,Customer 01213,856,Silver,09/26/2024
01214,Customer 01214,127,Bronze,07/31/2024
01215,Customer 01215,1124,Gold,08/07/2024
01216,Customer 01216,1402,Gold,09/28/2024
01217,Customer 01217,85,Bronze,07/10/2024
01218,Customer 01218,707,Silver,01/28/2025
01219,Customer 01219,732,Silver,11/14/2024
01220,Customer 01220,658,Silver,09/18/2024
01221,Customer 01221,1022,Gold,08/27/2024
01222,Customer 01222,982,Silver,03/22/2024
01223,Customer 01223,98,Bronze,07/30/2024
01224,Customer 01224,503,Silver,10/07/2024
01225,Customer 01225,930,Silver,05/13/2024
01226,Customer 01226,33,Bronze,10/04/2024
01227,Customer 01227,790,Silver,06/26/2024
01228,Customer 01228,693,Silver,12/22/2024
01229,Customer 01229,243,Bronze,07/10/2024
01230,Customer 01230,111,Bronze,05/06/2024
01231,Customer 01231,451,Bronze,08/03/2024
01232,Customer 01232,671,Silver,10/06/2024
01233,Customer 01233,634,Silver,02/05/2024
01234,Customer 01234,94,Bronze,01/29/2024
01235,Customer 01235,902,Silver,02/17/2024
01236,Customer 01236,1473,Gold,11/27/2024
01237,Customer 01237,714,Silver,09/05/2024
01238,Customer 01238,1092,Gold,10/20/2024
01239,Customer 01239,1088,Gold,04/28/2024
01240,Customer 01240,1364,Gold,01/23/2025
01241,Customer 01241,642,Silver,08/16/2024
01242,Customer 01242,1161,Gold,01/25/2024
01243,Customer 01243,13,Bronze,10/12/2024
01244,Customer 01244,642,Silver,05/29/2024
01245,Customer 01245,731,Silver,01/12/2025
01246,Customer 01246,192,Bronze,02/08/2024
01247,Customer 01247,458,Bronze,08/27/2024
01248,Customer 01248,571,Silver,12/10/2024
01249,Customer 01249,1153,Gold,10/31/2024
01250,Customer 01250,281,Bronze,02/06/2025
01251,Customer 01251,1164,Gold,12/05/2024
01252,Customer 01252,104,Bronze,03/20/2024
01253,Customer 01253,125,Bronze,12/02/2024
01254,Customer 01254,794,Silver,06/26/2024
01255,Customer 01255,1140,Gold,04/05/2024
01256,Customer 01256,135,Bronze,03/08/2024
01257,Customer 01257,678,Silver,02/07/2024
01258,Customer 01258,1373,Gold,05/21/2024
01259,Customer 01259,9,Bronze,02/08/2025
01260,Customer 01260,1327,Gold,09/26/2024
01261,Customer 01261,739,Silver,10/22/2024
01262,Customer 01262,1461,Gold,07/23/2024
01263,Customer 01263,946,Silver,12/03/2024
01264,Customer 01264,1291,Gold,11/22/2024
01265,Customer 01265,297,Bronze,03/26/2024
01266,Customer 01266,1493,Gold,03/25/2024
01267,Customer 01267,300,Bronze,01/11/2024
01268,Customer 01268,1366,Gold,06/03/2024
01269,Customer 01269,1316,Gold,06/30/2024
01270,Customer 01270,436,Bronze,05/28/2024
01271,Customer 01271,107,Bronze,03/09/2024
01272,Customer 01272,486,Bronze,05/08/2024
01273,Customer 01273,345,Bronze,10/23/2024
01274,Customer 01274,1496,Gold,02/02/2024
01275,Customer 01275,746,Silver,03/24/2024
01276,Customer 01276,629,Silver,07/23/2024
01277,Customer 01277,980,Silver,02/21/2025
01278,Customer 01278,317,Bronze,03/16/2024
01279,Customer 01279,1390,Gold,06/16/2024
01280,Customer 01280,1282,Gold,10/03/2024
01281,Customer 01281,356,Bronze,02/08/2024
01282,Customer 01282,1247,Gold,01/27/2024
01283,Customer 01283,5,Bronze,10/22/2024
01284,Customer 01284,831,Silver,01/29/2025
01285,Customer 01285,945,Silver,10/18/2024
01286,Customer 01286,385,Bronze,03/01/2024
01287,Customer 01287,1291,Gold,08/14/2024
01288,Customer 01288,958,Silver,01/28/2024
01289,Customer 01289,1146,Gold,02/17/2024
01290,Customer 01290,316,Bronze,09/04/2024
01291,Customer 01291,717,Silver,03/29/2024
01292,Customer 01292,43,Bronze,04/16/2024
01293,Customer 01293,1007,Gold,01/27/2025
01294,Customer 01294,1402,Gold,03/15/2024
01295,Customer 01295,869,Silver,11/26/2024
01296,Customer 01296,57,Bronze,02/12/2025
01297,Customer 01297,739,Silver,04/03/2024
01298,Customer 01298,131,Bronze,08/05/2024
01299,Customer 01299,322,Bronze,04/28/2024
01300,Customer 01300,948,Silver,12/08/2024
01301,Customer 01301,1224,Gold,07/21/2024
01302,Customer 01302,31,Bronze,09/28/2024
01303,Customer 01303,1286,Gold,02/12/2025
01304,Customer 01304,786,Silver,05/02/2024
01305,Customer 01305,665,Silver,07/07/2024
01306,Customer 01306,791,Silver,11/12/2024
01307,Customer 01307,317,Bronze,04/25/2024
01308,Customer 01308,1365,Gold,02/08/2025
01309,Customer 01309,1220,Gold,11/25/2024
01310,Customer 01310,46,Bronze,01/05/2024
01311,Customer 01311,30,Bronze,01/14/2025
01312,Customer 01312,335,Bronze,08/18/2024
01313,Customer 01313,855,Silver,11/29/2024
01314,Customer 01314,1058,Gold,10/19/2024
01315,Customer 01315,260,Bronze,04/01/2024
01316,Customer 01316,814,Silver,05/17/2024
01317,Customer 01317,1461,Gold,01/22/2024
01318,Customer 01318,565,Silver,01/26/2025
01319,Customer 01319,998,Silver,12/22/2024
01320,Customer 01320,130,Bronze,12/29/2024
01321,Customer 01321,189,Bronze,08/06/2024
01322,Customer 01322,505,Silver,05/01/2024
01323,Customer 01323,1147,Gold,04/28/2024
01324,Customer 01324,1333,Gold,05/07/2024
01325,Customer 01325,1303,Gold,03/24/2024
01326,Customer 01326,302,Bronze,01/21/2025
01327,Customer 01327,152,Bronze,02/05/2025
01328,Customer 01328,82,Bronze,09/05/2024
01329,Customer 01329,190,Bronze,10/07/2024
01330,Customer 01330,688,Silver,10/29/2024
01331,Customer 01331,448,Bronze,11/21/2024
01332,Customer 01332,920,Silver,07/03/2024
01333,Customer 01333,697,Silver,03/14/2024
01334,Customer 01334,1122,Gold,04/27/2024
01335,Customer 01335,206,Bronze,02/22/2024
01336,Customer 01336,287,Bronze,06/04/2024
01337,Customer 01337,549,Silver,04/12/2024
01338,Customer 01338,1116,Gold,05/29/2024
01339,Customer 01339,108,Bronze,06/01/2024
01340,Customer 01340,1287,Gold,05/06/2024
01341,Customer 01341,874,Silver,01/12/2024
01342,Customer 01342,284,Bronze,03/12/2024
01343,Customer 01343,699,Silver,03/28/2024
01344,Customer 01344,966,Silver,03/26/2024
01345,Customer 01345,880,Silver,07/18/2024
01346,Customer 01346,732,Silver,04/12/2024
01347,Customer 01347,719,Silver,06/04/2024
01348,Customer 01348,738,Silver,02/17/2024
01349,Customer 01349,1010,Gold,09/12/2024
01350,Customer 01350,391,Bronze,09/22/2024
01351,Customer 01351,1055,Gold,01/29/2024
01352,Customer 01352,779,Silver,12/14/2024
01353,Customer 01353,932,Silver,05/30/2024
01354,Customer 01354,444,Bronze,01/01/2024
01355,Customer 01355,262,Bronze,10/12/2024
01356,Customer 01356,1373,Gold,07/07/2024
01357,Customer 01357,1187,Gold,09/18/2024
01358,Customer 01358,1374,Gold,02/23/2025
01359,Customer 01359,952,Silver,06/07/2024
01360,Customer 01360,1207,Gold,03/23/2024
01361,Customer 01361,150,Bronze,06/27/2024
01362,Customer 01362,281,Bronze,01/01/2024
01363,Customer 01363,518,Silver,06/07/2024
01364,Customer 01364,1440,Gold,11/02/2024
01365,Customer 01365,1017,Gold,06/16/2024
01366,Customer 01366,745,Silver,03/05/2024
01367,Customer 01367,1004,Gold,09/14/2024
01368,Customer 01368,634,Silver,07/16/2024
01369,Customer 01369,1338,Gold,10/28/2024
01370,Customer 01370,1385,Gold,01/08/2025
01371,Customer 01371,114,Bronze,02/05/2024
01372,Customer 01372,632,Silver,12/31/2024
01373,Customer 01373,646,Silver,05/23/2024
01374,Customer 01374,1347,Gold,04/02/2024
01375,Customer 01375,1444,Gold,08/09/2024
01376,Customer 01376,544,Silver,02/19/2024
01377,Customer 01377,272,Bronze,01/02/2024
01378,Customer 01378,415,Bronze,04/02/2024
01379,Customer 01379,135,Bronze,11/10/2024
01380,Customer 01380,298,Bronze,04/10/2024
01381,Customer 01381,679,Silver,08/13/2024
01382,Customer 01382,36,Bronze,06/01/2024
01383,Customer 01383,899,Silver,08/23/2024
01384,Customer 01384,1313,Gold,02/17/2024
01385,Customer 01385,305,Bronze,03/04/2024
01386,Customer 01386,498,Bronze,01/02/2024
01387,Customer 01387,317,Bronze,11/18/2024
01388,Customer 01388,104,Bronze,02/12/2025
01389,Customer 01389,1480,Gold,08/21/2024
01390,Customer 01390,151,Bronze,10/01/2024
01391,Customer 01391,1233,Gold,02/26/2024
01392,Customer 01392,624,Silver,07/02/2024
01393,Customer 01393,776,Silver,12/20/2024
01394,Customer 01394,159,Bronze,06/30/2024
01395,Customer 01395,1294,Gold,04/27/2024
01396,Customer 01396,15,Bronze,02/27/2025
01397,Customer 01397,1165,Gold,03/19/2024
01398,Customer 01398,735,Silver,10/16/2024
01399,Customer 01399,1443,Gold,09/05/2024
01400,Customer 01400,1003,Gold,02/20/2024
01401,Customer 01401,146,Bronze,08/29/2024
01402,Customer 01402,607,Silver,04/05/2024
01403,Customer 01403,319,Bronze,08/25/2024
01404,Customer 01404,457,Bronze,04/18/2024
01405,Customer 01405,581,Silver,02/22/2024
01406,Customer 01406,19,Bronze,07/18/2024
01407,Customer 01407,1359,Gold,09/24/2024
01408,Customer 01408,1012,Gold,11/07/2024
01409,Customer 01409,819,Silver,07/04/2024
01410,Customer 01410,780,Silver,02/07/2024
01411,Customer 01411,656,Silver,09/14/2024
01412,Customer 01412,503,Silver,02/22/2025
01413,Customer 01413,1267,Gold,09/18/2024
01414,Customer 01414,969,Silver,01/18/2025
01415,Customer 01415,316,Bronze,10/19/2024
01416,Customer 01416,202,Bronze,01/08/2024
01417,Customer 01417,257,Bronze,08/20/2024
01418,Customer 01418,1293,Gold,07/22/2024
01419,Customer 01419,271,Bronze,02/07/2025
01420,Customer 01420,1349,Gold,08/31/2024
01421,Customer 01421,212,Bronze,05/12/2024
01422,Customer 01422,1240,Gold,10/15/2024
01423,Customer 01423,551,Silver,03/01/2024
01424,Customer 01424,1291,Gold,01/06/2024
01425,Customer 01425,114,Bronze,03/03/2024
01426,Customer 01426,1089,Gold,02/19/2025
01427,Customer 01427,1292,Gold,01/01/2024
01428,Customer 01428,339,Bronze,10/11/2024
01429,Customer 01429,1181,Gold,01/26/2024
01430,Customer 01430,607,Silver,11/07/2024
01431,Customer 01431,1041,Gold,08/09/2024
01432,Customer 01432,244,Bronze,12/15/2024
01433,Customer 01433,533,Silver,06/30/2024
01434,Customer 01434,682,Silver,01/22/2025
01435,Customer 01435,1401,Gold,02/28/2025
01436,Customer 01436,951,Silver,12/01/2024
01437,Customer 01437,1224,Gold,08/01/2024
01438,Customer 01438,229,Bronze,07/21/2024
01439,Customer 01439,1451,Gold,06/12/2024
01440,Customer 01440,680,Silver,06/17/2024
01441,Customer 01441,264,Bronze,03/24/2024
01442,Customer 01442,534,Silver,10/14/2024
01443,Customer 01443,101,Bronze,01/16/2025
01444,Customer 01444,179,Bronze,10/22/2024
01445,Customer 01445,674,Silver,04/23/2024
01446,Customer 01446,1255,Gold,06/10/2024
01447,Customer 01447,1467,Gold,12/18/2024
01448,Customer 01448,780,Silver,01/02/2024
01449,Customer 01449,464,Bronze,12/29/2024
01450,Customer 01450,752,Silver,02/23/2025
01451,Customer 01451,1137,Gold,01/15/2025
01452,Customer 01452,144,Bronze,04/01/2024
01453,Customer 01453,427,Bronze,06/29/2024
01454,Customer 01454,84,Bronze,05/11/2024
01455,Customer 01455,777,Silver,10/22/2024
01456,Customer 01456,1350,Gold,11/30/2024
01457,Customer 01457,28,Bronze,10/08/2024
01458,Customer 01458,607,Silver,12/25/2024
01459,Customer 01459,1210,Gold,09/04/2024
01460,Customer 01460,1118,Gold,01/06/2025
01461,Customer 01461,651,Silver,02/25/2024
01462,Customer 01462,271,Bronze,01/13/2024
01463,Customer 01463,692,Silver,12/11/2024
01464,Customer 01464,816,Silver,08/06/2024
01465,Customer 01465,628,Silver,04/20/2024
01466,Customer 01466,59,Bronze,01/19/2024
01467,Customer 01467,33,Bronze,08/15/2024
01468,Customer 01468,397,Bronze,01/10/2024
01469,Customer 01469,1083,Gold,08/09/2024
01470,Customer 01470,97,Bronze,07/10/2024
01471,Customer 01471,1332,Gold,08/09/2024
01472,Customer 01472,481,Bronze,01/07/2024
01473,Customer 01473,646,Silver,05/17/2024
01474,Customer 01474,1210,Gold,02/10/2025
01475,Customer 01475,775,Silver,11/08/2024
01476,Customer 01476,343,Bronze,02/04/2025
01477,Customer 01477,734,Silver,05/09/2024
01478,Customer 01478,1159,Gold,02/08/2024
01479,Customer 01479,1122,Gold,02/10/2025
01480,Customer 01480,385,Bronze,09/11/2024
01481,Customer 01481,20,Bronze,12/01/2024
01482,Customer 01482,520,Silver,11/04/2024
01483,Customer 01483,733,Silver,09/20/2024
01484,Customer 01484,177,Bronze,05/22/2024
01485,Customer 01485,186,Bronze,04/01/2024
01486,Customer 01486,683,Silver,03/04/2024
01487,Customer 01487,1344,Gold,02/22/2025
01488,Customer 01488,1074,Gold,10/29/2024
01489,Customer 01489,1110,Gold,03/21/2024
01490,Customer 01490,187,Bronze,12/08/2024
01491,Customer 01491,526,Silver,06/18/2024
01492,Customer 01492,248,Bronze,06/06/2024
01493,Customer 01493,1106,Gold,02/25/2025
01494,Customer 01494,523,Silver,12/24/2024
01495,Customer 01495,531,Silver,06/23/2024
01496,Customer 01496,306,Bronze,12/16/2024
01497,Customer 01497,707,Silver,02/24/2024
01498,Customer 01498,47,Bronze,06/28/2024
01499,Customer 01499,327,Bronze,06/20/2024
01500,Customer 01500,299,Bronze,04/15/2024
01501,Customer 01501,622,Silver,06/26/2024
01502,Customer 01502,117,Bronze,02/08/2025
01503,Customer 01503,1307,Gold,02/17/2024
01504,Customer 01504,8,Bronze,02/04/2024
01505,Customer 01505,1086,Gold,04/09/2024
01506,Customer 01506,584,Silver,09/22/2024
01507,Customer 01507,269,Bronze,07/19/2024
01508,Customer 01508,418,Bronze,12/11/2024
01509,Customer 01509,107,Bronze,11/25/2024
01510,Customer 01510,519,Silver,08/10/2024
01511,Customer 01511,1133,Gold,06/28/2024
01512,Customer 01512,745,Silver,01/30/2024
01513,Customer 01513,1240,Gold,01/01/2024
01514,Customer 01514,971,Silver,11/28/2024
01515,Customer 01515,282,Bronze,04/22/2024
01516,Customer 01516,1033,Gold,08/07/2024
01517,Customer 01517,688,Silver,03/21/2024
01518,Customer 01518,1441,Gold,01/05/2024
01519,Customer 01519,714,Silver,04/25/2024
01520,Customer 01520,1215,Gold,04/26/2024
01521,Customer 01521,232,Bronze,03/28/2024
01522,Customer 01522,519,Silver,10/21/2024
01523,Customer 01523,653,Silver,01/17/2025
01524,Customer 01524,798,Silver,02/12/2025
01525,Customer 01525,1463,Gold,03/27/2024
01526,Customer 01526,549,Silver,04/02/2024
01527,Customer 01527,99,Bronze,08/31/2024
01528,Customer 01528,415,Bronze,11/28/2024
01529,Customer 01529,75,Bronze,06/24/2024
01530,Customer 01530,226,Bronze,07/25/2024
01531,Customer 01531,2,Bronze,07/20/2024
01532,Customer 01532,1259,Gold,01/08/2025
01533,Customer 01533,342,Bronze,08/11/2024
01534,Customer 01534,381,Bronze,07/14/2024
01535,Customer 01535,343,Bronze,07/08/2024
01536,Customer 01536,1383,Gold,01/06/2025
01537,Customer 01537,371,Bronze,01/26/2025
01538,Customer 01538,1345,Gold,08/13/2024
01539,Customer 01539,645,Silver,03/30/2024
01540,Customer 01540,684,Silver,10/27/2024
01541,Customer 01541,730,Silver,01/05/2025
01542,Customer 01542,501,Silver,08/16/2024
01543,Customer 01543,1309,Gold,06/25/2024
01544,Customer 01544,786,Silver,09/28/2024
01545,Customer 01545,1051,Gold,02/11/2024
01546,Customer 01546,602,Silver,07/11/2024
01547,Customer 01547,455,Bronze,08/15/2024
01548,Customer 01548,1183,Gold,03/11/2024
01549,Customer 01549,178,Bronze,05/15/2024
01550,Customer 01550,659,Silver,07/03/2024
01551,Customer 01551,357,Bronze,09/24/2024
01552,Customer 01552,1401,Gold,12/20/2024
01553,Customer 01553,541,Silver,04/10/2024
01554,Customer 01554,1062,Gold,05/07/2024
01555,Customer 01555,1179,Gold,10/08/2024
01556,Customer 01556,140,Bronze,08/13/2024
01557,Customer 01557,786,Silver,01/05/2025
01558,Customer 01558,285,Bronze,08/12/2024
01559,Customer 01559,752,Silver,09/19/2024
01560,Customer 01560,1291,Gold,01/09/2024
01561,Customer 01561,1066,Gold,07/13/2024
01562,Customer 01562,510,Silver,09/22/2024
01563,Customer 01563,86,Bronze,07/16/2024
01564,Customer 01564,929,Silver,11/14/2024
01565,Customer 01565,1346,Gold,01/16/2024
01566,Customer 01566,1356,Gold,09/29/2024
01567,Customer 01567,846,Silver,12/24/2024
01568,Customer 01568,1249,Gold,01/10/2024
01569,Customer 01569,105,Bronze,07/25/2024
01570,Customer 01570,958,Silver,09/30/2024
01571,Customer 01571,584,Silver,11/05/2024
01572,Customer 01572,1402,Gold,05/26/2024
01573,Customer 01573,356,Bronze,12/02/2024
01574,Customer 01574,973,Silver,03/06/2024
01575,Customer 01575,631,Silver,11/04/2024
01576,Customer 01576,469,Bronze,09/05/2024
01577,Customer 01577,1351,Gold,08/25/2024
01578,Customer 01578,1236,Gold,02/01/2024
01579,Customer 01579,795,Silver,12/14/2024
01580,Customer 01580,0,Bronze,08/03/2024
01581,Customer 01581,677,Silver,11/06/2024
01582,Customer 01582,1240,Gold,03/06/2024
01583,Customer 01583,722,Silver,04/22/2024
01584,Customer 01584,121,Bronze,07/31/2024
01585,Customer 01585,850,Silver,09/04/2024
01586,Customer 01586,291,Bronze,09/13/2024
01587,Customer 01587,973,Silver,01/30/2024
01588,Customer 01588,1487,Gold,03/27/2024
01589,Customer 01589,16,Bronze,04/30/2024
01590,Customer 01590,909,Silver,09/07/2024
01591,Customer 01591,1084,Gold,08/12/2024
01592,Customer 01592,246,Bronze,01/02/2025
01593,Customer 01593,774,Silver,07/20/2024
01594,Customer 01594,1150,Gold,08/28/2024
01595,Customer 01595,383,Bronze,03/17/2024
01596,Customer 01596,50,Bronze,05/22/2024
01597,Customer 01597,1036,Gold,06/06/2024
01598,Customer 01598,660,Silver,11/08/2024
01599,Customer 01599,1285,Gold,10/08/2024
01600,Customer 01600,620,Silver,07/01/2024
01601,Customer 01601,859,Silver,05/21/2024
01602,Customer 01602,1472,Gold,08/03/2024
01603,Customer 01603,1097,Gold,05/17/2024
01604,Customer 01604,253,Bronze,01/04/2025
01605,Customer 01605,78,Bronze,05/15/2024
01606,Customer 01606,229,Bronze,09/24/2024
01607,Customer 01607,148,Bronze,02/05/2024
01608,Customer 01608,1220,Gold,01/21/2025
01609,Customer 01609,1471,Gold,02/22/2024
01610,Customer 01610,37,Bronze,02/03/2024
01611,Customer 01611,1298,Gold,06/04/2024
01612,Customer 01612,391,Bronze,06/01/2024
01613,Customer 01613,1382,Gold,07/16/2024
01614,Customer 01614,29,Bronze,02/25/2025
01615,Customer 01615,681,Silver,05/04/2024
01616,Customer 01616,1465,Gold,04/28/2024
01617,Customer 01617,1004,Gold,06/25/2024
01618,Customer 01618,1149,Gold,12/24/2024
01619,Customer 01619,1149,Gold,07/15/2024
01620,Customer 01620,618,Silver,03/23/2024
01621,Customer 01621,8,Bronze,01/07/2025
01622,Customer 01622,1420,Gold,02/01/2024
01623,Customer 01623,1381,Gold,12/02/2024
01624,Customer 01624,1018,Gold,01/24/2025
01625,Customer 01625,782,Silver,05/11/2024
01626,Customer 01626,1149,Gold,08/28/2024
01627,Customer 01627,208,Bronze,11/19/2024
01628,Customer 01628,476,Bronze,05/18/2024
01629,Customer 01629,268,Bronze,07/14/2024
01630,Customer 01630,393,Bronze,07/03/2024
01631,Customer 01631,1156,Gold,04/02/2024
01632,Customer 01632,1385,Gold,12/19/2024
01633,Customer 01633,1255,Gold,02/10/2025
01634,Customer 01634,870,Silver,08/21/2024
01635,Customer 01635,1450,Gold,11/13/2024
01636,Customer 01636,801,Silver,11/07/2024
01637,Customer 01637,1181,Gold,02/14/2025
01638,Customer 01638,941,Silver,11/13/2024
01639,Customer 01639,508,Silver,06/02/2024
01640,Customer 01640,816,Silver,04/13/2024
01641,Customer 01641,129,Bronze,06/05/2024
01642,Customer 01642,504,Silver,07/23/2024
01643,Customer 01643,1297,Gold,05/25/2024
01644,Customer 01644,44,Bronze,01/10/2024
01645,Customer 01645,343,Bronze,12/12/2024
01646,Customer 01646,1458,Gold,08/12/2024
01647,Customer 01647,710,Silver,09/26/2024
01648,Customer 01648,499,Bronze,07/20/2024
01649,Customer 01649,877,Silver,05/16/2024
01650,Customer 01650,870,Silver,04/18/2024
01651,Customer 01651,297,Bronze,08/24/2024
01652,Customer 01652,559,Silver,01/09/2025
01653,Customer 01653,981,Silver,02/09/2024
01654,Customer 01654,815,Silver,12/16/2024
01655,Customer 01655,282,Bronze,03/22/2024
01656,Customer 01656,1357,Gold,10/11/2024
01657,Customer 01657,650,Silver,01/15/2024
01658,Customer 01658,559,Silver,09/15/2024
01659,Customer 01659,881,Silver,02/23/2024
01660,Customer 01660,1393,Gold,10/14/2024
01661,Customer 01661,1339,Gold,07/22/2024
01662,Customer 01662,1327,Gold,11/08/2024
01663,Customer 01663,961,Silver,02/19/2024
01664,Customer 01664,1208,Gold,09/21/2024
01665,Customer 01665,1339,Gold,02/10/2025
01666,Customer 01666,553,Silver,01/02/2024
01667,Customer 01667,381,Bronze,04/03/2024
01668,Customer 01668,1230,Gold,07/15/2024
01669,Customer 01669,1471,Gold,04/26/2024
01670,Customer 01670,784,Silver,10/31/2024
01671,Customer 01671,52,Bronze,01/08/2025
01672,Customer 01672,1390,Gold,01/28/2025
01673,Customer 01673,515,Silver,06/29/2024
01674,Customer 01674,1110,Gold,05/18/2024
01675,Customer 01675,971,Silver,02/06/2025
01676,Customer 01676,444,Bronze,09/27/2024
01677,Customer 01677,1419,Gold,11/16/2024
01678,Customer 01678,238,Bronze,07/03/2024
01679,Customer 01679,3,Bronze,07/18/2024
01680,Customer 01680,669,Silver,06/19/2024
01681,Customer 01681,900,Silver,01/12/2024
01682,Customer 01682,477,Bronze,09/18/2024
01683,Customer 01683,510,Silver,03/17/2024
01684,Customer 01684,976,Silver,11/11/2024
01685,Customer 01685,695,Silver,07/30/2024
01686,Customer 01686,60,Bronze,12/06/2024
01687,Customer 01687,353,Bronze,06/28/2024
01688,Customer 01688,40,Bronze,06/28/2024
01689,Customer 01689,121,Bronze,01/18/2025
01690,Customer 01690,1157,Gold,02/03/2025
01691,Customer 01691,83,Bronze,05/07/2024
01692,Customer 01692,766,Silver,03/09/2024
01693,Customer 01693,584,Silver,04/11/2024
01694,Customer 01694,1435,Gold,04/08/2024
01695,Customer 01695,1133,Gold,04/15/2024
01696,Customer 01696,425,Bronze,03/16/2024
01697,Customer 01697,1057,Gold,06/25/2024
01698,Customer 01698,1269,Gold,02/20/2025
01699,Customer 01699,1427,Gold,01/23/2024
01700,Customer 01700,89,Bronze,10/10/2024
01701,Customer 01701,957,Silver,07/17/2024
01702,Customer 01702,751,Silver,02/10/2025
01703,Customer 01703,440,Bronze,02/19/2025
01704,Customer 01704,403,Bronze,10/05/2024
01705,Customer 01705,538,Silver,09/21/2024
01706,Customer 01706,1040,Gold,09/21/2024
01707,Customer 01707,264,Bronze,06/19/2024
01708,Customer 01708,1271,Gold,02/09/2025
01709,Customer 01709,57,Bronze,03/24/2024
01710,Customer 01710,907,Silver,03/29/2024
01711,Customer 01711,1362,Gold,12/04/2024
01712,Customer 01712,1065,Gold,07/05/2024
01713,Customer 01713,728,Silver,01/06/2024
01714,Customer 01714,1237,Gold,07/25/2024
01715,Customer 01715,652,Silver,06/23/2024
01716,Customer 01716,505,Silver,06/22/2024
01717,Customer 01717,1066,Gold,02/23/2024
01718,Customer 01718,1043,Gold,01/13/2024
01719,Customer 01719,1354,Gold,05/10/2024
01720,Customer 01720,1131,Gold,07/28/2024
01721,Customer 01721,195,Bronze,12/10/2024
01722,Customer 01722,1,Bronze,06/27/2024
01723,Customer 01723,626,Silver,12/13/2024
01724,Customer 01724,783,Silver,01/23/2024
01725,Customer 01725,1375,Gold,11/16/2024
01726,Customer 01726,1491,Gold,08/21/2024
01727,Customer 01727,101,Bronze,03/30/2024
01728,Customer 01728,428,Bronze,05/16/2024
01729,Customer 01729,773,Silver,02/05/2024
01730,Customer 01730,960,Silver,03/22/2024
01731,Customer 01731,937,Silver,02/16/2025
01732,Customer 01732,1215,Gold,01/24/2024
01733,Customer 01733,212,Bronze,02/18/2025
01734,Customer 01734,985,Silver,06/27/2024
01735,Customer 01735,237,Bronze,04/12/2024
01736,Customer 01736,813,Silver,10/13/2024
01737,Customer 01737,509,Silver,01/25/2025
01738,Customer 01738,384,Bronze,02/13/2025
01739,Customer 01739,370,Bronze,11/05/2024
01740,Customer 01740,136,Bronze,01/10/2024
01741,Customer 01741,1210,Gold,02/18/2024
01742,Customer 01742,474,Bronze,01/15/2024
01743,Customer 01743,1272,Gold,09/13/2024
01744,Customer 01744,1278,Gold,02/25/2024
01745,Customer 01745,1194,Gold,12/18/2024
01746,Customer 01746,24,Bronze,06/02/2024
01747,Customer 01747,222,Bronze,02/01/2025
01748,Customer 01748,262,Bronze,11/26/2024
01749,Customer 01749,727,Silver,10/06/2024
01750,Customer 01750,99,Bronze,02/15/2025
01751,Customer 01751,166,Bronze,02/18/2025
01752,Customer 01752,1134,Gold,09/11/2024
01753,Customer 01753,390,Bronze,09/29/2024
01754,Customer 01754,764,Silver,07/14/2024
01755,Customer 01755,749,Silver,07/21/2024
01756,Customer 01756,923,Silver,06/14/2024
01757,Customer 01757,37,Bronze,10/01/2024
01758,Customer 01758,691,Silver,03/13/2024
01759,Customer 01759,314,Bronze,01/29/2025
01760,Customer 01760,341,Bronze,07/13/2024
01761,Customer 01761,445,Bronze,09/21/2024
01762,Customer 01762,1127,Gold,02/28/2024
01763,Customer 01763,885,Silver,05/02/2024
01764,Customer 01764,567,Silver,04/12/2024
01765,Customer 01765,605,Silver,02/05/2025
01766,Customer 01766,5,Bronze,11/26/2024
01767,Customer 01767,1053,Gold,06/21/2024
01768,Customer 01768,1345,Gold,11/25/2024
01769,Customer 01769,709,Silver,10/10/2024
01770,Customer 01770,1266,Gold,10/08/2024
01771,Customer 01771,838,Silver,02/12/2025
01772,Customer 01772,738,Silver,08/26/2024
01773,Customer 01773,157,Bronze,11/04/2024
01774,Customer 01774,1182,Gold,07/02/2024
01775,Customer 01775,1347,Gold,09/11/2024
01776,Customer 01776,118,Bronze,05/01/2024
01777,Customer 01777,220,Bronze,02/03/2024
01778,Customer 01778,761,Silver,07/01/2024
01779,Customer 01779,679,Silver,03/29/2024
01780,Customer 01780,1380,Gold,03/01/2024
01781,Customer 01781,877,Silver,07/06/2024
01782,Customer 01782,1047,Gold,10/07/2024
01783,Customer 01783,1335,Gold,08/05/2024
01784,Customer 01784,507,Silver,02/07/2024
01785,Customer 01785,583,Silver,09/20/2024
01786,Customer 01786,853,Silver,01/22/2025
01787,Customer 01787,1496,Gold,04/16/2024
01788,Customer 01788,676,Silver,09/20/2024
01789,Customer 01789,27,Bronze,06/28/2024
01790,Customer 01790,1284,Gold,12/04/2024
01791,Customer 01791,334,Bronze,01/01/2025
01792,Customer 01792,394,Bronze,02/29/2024
01793,Customer 01793,300,Bronze,07/20/2024
01794,Customer 01794,1197,Gold,08/14/2024
01795,Customer 01795,1251,Gold,12/11/2024
01796,Customer 01796,1285,Gold,05/18/2024
01797,Customer 01797,998,Silver,01/09/2025
01798,Customer 01798,950,Silver,04/29/2024
01799,Customer 01799,363,Bronze,10/20/2024
01800,Customer 01800,620,Silver,07/25/2024
01801,Customer 01801,245,Bronze,11/06/2024
01802,Customer 01802,211,Bronze,08/23/2024
01803,Customer 01803,1336,Gold,05/14/2024
01804,Customer 01804,88,Bronze,03/28/2024
01805,Customer 01805,325,Bronze,04/21/2024
01806,Customer 01806,728,Silver,03/19/2024
01807,Customer 01807,1005,Gold,11/25/2024
01808,Customer 01808,449,Bronze,09/26/2024
01809,Customer 01809,1282,Gold,12/07/2024
01810,Customer 01810,1204,Gold,07/21/2024
01811,Customer 01811,658,Silver,09/03/2024
01812,Customer 01812,349,Bronze,09/03/2024
01813,Customer 01813,730,Silver,02/13/2024
01814,Customer 01814,1359,Gold,02/03/2025
01815,Customer 01815,1488,Gold,02/18/2024
01816,Customer 01816,628,Silver,06/09/2024
01817,Customer 01817,606,Silver,03/15/2024
01818,Customer 01818,1489,Gold,06/24/2024
01819,Customer 01819,940,Silver,01/20/2024
01820,Customer 01820,528,Silver,02/03/2025
01821,Customer 01821,1330,Gold,09/04/2024
01822,Customer 01822,1427,Gold,09/23/2024
01823,Customer 01823,218,Bronze,12/25/2024
01824,Customer 01824,458,Bronze,03/24/2024
01825,Customer 01825,441,Bronze,02/17/2024
01826,Customer 01826,882,Silver,01/20/2025
01827,Customer 01827,1116,Gold,05/11/2024
01828,Customer 01828,1237,Gold,01/23/2024
01829,Customer 01829,582,Silver,08/03/2024
01830,Customer 01830,651,Silver,11/26/2024
01831,Customer 01831,874,Silver,09/07/2024
01832,Customer 01832,49,Bronze,06/07/2024
01833,Customer 01833,68,Bronze,07/13/2024
01834,Customer 01834,832,Silver,11/19/2024
01835,Customer 01835,605,Silver,09/26/2024
01836,Customer 01836,1412,Gold,09/06/2024
01837,Customer 01837,115,Bronze,02/13/2025
01838,Customer 01838,603,Silver,05/03/2024
01839,Customer 01839,107,Bronze,08/21/2024
01840,Customer 01840,104,Bronze,02/19/2024
01841,Customer 01841,866,Silver,08/25/2024
01842,Customer 01842,1217,Gold,06/09/2024
01843,Customer 01843,1177,Gold,12/18/2024
01844,Customer 01844,488,Bronze,02/13/2024
01845,Customer 01845,1366,Gold,11/14/2024
01846,Customer 01846,538,Silver,02/03/2025
01847,Customer 01847,1356,Gold,05/14/2024
01848,Customer 01848,557,Silver,07/14/2024
01849,Customer 01849,1258,Gold,11/25/2024
01850,Customer 01850,1436,Gold,09/14/2024
01851,Customer 01851,1044,Gold,07/09/2024
01852,Customer 01852,76,Bronze,05/27/2024
01853,Customer 01853,756,Silver,12/04/2024
01854,Customer 01854,753,Silver,06/11/2024
01855,Customer 01855,305,Bronze,02/13/2024
01856,Customer 01856,474,Bronze,06/16/2024
01857,Customer 01857,967,Silver,12/30/2024
01858,Customer 01858,1055,Gold,09/02/2024
01859,Customer 01859,1077,Gold,05/04/2024
01860,Customer 01860,442,Bronze,09/05/2024
01861,Customer 01861,1494,Gold,08/07/2024
01862,Customer 01862,665,Silver,10/30/2024
01863,Customer 01863,1409,Gold,09/20/2024
01864,Customer 01864,346,Bronze,06/03/2024
01865,Customer 01865,582,Silver,07/03/2024
01866,Customer 01866,1401,Gold,01/03/2024
01867,Customer 01867,1372,Gold,03/27/2024
01868,Customer 01868,136,Bronze,02/04/2025
01869,Customer 01869,38,Bronze,12/02/2024
01870,Customer 01870,1467,Gold,11/30/2024
01871,Customer 01871,316,Bronze,01/09/2024
01872,Customer 01872,89,Bronze,03/23/2024
01873,Customer 01873,221,Bronze,05/11/2024
01874,Customer 01874,84,Bronze,05/04/2024
01875,Customer 01875,181,Bronze,06/16/2024
01876,Customer 01876,747,Silver,01/17/2025
01877,Customer 01877,232,Bronze,12/12/2024
01878,Customer 01878,817,Silver,08/19/2024
01879,Customer 01879,874,Silver,04/26/2024
01880,Customer 01880,283,Bronze,05/08/2024
01881,Customer 01881,57,Bronze,03/15/2024
01882,Customer 01882,1038,Gold,04/08/2024
01883,Customer 01883,1207,Gold,06/16/2024
01884,Customer 01884,576,Silver,01/24/2025
01885,Customer 01885,425,Bronze,08/31/2024
01886,Customer 01886,713,Silver,03/30/2024
01887,Customer 01887,1452,Gold,02/26/2025
01888,Customer 01888,297,Bronze,05/01/2024
01889,Customer 01889,566,Silver,01/23/2025
01890,Customer 01890,1092,Gold,02/28/2025
01891,Customer 01891,276,Bronze,07/05/2024
01892,Customer 01892,336,Bronze,05/17/2024
01893,Customer 01893,827,Silver,03/27/2024
01894,Customer 01894,980,Silver,02/09/2025
01895,Customer 01895,780,Silver,11/09/2024
01896,Customer 01896,519,Silver,03/12/2024
01897,Customer 01897,1314,Gold,06/08/2024
01898,Customer 01898,1227,Gold,12/01/2024
01899,Customer 01899,1378,Gold,04/01/2024
01900,Customer 01900,140,Bronze,05/19/2024
01901,Customer 01901,36,Bronze,06/05/2024
01902,Customer 01902,497,Bronze,01/18/2024
01903,Customer 01903,1482,Gold,02/22/2025
01904,Customer 01904,846,Silver,02/15/2025
01905,Customer 01905,324,Bronze,12/20/2024
01906,Customer 01906,695,Silver,01/29/2024
01907,Customer 01907,263,Bronze,07/02/2024
01908,Customer 01908,476,Bronze,04/06/2024
01909,Customer 01909,1179,Gold,06/17/2024
01910,Customer 01910,1046,Gold,01/11/2024
01911,Customer 01911,646,Silver,11/20/2024
01912,Customer 01912,939,Silver,12/21/2024
01913,Customer 01913,899,Silver,01/26/2024
01914,Customer 01914,1457,Gold,10/09/2024
01915,Customer 01915,1355,Gold,10/29/2024
01916,Customer 01916,323,Bronze,03/14/2024
01917,Customer 01917,932,Silver,02/15/2025
01918,Customer 01918,411,Bronze,02/13/2024
01919,Customer 01919,1158,Gold,02/27/2025
01920,Customer 01920,931,Silver,01/10/2025
01921,Customer 01921,770,Silver,07/27/2024
01922,Customer 01922,1070,Gold,01/05/2024
01923,Customer 01923,1245,Gold,07/07/2024
01924,Customer 01924,593,Silver,11/26/2024
01925,Customer 01925,106,Bronze,02/07/2024
01926,Customer 01926,1207,Gold,03/12/2024
01927,Customer 01927,1360,Gold,02/18/2025
01928,Customer 01928,861,Silver,02/20/2024
01929,Customer 01929,8,Bronze,01/05/2025
01930,Customer 01930,488,Bronze,03/30/2024
01931,Customer 01931,1095,Gold,07/20/2024
01932,Customer 01932,649,Silver,11/10/2024
01933,Customer 01933,589,Silver,09/24/2024
01934,Customer 01934,99,Bronze,02/07/2024
01935,Customer 01935,1459,Gold,03/06/2024
01936,Customer 01936,401,Bronze,02/10/2024
01937,Customer 01937,1055,Gold,07/31/2024
01938,Customer 01938,1150,Gold,02/27/2024
01939,Customer 01939,1277,Gold,03/18/2024
01940,Customer 01940,526,Silver,01/07/2024
01941,Customer 01941,1254,Gold,11/03/2024
01942,Customer 01942,1132,Gold,07/23/2024
01943,Customer 01943,862,Silver,02/29/2024
01944,Customer 01944,385,Bronze,01/06/2025
01945,Customer 01945,22,Bronze,10/19/2024
01946,Customer 01946,672,Silver,04/07/2024
01947,Customer 01947,759,Silver,10/12/2024
01948,Customer 01948,724,Silver,01/25/2025
01949,Customer 01949,507,Silver,04/29/2024
01950,Customer 01950,328,Bronze,01/15/2024
01951,Customer 01951,177,Bronze,09/12/2024
01952,Customer 01952,1299,Gold,08/17/2024
01953,Customer 01953,399,Bronze,04/03/2024
01954,Customer 01954,707,Silver,02/20/2025
01955,Customer 01955,583,Silver,04/20/2024
01956,Customer 01956,1392,Gold,05/27/2024
01957,Customer 01957,1141,Gold,11/04/2024
01958,Customer 01958,708,Silver,06/30/2024
01959,Customer 01959,318,Bronze,01/19/2024
01960,Customer 01960,103,Bronze,11/25/2024
01961,Customer 01961,1273,Gold,03/25/2024
01962,Customer 01962,582,Silver,12/19/2024
01963,Customer 01963,1328,Gold,11/15/2024
01964,Customer 01964,285,Bronze,08/05/2024
01965,Customer 01965,1448,Gold,01/24/2025
01966,Customer 01966,861,Silver,10/14/2024
01967,Customer 01967,1013,Gold,04/15/2024
01968,Customer 01968,1302,Gold,12/22/2024
01969,Customer 01969,703,Silver,01/03/2025
01970,Customer 01970,818,Silver,01/04/2025
01971,Customer 01971,1143,Gold,05/13/2024
01972,Customer 01972,916,Silver,12/23/2024
01973,Customer 01973,499,Bronze,01/31/2025
01974,Customer 01974,796,Silver,09/27/2024
01975,Customer 01975,1022,Gold,01/24/2025
01976,Customer 01976,764,Silver,01/19/2024
01977,Customer 01977,986,Silver,08/26/2024
01978,Customer 01978,1115,Gold,09/24/2024
01979,Customer 01979,1490,Gold,03/16/2024
01980,Customer 01980,878,Silver,11/19/2024
01981,Customer 01981,1270,Gold,04/02/2024
01982,Customer 01982,479,Bronze,08/18/2024
01983,Customer 01983,1339,Gold,02/14/2025
01984,Customer 01984,1402,Gold,04/04/2024
01985,Customer 01985,784,Silver,02/05/2024
01986,Customer 01986,1389,Gold,09/09/2024
01987,Customer 01987,242,Bronze,06/19/2024
01988,Customer 01988,995,Silver,06/09/2024
01989,Customer 01989,820,Silver,01/16/2024
01990,Customer 01990,152,Bronze,11/01/2024
01991,Customer 01991,793,Silver,12/26/2024
01992,Customer 01992,440,Bronze,09/26/2024
01993,Customer 01993,967,Silver,06/20/2024
01994,Customer 01994,710,Silver,07/06/2024
01995,Customer 01995,727,Silver,02/03/2024
01996,Customer 01996,1368,Gold,05/10/2024
01997,Customer 01997,685,Silver,02/19/2024
01998,Customer 01998,1318,Gold,02/14/2025
01999,Customer 01999,1450,Gold,12/25/2024
02000,Customer 02000,242,Bronze,08/22/2024
02001,Customer 02001,48,Bronze,08/20/2024
02002,Customer 02002,467,Bronze,09/19/2024
02003,Customer 02003,1434,Gold,04/07/2024
02004,Customer 02004,1440,Gold,07/15/2024
02005,Customer 02005,1394,Gold,08/08/2024
02006,Customer 02006,390,Bronze,12/17/2024
02007,Customer 02007,47,Bronze,08/16/2024
02008,Customer 02008,1000,Gold,05/27/2024
02009,Customer 02009,1466,Gold,10/22/2024
02010,Customer 02010,247,Bronze,06/26/2024
02011,Customer 02011,547,Silver,05/23/2024
02012,Customer 02012,471,Bronze,12/04/2024
02013,Customer 02013,496,Bronze,11/19/2024
02014,Customer 02014,1013,Gold,10/22/2024
02015,Customer 02015,1345,Gold,12/29/2024
02016,Customer 02016,917,Silver,01/13/2024
02017,Customer 02017,1419,Gold,12/06/2024
02018,Customer 02018,637,Silver,10/19/2024
02019,Customer 02019,33,Bronze,02/14/2024
02020,Customer 02020,1177,Gold,01/06/2024
02021,Customer 02021,360,Bronze,01/29/2024
02022,Customer 02022,594,Silver,02/10/2025
02023,Customer 02023,952,Silver,06/28/2024
02024,Customer 02024,259,Bronze,02/05/2024
02025,Customer 02025,1357,Gold,06/19/2024
02026,Customer 02026,1003,Gold,09/16/2024
02027,Customer 02027,820,Silver,01/21/2024
02028,Customer 02028,1200,Gold,02/10/2025
02029,Customer 02029,175,Bronze,06/25/2024
02030,Customer 02030,1387,Gold,01/01/2025
02031,Customer 02031,330,Bronze,05/10/2024
02032,Customer 02032,621,Silver,04/16/2024
02033,Customer 02033,563,Silver,09/10/2024
02034,Customer 02034,223,Bronze,03/01/2024
02035,Customer 02035,242,Bronze,04/14/2024
02036,Customer 02036,1071,Gold,04/20/2024
02037,Customer 02037,484,Bronze,01/22/2025
02038,Customer 02038,52,Bronze,11/28/2024
02039,Customer 02039,554,Silver,06/07/2024
02040,Customer 02040,1238,Gold,09/14/2024
02041,Customer 02041,75,Bronze,09/02/2024
02042,Customer 02042,1240,Gold,01/07/2025
02043,Customer 02043,1481,Gold,07/21/2024
02044,Customer 02044,1413,Gold,02/23/2024
02045,Customer 02045,379,Bronze,04/10/2024
02046,Customer 02046,243,Bronze,09/28/2024
02047,Customer 02047,1148,Gold,02/09/2024
02048,Customer 02048,654,Silver,06/19/2024
02049,Customer 02049,1411,Gold,01/23/2025
02050,Customer 02050,104,Bronze,10/08/2024
02051,Customer 02051,438,Bronze,08/05/2024
02052,Customer 02052,891,Silver,07/01/2024
02053,Customer 02053,1011,Gold,01/30/2025
02054,Customer 02054,332,Bronze,12/13/2024
02055,Customer 02055,1262,Gold,02/02/2024
02056,Customer 02056,1243,Gold,10/04/2024
02057,Customer 02057,358,Bronze,12/31/2024
02058,Customer 02058,667,Silver,06/13/2024
02059,Customer 02059,57,Bronze,09/29/2024
02060,Customer 02060,75,Bronze,05/27/2024
02061,Customer 02061,1173,Gold,01/15/2024
02062,Customer 02062,80,Bronze,05/19/2024
02063,Customer 02063,331,Bronze,07/27/2024
02064,Customer 02064,27,Bronze,02/28/2025
02065,Customer 02065,1438,Gold,06/30/2024
02066,Customer 02066,813,Silver,06/29/2024
02067,Customer 02067,153,Bronze,05/08/2024
02068,Customer 02068,503,Silver,11/23/2024
02069,Customer 02069,343,Bronze,09/18/2024
02070,Customer 02070,108,Bronze,08/14/2024
02071,Customer 02071,720,Silver,12/10/2024
02072,Customer 02072,1209,Gold,09/24/2024
02073,Customer 02073,1026,Gold,07/15/2024
02074,Customer 02074,1296,Gold,04/05/2024
02075,Customer 02075,847,Silver,10/29/2024
02076,Customer 02076,362,Bronze,02/10/2024
02077,Customer 02077,705,Silver,11/27/2024
02078,Customer 02078,1466,Gold,04/26/2024
02079,Customer 02079,1362,Gold,10/08/2024
02080,Customer 02080,1112,Gold,05/13/2024
02081,Customer 02081,94,Bronze,05/13/2024
02082,Customer 02082,675,Silver,12/30/2024
02083,Customer 02083,459,Bronze,02/19/2025
02084,Customer 02084,1497,Gold,07/31/2024
02085,Customer 02085,458,Bronze,01/08/2024
02086,Customer 02086,1286,Gold,06/16/2024
02087,Customer 02087,497,Bronze,01/22/2025
02088,Customer 02088,1331,Gold,02/03/2024
02089,Customer 02089,1227,Gold,02/17/2024
02090,Customer 02090,895,Silver,06/25/2024
02091,Customer 02091,44,Bronze,01/15/2025
02092,Customer 02092,1415,Gold,07/18/2024
02093,Customer 02093,146,Bronze,10/07/2024
02094,Customer 02094,1088,Gold,04/07/2024
02095,Customer 02095,1315,Gold,02/23/2025
02096,Customer 02096,1100,Gold,02/22/2025
02097,Customer 02097,1088,Gold,01/16/2024
02098,Customer 02098,6,Bronze,12/25/2024
02099,Customer 02099,1482,Gold,02/22/2025
02100,Customer 02100,951,Silver,10/20/2024
02101,Customer 02101,670,Silver,11/25/2024
02102,Customer 02102,1084,Gold,12/17/2024
02103,Customer 02103,1135,Gold,05/11/2024
02104,Customer 02104,109,Bronze,04/02/2024
02105,Customer 02105,754,Silver,04/21/2024
02106,Customer 02106,232,Bronze,01/30/2025
02107,Customer 02107,47,Bronze,10/21/2024
02108,Customer 02108,85,Bronze,04/17/2024
02109,Customer 02109,745,Silver,03/25/2024
02110,Customer 02110,892,Silver,04/04/2024
02111,Customer 02111,953,Silver,03/16/2024
02112,Customer 02112,214,Bronze,02/19/2024
02113,Customer 02113,441,Bronze,02/08/2025
02114,Customer 02114,635,Silver,04/27/2024
02115,Customer 02115,463,Bronze,06/29/2024
02116,Customer 02116,1385,Gold,10/01/2024
02117,Customer 02117,783,Silver,11/16/2024
02118,Customer 02118,1446,Gold,06/14/2024
02119,Customer 02119,574,Silver,12/02/2024
02120,Customer 02120,554,Silver,03/16/2024
02121,Customer 02121,1266,Gold,11/11/2024
02122,Customer 02122,37,Bronze,06/11/2024
02123,Customer 02123,1344,Gold,11/24/2024
02124,Customer 02124,428,Bronze,05/10/2024
02125,Customer 02125,237,Bronze,01/22/2025
02126,Customer 02126,1081,Gold,09/12/2024
02127,Customer 02127,711,Silver,02/03/2025
02128,Customer 02128,1181,Gold,02/03/2024
02129,Customer 02129,106,Bronze,05/18/2024
02130,Customer 02130,1491,Gold,05/26/2024
02131,Customer 02131,137,Bronze,02/17/2024
02132,Customer 02132,1097,Gold,10/26/2024
02133,Customer 02133,758,Silver,02/10/2025
02134,Customer 02134,265,Bronze,08/28/2024
02135,Customer 02135,451,Bronze,10/18/2024
02136,Customer 02136,1079,Gold,06/23/2024
02137,Customer 02137,1183,Gold,02/05/2024
02138,Customer 02138,146,Bronze,02/07/2024
02139,Customer 02139,543,Silver,07/10/2024
02140,Customer 02140,330,Bronze,01/11/2024
02141,Customer 02141,730,Silver,05/24/2024
02142,Customer 02142,982,Silver,09/28/2024
02143,Customer 02143,1153,Gold,02/15/2025
02144,Customer 02144,56,Bronze,01/29/2024
02145,Customer 02145,114,Bronze,03/23/2024
02146,Customer 02146,956,Silver,07/02/2024
02147,Customer 02147,1206,Gold,11/21/2024
02148,Customer 02148,1429,Gold,12/29/2024
02149,Customer 02149,559,Silver,01/12/2025
02150,Customer 02150,723,Silver,10/20/2024
02151,Customer 02151,548,Silver,11/24/2024
02152,Customer 02152,701,Silver,07/17/2024
02153,Customer 02153,935,Silver,12/31/2024
02154,Customer 02154,292,Bronze,07/17/2024
02155,Customer 02155,1414,Gold,12/05/2024
02156,Customer 02156,1458,Gold,02/15/2024
02157,Customer 02157,374,Bronze,04/22/2024
02158,Customer 02158,1300,Gold,01/14/2024
02159,Customer 02159,539,Silver,08/24/2024
02160,Customer 02160,636,Silver,10/03/2024
02161,Customer 02161,664,Silver,05/20/2024
02162,Customer 02162,797,Silver,01/03/2024
02163,Customer 02163,1320,Gold,03/24/2024
02164,Customer 02164,1131,Gold,10/22/2024
02165,Customer 02165,1399,Gold,01/25/2025
02166,Customer 02166,871,Silver,03/20/2024
02167,Customer 02167,365,Bronze,06/06/2024
02168,Customer 02168,497,Bronze,09/20/2024
02169,Customer 02169,1470,Gold,02/18/2025
02170,Customer 02170,1259,Gold,05/05/2024
02171,Customer 02171,78,Bronze,06/01/2024
02172,Customer 02172,653,Silver,07/09/2024
02173,Customer 02173,705,Silver,04/28/2024
02174,Customer 02174,223,Bronze,12/22/2024
02175,Customer 02175,283,Bronze,12/14/2024
02176,Customer 02176,84,Bronze,11/30/2024
02177,Customer 02177,778,Silver,01/10/2024
02178,Customer 02178,1430,Gold,01/09/2025
02179,Customer 02179,1196,Gold,02/25/2025
02180,Customer 02180,1369,Gold,10/05/2024
02181,Customer 02181,766,Silver,06/26/2024
02182,Customer 02182,57,Bronze,12/10/2024
02183,Customer 02183,542,Silver,09/25/2024
02184,Customer 02184,1282,Gold,01/30/2025
02185,Customer 02185,811,Silver,07/20/2024
02186,Customer 02186,275,Bronze,01/30/2024
02187,Customer 02187,960,Silver,12/03/2024
02188,Customer 02188,1007,Gold,11/15/2024
02189,Customer 02189,371,Bronze,04/04/2024
02190,Customer 02190,1338,Gold,08/14/2024
02191,Customer 02191,99,Bronze,12/23/2024
02192,Customer 02192,586,Silver,09/30/2024
02193,Customer 02193,645,Silver,11/18/2024
02194,Customer 02194,597,Silver,10/31/2024
02195,Customer 02195,365,Bronze,04/11/2024
02196,Customer 02196,866,Silver,01/14/2024
02197,Customer 02197,71,Bronze,05/04/2024
02198,Customer 02198,797,Silver,07/14/2024
02199,Customer 02199,1057,Gold,01/31/2024
02200,Customer 02200,1491,Gold,02/28/2025
02201,Customer 02201,621,Silver,02/03/2025
02202,Customer 02202,744,Silver,08/18/2024
02203,Customer 02203,1089,Gold,07/16/2024
02204,Customer 02204,9,Bronze,07/14/2024
02205,Customer 02205,559,Silver,09/03/2024
02206,Customer 02206,390,Bronze,05/10/2024
02207,Customer 02207,231,Bronze,03/30/2024
02208,Customer 02208,30,Bronze,04/08/2024
02209,Customer 02209,1444,Gold,02/09/2024
02210,Customer 02210,646,Silver,01/07/2025
02211,Customer 02211,837,Silver,12/31/2024
02212,Customer 02212,1332,Gold,03/14/2024
02213,Customer 02213,180,Bronze,07/13/2024
02214,Customer 02214,1290,Gold,06/15/2024
02215,Customer 02215,875,Silver,02/27/2025
02216,Customer 02216,211,Bronze,03/06/2024
02217,Customer 02217,778,Silver,04/27/2024
02218,Customer 02218,1058,Gold,02/22/2025
02219,Customer 02219,635,Silver,01/17/2025
02220,Customer 02220,233,Bronze,08/14/2024
02221,Customer 02221,1402,Gold,02/27/2024
02222,Customer 02222,1228,Gold,07/10/2024
02223,Customer 02223,414,Bronze,11/04/2024
02224,Customer 02224,1281,Gold,07/28/2024
02225,Customer 02225,457,Bronze,08/23/2024
02226,Customer 02226,713,Silver,10/12/2024
02227,Customer 02227,773,Silver,02/27/2024
02228,Customer 02228,552,Silver,05/03/2024
02229,Customer 02229,791,Silver,08/31/2024
02230,Customer 02230,496,Bronze,08/26/2024
02231,Customer 02231,205,Bronze,05/12/2024
02232,Customer 02232,410,Bronze,01/06/2024
02233,Customer 02233,1500,Gold,04/29/2024
02234,Customer 02234,899,Silver,08/15/2024
02235,Customer 02235,1168,Gold,06/08/2024
02236,Customer 02236,205,Bronze,12/13/2024
02237,Customer 02237,610,Silver,10/25/2024
02238,Customer 02238,1158,Gold,06/21/2024
02239,Customer 02239,6,Bronze,04/17/2024
02240,Customer 02240,0,Bronze,02/24/2025
02241,Customer 02241,74,Bronze,06/20/2024
02242,Customer 02242,1180,Gold,02/28/2024
02243,Customer 02243,953,Silver,05/01/2024
02244,Customer 02244,1200,Gold,02/19/2024
02245,Customer 02245,647,Silver,11/01/2024
02246,Customer 02246,1071,Gold,12/19/2024
02247,Customer 02247,1085,Gold,01/28/2024
02248,Customer 02248,606,Silver,06/24/2024
02249,Customer 02249,939,Silver,06/24/2024
02250,Customer 02250,400,Bronze,03/29/2024
02251,Customer 02251,56,Bronze,03/02/2024
02252,Customer 02252,744,Silver,06/16/2024
02253,Customer 02253,12,Bronze,06/11/2024
02254,Customer 02254,706,Silver,01/26/2024
02255,Customer 02255,355,Bronze,08/30/2024
02256,Customer 02256,1392,Gold,05/20/2024
02257,Customer 02257,1154,Gold,08/05/2024
02258,Customer 02258,425,Bronze,01/06/2024
02259,Customer 02259,911,Silver,02/25/2025
02260,Customer 02260,253,Bronze,03/07/2024
02261,Customer 02261,561,Silver,03/28/2024
02262,Customer 02262,882,Silver,04/10/2024
02263,Customer 02263,1058,Gold,12/06/2024
02264,Customer 02264,537,Silver,04/10/2024
02265,Customer 02265,12,Bronze,08/11/2024
02266,Customer 02266,101,Bronze,04/24/2024
02267,Customer 02267,1125,Gold,07/23/2024
02268,Customer 02268,108,Bronze,11/08/2024
02269,Customer 02269,1436,Gold,02/25/2024
02270,Customer 02270,1192,Gold,08/10/2024
02271,Customer 02271,1255,Gold,07/18/2024
02272,Customer 02272,5,Bronze,01/28/2024
02273,Customer 02273,366,Bronze,07/30/2024
02274,Customer 02274,374,Bronze,07/11/2024
02275,Customer 02275,1066,Gold,03/09/2024
02276,Customer 02276,736,Silver,12/15/2024
02277,Customer 02277,366,Bronze,11/06/2024
02278,Customer 02278,1453,Gold,10/29/2024
02279,Customer 02279,622,Silver,10/24/2024
02280,Customer 02280,239,Bronze,03/13/2024
02281,Customer 02281,923,Silver,06/05/2024
02282,Customer 02282,1140,Gold,11/12/2024
02283,Customer 02283,1297,Gold,04/22/2024
02284,Customer 02284,979,Silver,02/10/2025
02285,Customer 02285,19,Bronze,04/17/2024
02286,Customer 02286,306,Bronze,01/25/2024
02287,Customer 02287,654,Silver,04/30/2024
02288,Customer 02288,544,Silver,11/28/2024
02289,Customer 02289,755,Silver,04/13/2024
02290,Customer 02290,573,Silver,03/16/2024
02291,Customer 02291,822,Silver,04/21/2024
02292,Customer 02292,504,Silver,09/27/2024
02293,Customer 02293,1356,Gold,02/20/2024
02294,Customer 02294,1241,Gold,04/11/2024
02295,Customer 02295,1259,Gold,05/27/2024
02296,Customer 02296,1410,Gold,03/22/2024
02297,Customer 02297,112,Bronze,09/12/2024
02298,Customer 02298,1387,Gold,11/24/2024
02299,Customer 02299,775,Silver,02/12/2024
02300,Customer 02300,260,Bronze,02/12/2025
02301,Customer 02301,168,Bronze,02/04/2025
02302,Customer 02302,497,Bronze,02/03/2025
02303,Customer 02303,1068,Gold,06/25/2024
02304,Customer 02304,513,Silver,08/12/2024
02305,Customer 02305,877,Silver,06/07/2024
02306,Customer 02306,1450,Gold,07/29/2024
02307,Customer 02307,1451,Gold,01/03/2025
02308,Customer 02308,323,Bronze,09/22/2024
02309,Customer 02309,1421,Gold,09/20/2024
02310,Customer 02310,218,Bronze,09/07/2024
02311,Customer 02311,1051,Gold,10/06/2024
02312,Customer 02312,20,Bronze,08/25/2024
02313,Customer 02313,956,Silver,10/22/2024
02314,Customer 02314,624,Silver,03/26/2024
02315,Customer 02315,138,Bronze,06/22/2024
02316,Customer 02316,969,Silver,12/04/2024
02317,Customer 02317,804,Silver,06/01/2024
02318,Customer 02318,165,Bronze,05/26/2024
02319,Customer 02319,464,Bronze,01/31/2025
02320,Customer 02320,1425,Gold,09/24/2024
02321,Customer 02321,975,Silver,08/08/2024
02322,Customer 02322,1343,Gold,01/11/2025
02323,Customer 02323,0,Bronze,02/22/2024
02324,Customer 02324,1196,Gold,02/04/2024
02325,Customer 02325,23,Bronze,02/14/2024
02326,Customer 02326,640,Silver,06/23/2024
02327,Customer 02327,270,Bronze,02/12/2025
02328,Customer 02328,539,Silver,01/01/2024
02329,Customer 02329,226,Bronze,01/12/2024
02330,Customer 02330,147,Bronze,10/12/2024
02331,Customer 02331,1208,Gold,09/23/2024
02332,Customer 02332,873,Silver,12/04/2024
02333,Customer 02333,1292,Gold,04/08/2024
02334,Customer 02334,430,Bronze,09/13/2024
02335,Customer 02335,189,Bronze,08/01/2024
02336,Customer 02336,1412,Gold,02/23/2024
02337,Customer 02337,995,Silver,04/11/2024
02338,Customer 02338,566,Silver,11/26/2024
02339,Customer 02339,1106,Gold,07/11/2024
02340,Customer 02340,547,Silver,10/29/2024
02341,Customer 02341,991,Silver,02/05/2024
02342,Customer 02342,1500,Gold,10/02/2024
02343,Customer 02343,1348,Gold,06/30/2024
02344,Customer 02344,680,Silver,11/19/2024
02345,Customer 02345,1483,Gold,01/10/2024
02346,Customer 02346,750,Silver,01/06/2025
02347,Customer 02347,1178,Gold,01/10/2024
02348,Customer 02348,476,Bronze,02/10/2024
02349,Customer 02349,1360,Gold,06/21/2024
02350,Customer 02350,194,Bronze,03/26/2024
02351,Customer 02351,122,Bronze,03/11/2024
02352,Customer 02352,1032,Gold,11/24/2024
02353,Customer 02353,1031,Gold,02/17/2024
02354,Customer 02354,40,Bronze,10/19/2024
02355,Customer 02355,1490,Gold,03/14/2024
02356,Customer 02356,478,Bronze,11/19/2024
02357,Customer 02357,639,Silver,12/17/2024
02358,Customer 02358,955,Silver,05/09/2024
02359,Customer 02359,531,Silver,02/23/2025
02360,Customer 02360,616,Silver,10/04/2024
02361,Customer 02361,1494,Gold,11/04/2024
02362,Customer 02362,7,Bronze,09/13/2024
02363,Customer 02363,381,Bronze,11/06/2024
02364,Customer 02364,206,Bronze,12/02/2024
02365,Customer 02365,877,Silver,11/21/2024
02366,Customer 02366,779,Silver,03/25/2024
02367,Customer 02367,405,Bronze,09/26/2024
02368,Customer 02368,79,Bronze,06/17/2024
02369,Customer 02369,377,Bronze,02/14/2025
02370,Customer 02370,697,Silver,01/24/2025
02371,Customer 02371,1002,Gold,02/12/2025
02372,Customer 02372,886,Silver,04/29/2024
02373,Customer 02373,694,Silver,02/21/2025
02374,Customer 02374,1318,Gold,01/07/2025
02375,Customer 02375,138,Bronze,03/01/2024
02376,Customer 02376,134,Bronze,04/27/2024
02377,Customer 02377,854,Silver,01/01/2025
02378,Customer 02378,1322,Gold,08/08/2024
02379,Customer 02379,1092,Gold,05/08/2024
02380,Customer 02380,978,Silver,03/28/2024
02381,Customer 02381,66,Bronze,02/27/2024
02382,Customer 02382,1348,Gold,09/06/2024
02383,Customer 02383,354,Bronze,05/13/2024
02384,Customer 02384,434,Bronze,03/09/2024
02385,Customer 02385,818,Silver,08/24/2024
02386,Customer 02386,28,Bronze,09/08/2024
02387,Customer 02387,598,Silver,12/10/2024
02388,Customer 02388,1059,Gold,07/05/2024
02389,Customer 02389,1094,Gold,07/19/2024
02390,Customer 02390,1390,Gold,03/17/2024
02391,Customer 02391,530,Silver,05/29/2024
02392,Customer 02392,697,Silver,03/29/2024
02393,Customer 02393,335,Bronze,09/25/2024
02394,Customer 02394,325,Bronze,02/14/2025
02395,Customer 02395,144,Bronze,08/12/2024
02396,Customer 02396,497,Bronze,08/27/2024
02397,Customer 02397,767,Silver,10/10/2024
02398,Customer 02398,778,Silver,06/03/2024
02399,Customer 02399,1311,Gold,03/17/2024
02400,Customer 02400,751,Silver,12/11/2024
02401,Customer 02401,12,Bronze,01/15/2024
02402,Customer 02402,378,Bronze,01/27/2024
02403,Customer 02403,471,Bronze,03/04/2024
02404,Customer 02404,705,Silver,02/07/2025
02405,Customer 02405,500,Silver,07/17/2024
02406,Customer 02406,373,Bronze,07/02/2024
02407,Customer 02407,650,Silver,02/01/2024
02408,Customer 02408,1180,Gold,09/18/2024
02409,Customer 02409,1046,Gold,12/24/2024
02410,Customer 02410,787,Silver,09/06/2024
02411,Customer 02411,338,Bronze,01/29/2024
02412,Customer 02412,103,Bronze,01/26/2025
02413,Customer 02413,602,Silver,01/07/2025
02414,Customer 02414,706,Silver,01/24/2024
02415,Customer 02415,719,Silver,12/06/2024
02416,Customer 02416,448,Bronze,01/13/2024
02417,Customer 02417,301,Bronze,06/05/2024
02418,Customer 02418,1181,Gold,09/16/2024
02419,Customer 02419,23,Bronze,01/06/2025
02420,Customer 02420,1416,Gold,04/12/2024
02421,Customer 02421,1443,Gold,06/29/2024
02422,Customer 02422,1101,Gold,11/01/2024
02423,Customer 02423,812,Silver,10/26/2024
02424,Customer 02424,1360,Gold,10/07/2024
02425,Customer 02425,315,Bronze,12/20/2024
02426,Customer 02426,1320,Gold,01/01/2025
02427,Customer 02427,145,Bronze,04/23/2024
02428,Customer 02428,1194,Gold,09/01/2024
02429,Customer 02429,970,Silver,03/30/2024
02430,Customer 02430,270,Bronze,05/02/2024
02431,Customer 02431,1350,Gold,01/07/2024
02432,Customer 02432,921,Silver,09/02/2024
02433,Customer 02433,614,Silver,09/05/2024
02434,Customer 02434,110,Bronze,12/13/2024
02435,Customer 02435,1044,Gold,01/22/2025
02436,Customer 02436,773,Silver,08/23/2024
02437,Customer 02437,767,Silver,02/11/2024
02438,Customer 02438,202,Bronze,01/04/2025
02439,Customer 02439,1443,Gold,05/03/2024
02440,Customer 02440,830,Silver,01/11/2024
02441,Customer 02441,695,Silver,12/25/2024
02442,Customer 02442,677,Silver,06/11/2024
02443,Customer 02443,496,Bronze,09/30/2024
02444,Customer 02444,1373,Gold,12/06/2024
02445,Customer 02445,152,Bronze,03/27/2024
02446,Customer 02446,798,Silver,04/28/2024
02447,Customer 02447,336,Bronze,12/29/2024
02448,Customer 02448,503,Silver,02/12/2025
02449,Customer 02449,160,Bronze,01/05/2024
02450,Customer 02450,458,Bronze,05/04/2024
02451,Customer 02451,1227,Gold,12/17/2024
02452,Customer 02452,13,Bronze,01/06/2024
02453,Customer 02453,1053,Gold,09/08/2024
02454,Customer 02454,990,Silver,03/07/2024
02455,Customer 02455,298,Bronze,08/24/2024
02456,Customer 02456,1390,Gold,11/16/2024
02457,Customer 02457,436,Bronze,09/15/2024
02458,Customer 02458,953,Silver,01/29/2024
02459,Customer 02459,1088,Gold,04/02/2024
02460,Customer 02460,295,Bronze,06/16/2024
02461,Customer 02461,1063,Gold,01/08/2025
02462,Customer 02462,259,Bronze,11/07/2024
02463,Customer 02463,1335,Gold,09/04/2024
02464,Customer 02464,243,Bronze,02/27/2025
02465,Customer 02465,1239,Gold,02/29/2024
02466,Customer 02466,699,Silver,02/01/2024
02467,Customer 02467,23,Bronze,02/16/2024
02468,Customer 02468,312,Bronze,03/18/2024
02469,Customer 02469,485,Bronze,05/04/2024
02470,Customer 02470,548,Silver,02/21/2024
02471,Customer 02471,446,Bronze,04/09/2024
02472,Customer 02472,919,Silver,12/13/2024
02473,Customer 02473,672,Silver,12/22/2024
02474,Customer 02474,1340,Gold,08/20/2024
02475,Customer 02475,658,Silver,07/08/2024
02476,Customer 02476,1084,Gold,05/01/2024
02477,Customer 02477,920,Silver,12/04/2024
02478,Customer 02478,1169,Gold,05/03/2024
02479,Customer 02479,294,Bronze,08/27/2024
02480,Customer 02480,13,Bronze,10/15/2024
02481,Customer 02481,421,Bronze,08/03/2024
02482,Customer 02482,406,Bronze,04/30/2024
02483,Customer 02483,544,Silver,02/05/2024
02484,Customer 02484,1030,Gold,10/09/2024
02485,Customer 02485,1003,Gold,02/17/2025
02486,Customer 02486,442,Bronze,03/19/2024
02487,Customer 02487,374,Bronze,01/04/2025
02488,Customer 02488,227,Bronze,07/08/2024
02489,Customer 02489,839,Silver,09/26/2024
02490,Customer 02490,90,Bronze,06/23/2024
02491,Customer 02491,737,Silver,01/24/2024
02492,Customer 02492,1337,Gold,10/25/2024
02493,Customer 02493,546,Silver,04/26/2024
02494,Customer 02494,246,Bronze,07/26/2024
02495,Customer 02495,583,Silver,11/13/2024
02496,Customer 02496,1063,Gold,05/03/2024
02497,Customer 02497,298,Bronze,03/08/2024
02498,Customer 02498,817,Silver,08/31/2024
02499,Customer 02499,87,Bronze,03/01/2024
02500,Customer 02500,777,Silver,03/22/2024
02501,Customer 02501,393,Bronze,03/26/2024
02502,Customer 02502,97,Bronze,01/11/2024
02503,Customer 02503,1419,Gold,12/20/2024
02504,Customer 02504,14,Bronze,06/19/2024
02505,Customer 02505,1116,Gold,03/15/2024
02506,Customer 02506,1258,Gold,10/21/2024
02507,Customer 02507,784,Silver,07/17/2024
02508,Customer 02508,1425,Gold,04/28/2024
02509,Customer 02509,1361,Gold,07/20/2024
02510,Customer 02510,1421,Gold,11/04/2024
02511,Customer 02511,145,Bronze,08/27/2024
02512,Customer 02512,560,Silver,04/29/2024
02513,Customer 02513,1432,Gold,02/01/2025
02514,Customer 02514,1017,Gold,12/23/2024
02515,Customer 02515,1391,Gold,01/24/2025
02516,Customer 02516,529,Silver,01/15/2024
02517,Customer 02517,1500,Gold,09/13/2024
02518,Customer 02518,621,Silver,02/25/2024
02519,Customer 02519,1174,Gold,10/21/2024
02520,Customer 02520,1393,Gold,10/15/2024
02521,Customer 02521,1399,Gold,01/24/2024
02522,Customer 02522,896,Silver,03/12/2024
02523,Customer 02523,1256,Gold,06/30/2024
02524,Customer 02524,205,Bronze,02/29/2024
02525,Customer 02525,1083,Gold,09/06/2024
02526,Customer 02526,661,Silver,10/25/2024
02527,Customer 02527,886,Silver,04/01/2024
02528,Customer 02528,443,Bronze,04/23/2024
02529,Customer 02529,1471,Gold,09/17/2024
02530,Customer 02530,409,Bronze,09/29/2024
02531,Customer 02531,844,Silver,08/22/2024
02532,Customer 02532,338,Bronze,08/17/2024
02533,Customer 02533,803,Silver,02/10/2024
02534,Customer 02534,818,Silver,07/13/2024
02535,Customer 02535,356,Bronze,08/29/2024
02536,Customer 02536,718,Silver,11/26/2024
02537,Customer 02537,871,Silver,06/02/2024
02538,Customer 02538,307,Bronze,05/23/2024
02539,Customer 02539,849,Silver,04/08/2024
02540,Customer 02540,538,Silver,05/06/2024
02541,Customer 02541,161,Bronze,08/26/2024
02542,Customer 02542,753,Silver,11/24/2024
02543,Customer 02543,873,Silver,12/21/2024
02544,Customer 02544,633,Silver,06/14/2024
02545,Customer 02545,1033,Gold,10/20/2024
02546,Customer 02546,787,Silver,09/14/2024
02547,Customer 02547,1478,Gold,02/18/2024
02548,Customer 02548,791,Silver,08/27/2024
02549,Customer 02549,988,Silver,10/19/2024
02550,Customer 02550,512,Silver,07/22/2024
02551,Customer 02551,245,Bronze,06/19/2024
02552,Customer 02552,533,Silver,12/20/2024
02553,Customer 02553,931,Silver,11/18/2024
02554,Customer 02554,666,Silver,02/11/2025
02555,Customer 02555,333,Bronze,01/03/2025
02556,Customer 02556,1260,Gold,02/25/2024
02557,Customer 02557,552,Silver,02/10/2024
02558,Customer 02558,1395,Gold,02/11/2024
02559,Customer 02559,1435,Gold,05/13/2024
02560,Customer 02560,772,Silver,10/14/2024
02561,Customer 02561,877,Silver,01/28/2024
02562,Customer 02562,1441,Gold,12/20/2024
02563,Customer 02563,1295,Gold,01/02/2025
02564,Customer 02564,1178,Gold,04/19/2024
02565,Customer 02565,1329,Gold,11/10/2024
02566,Customer 02566,243,Bronze,09/26/2024
02567,Customer 02567,910,Silver,01/01/2024
02568,Customer 02568,1391,Gold,11/01/2024
02569,Customer 02569,1189,Gold,12/13/2024
02570,Customer 02570,953,Silver,11/21/2024
02571,Customer 02571,823,Silver,08/18/2024
02572,Customer 02572,71,Bronze,02/29/2024
02573,Customer 02573,1041,Gold,05/25/2024
02574,Customer 02574,1315,Gold,11/08/2024
02575,Customer 02575,1157,Gold,06/23/2024
02576,Customer 02576,889,Silver,03/19/2024
02577,Customer 02577,1466,Gold,04/23/2024
02578,Customer 02578,711,Silver,03/05/2024
02579,Customer 02579,1337,Gold,07/18/2024
02580,Customer 02580,750,Silver,01/12/2024
02581,Customer 02581,1126,Gold,03/15/2024
02582,Customer 02582,1481,Gold,08/17/2024
02583,Customer 02583,184,Bronze,09/04/2024
02584,Customer 02584,971,Silver,02/12/2025
02585,Customer 02585,951,Silver,04/23/2024
02586,Customer 02586,1328,Gold,08/09/2024
02587,Customer 02587,1127,Gold,02/26/2024
02588,Customer 02588,232,Bronze,12/10/2024
02589,Customer 02589,731,Silver,03/05/2024
02590,Customer 02590,131,Bronze,04/27/2024
02591,Customer 02591,741,Silver,03/17/2024
02592,Customer 02592,995,Silver,07/23/2024
02593,Customer 02593,634,Silver,08/19/2024
02594,Customer 02594,155,Bronze,03/02/2024
02595,Customer 02595,458,Bronze,07/01/2024
02596,Customer 02596,647,Silver,04/08/2024
02597,Customer 02597,268,Bronze,11/01/2024
02598,Customer 02598,627,Silver,02/02/2024
02599,Customer 02599,551,Silver,07/09/2024
02600,Customer 02600,1385,Gold,02/15/2024
02601,Customer 02601,1383,Gold,01/09/2024
02602,Customer 02602,1476,Gold,06/11/2024
02603,Customer 02603,1492,Gold,03/04/2024
02604,Customer 02604,790,Silver,08/22/2024
02605,Customer 02605,1044,Gold,01/11/2024
02606,Customer 02606,80,Bronze,09/26/2024
02607,Customer 02607,1263,Gold,01/15/2024
02608,Customer 02608,1049,Gold,02/25/2025
02609,Customer 02609,204,Bronze,02/09/2024
02610,Customer 02610,1182,Gold,09/27/2024
02611,Customer 02611,1237,Gold,01/14/2024
02612,Customer 02612,883,Silver,09/05/2024
02613,Customer 02613,818,Silver,07/20/2024
02614,Customer 02614,896,Silver,10/17/2024
02615,Customer 02615,1447,Gold,10/10/2024
02616,Customer 02616,222,Bronze,01/09/2025
02617,Customer 02617,344,Bronze,09/26/2024
02618,Customer 02618,897,Silver,10/17/2024
02619,Customer 02619,1011,Gold,05/20/2024
02620,Customer 02620,409,Bronze,09/11/2024
02621,Customer 02621,410,Bronze,03/25/2024
02622,Customer 02622,888,Silver,01/18/2025
02623,Customer 02623,795,Silver,01/11/2024
02624,Customer 02624,392,Bronze,02/17/2025
02625,Customer 02625,1385,Gold,03/03/2024
02626,Customer 02626,1048,Gold,02/24/2024
02627,Customer 02627,1294,Gold,10/09/2024
02628,Customer 02628,655,Silver,04/24/2024
02629,Customer 02629,263,Bronze,01/05/2025
02630,Customer 02630,78,Bronze,10/16/2024
02631,Customer 02631,1396,Gold,01/29/2025
02632,Customer 02632,107,Bronze,11/07/2024
02633,Customer 02633,516,Silver,09/13/2024
02634,Customer 02634,1161,Gold,01/28/2024
02635,Customer 02635,650,Silver,06/01/2024
02636,Customer 02636,1295,Gold,05/17/2024
02637,Customer 02637,871,Silver,06/20/2024
02638,Customer 02638,1175,Gold,10/29/2024
02639,Customer 02639,1427,Gold,02/08/2024
02640,Customer 02640,1193,Gold,04/28/2024
02641,Customer 02641,1294,Gold,04/02/2024
02642,Customer 02642,632,Silver,07/13/2024
02643,Customer 02643,475,Bronze,04/20/2024
02644,Customer 02644,1362,Gold,07/12/2024
02645,Customer 02645,670,Silver,02/28/2024
02646,Customer 02646,674,Silver,07/31/2024
02647,Customer 02647,478,Bronze,01/28/2024
02648,Customer 02648,1418,Gold,05/24/2024
02649,Customer 02649,97,Bronze,01/15/2025
02650,Customer 02650,348,Bronze,06/24/2024
02651,Customer 02651,71,Bronze,01/09/2025
02652,Customer 02652,883,Silver,11/05/2024
02653,Customer 02653,1209,Gold,01/24/2024
02654,Customer 02654,289,Bronze,08/01/2024
02655,Customer 02655,55,Bronze,04/18/2024
02656,Customer 02656,678,Silver,04/18/2024
02657,Customer 02657,1256,Gold,06/11/2024
02658,Customer 02658,1486,Gold,03/06/2024
02659,Customer 02659,284,Bronze,09/15/2024
02660,Customer 02660,209,Bronze,03/02/2024
02661,Customer 02661,1335,Gold,01/15/2024
02662,Customer 02662,1085,Gold,01/04/2025
02663,Customer 02663,1168,Gold,01/01/2025
02664,Customer 02664,177,Bronze,02/03/2024
02665,Customer 02665,971,Silver,03/14/2024
02666,Customer 02666,981,Silver,03/09/2024
02667,Customer 02667,455,Bronze,08/13/2024
02668,Customer 02668,355,Bronze,05/19/2024
02669,Customer 02669,370,Bronze,10/11/2024
02670,Customer 02670,774,Silver,01/19/2024
02671,Customer 02671,620,Silver,03/31/2024
02672,Customer 02672,1270,Gold,12/27/2024
02673,Customer 02673,1166,Gold,07/07/2024
02674,Customer 02674,575,Silver,04/20/2024
02675,Customer 02675,1217,Gold,07/25/2024
02676,Customer 02676,1099,Gold,10/07/2024
02677,Customer 02677,850,Silver,02/07/2024
02678,Customer 02678,936,Silver,02/12/2025
02679,Customer 02679,292,Bronze,04/22/2024
02680,Customer 02680,466,Bronze,07/20/2024
02681,Customer 02681,989,Silver,04/25/2024
02682,Customer 02682,901,Silver,05/06/2024
02683,Customer 02683,356,Bronze,08/20/2024
02684,Customer 02684,145,Bronze,01/20/2025
02685,Customer 02685,1418,Gold,04/26/2024
02686,Customer 02686,672,Silver,02/13/2025
02687,Customer 02687,549,Silver,12/21/2024
02688,Customer 02688,1475,Gold,11/14/2024
02689,Customer 02689,1053,Gold,06/29/2024
02690,Customer 02690,861,Silver,11/02/2024
02691,Customer 02691,684,Silver,06/17/2024
02692,Customer 02692,745,Silver,01/04/2024
02693,Customer 02693,1358,Gold,01/13/2024
02694,Customer 02694,1419,Gold,09/22/2024
02695,Customer 02695,1428,Gold,12/16/2024
02696,Customer 02696,188,Bronze,01/07/2025
02697,Customer 02697,303,Bronze,06/07/2024
02698,Customer 02698,507,Silver,03/25/2024
02699,Customer 02699,549,Silver,02/25/2024
02700,Customer 02700,1133,Gold,11/06/2024
02701,Customer 02701,1245,Gold,02/10/2025
02702,Customer 02702,647,Silver,02/01/2024
02703,Customer 02703,1313,Gold,03/05/2024
02704,Customer 02704,1043,Gold,03/15/2024
02705,Customer 02705,288,Bronze,04/05/2024
02706,Customer 02706,1330,Gold,01/21/2024
02707,Customer 02707,1243,Gold,08/14/2024
02708,Customer 02708,515,Silver,01/09/2025
02709,Customer 02709,41,Bronze,05/31/2024
02710,Customer 02710,198,Bronze,06/14/2024
02711,Customer 02711,886,Silver,01/22/2025
02712,Customer 02712,408,Bronze,02/24/2025
02713,Customer 02713,1385,Gold,11/24/2024
02714,Customer 02714,1163,Gold,02/20/2024
02715,Customer 02715,474,Bronze,07/03/2024
02716,Customer 02716,1261,Gold,05/13/2024
02717,Customer 02717,565,Silver,02/24/2024
02718,Customer 02718,652,Silver,09/10/2024
02719,Customer 02719,1136,Gold,01/19/2025
02720,Customer 02720,118,Bronze,12/12/2024
02721,Customer 02721,1231,Gold,08/20/2024
02722,Customer 02722,1014,Gold,05/27/2024
02723,Customer 02723,455,Bronze,09/16/2024
02724,Customer 02724,308,Bronze,03/26/2024
02725,Customer 02725,1422,Gold,01/02/2025
02726,Customer 02726,301,Bronze,10/18/2024
02727,Customer 02727,1088,Gold,02/21/2025
02728,Customer 02728,628,Silver,03/21/2024
02729,Customer 02729,522,Silver,01/18/2025
02730,Customer 02730,194,Bronze,08/15/2024
02731,Customer 02731,694,Silver,02/27/2025
02732,Customer 02732,625,Silver,07/03/2024
02733,Customer 02733,950,Silver,09/13/2024
02734,Customer 02734,499,Bronze,12/19/2024
02735,Customer 02735,41,Bronze,07/04/2024
02736,Customer 02736,1269,Gold,08/28/2024
02737,Customer 02737,1375,Gold,05/25/2024
02738,Customer 02738,1383,Gold,02/17/2025
02739,Customer 02739,240,Bronze,12/01/2024
02740,Customer 02740,1171,Gold,02/07/2024
02741,Customer 02741,1416,Gold,05/09/2024
02742,Customer 02742,1162,Gold,11/09/2024
02743,Customer 02743,470,Bronze,10/30/2024
02744,Customer 02744,258,Bronze,08/29/2024
02745,Customer 02745,1443,Gold,10/23/2024
02746,Customer 02746,426,Bronze,03/14/2024
02747,Customer 02747,433,Bronze,01/29/2024
02748,Customer 02748,1316,Gold,08/29/2024
02749,Customer 02749,578,Silver,02/12/2025
02750,Customer 02750,465,Bronze,11/09/2024
02751,Customer 02751,355,Bronze,01/02/2025
02752,Customer 02752,868,Silver,02/11/2024
02753,Customer 02753,712,Silver,06/10/2024
02754,Customer 02754,1048,Gold,08/06/2024
02755,Customer 02755,815,Silver,01/22/2024
02756,Customer 02756,1324,Gold,09/27/2024
02757,Customer 02757,97,Bronze,02/25/2024
02758,Customer 02758,657,Silver,01/19/2025
02759,Customer 02759,1482,Gold,05/12/2024
02760,Customer 02760,1213,Gold,10/16/2024
02761,Customer 02761,1072,Gold,01/01/2025
02762,Customer 02762,1469,Gold,12/04/2024
02763,Customer 02763,1260,Gold,04/25/2024
02764,Customer 02764,188,Bronze,06/12/2024
02765,Customer 02765,1238,Gold,01/16/2025
02766,Customer 02766,206,Bronze,03/16/2024
02767,Customer 02767,990,Silver,01/26/2024
02768,Customer 02768,62,Bronze,08/30/2024
02769,Customer 02769,1261,Gold,03/17/2024
02770,Customer 02770,811,Silver,04/21/2024
02771,Customer 02771,157,Bronze,06/11/2024
02772,Customer 02772,638,Silver,06/06/2024
02773,Customer 02773,1134,Gold,01/13/2024
02774,Customer 02774,782,Silver,09/17/2024
02775,Customer 02775,772,Silver,09/18/2024
02776,Customer 02776,1007,Gold,05/26/2024
02777,Customer 02777,1361,Gold,07/12/2024
02778,Customer 02778,1217,Gold,11/03/2024
02779,Customer 02779,824,Silver,12/19/2024
02780,Customer 02780,821,Silver,07/06/2024
02781,Customer 02781,491,Bronze,01/10/2025
02782,Customer 02782,510,Silver,03/03/2024
02783,Customer 02783,994,Silver,06/17/2024
02784,Customer 02784,186,Bronze,04/15/2024
02785,Customer 02785,1408,Gold,07/27/2024
02786,Customer 02786,985,Silver,07/22/2024
02787,Customer 02787,643,Silver,08/12/2024
02788,Customer 02788,165,Bronze,02/14/2025
02789,Customer 02789,343,Bronze,06/28/2024
02790,Customer 02790,260,Bronze,07/06/2024
02791,Customer 02791,1135,Gold,02/11/2025
02792,Customer 02792,669,Silver,07/18/2024
02793,Customer 02793,194,Bronze,11/21/2024
02794,Customer 02794,1408,Gold,08/29/2024
02795,Customer 02795,825,Silver,02/21/2024
02796,Customer 02796,1002,Gold,02/16/2025
02797,Customer 02797,493,Bronze,01/23/2024
02798,Customer 02798,543,Silver,02/12/2025
02799,Customer 02799,20,Bronze,11/16/2024
02800,Customer 02800,247,Bronze,02/03/2025
02801,Customer 02801,70,Bronze,01/23/2024
02802,Customer 02802,728,Silver,06/27/2024
02803,Customer 02803,487,Bronze,06/03/2024
02804,Customer 02804,535,Silver,08/14/2024
02805,Customer 02805,695,Silver,04/21/2024
02806,Customer 02806,452,Bronze,09/02/2024
02807,Customer 02807,703,Silver,02/11/2024
02808,Customer 02808,978,Silver,08/08/2024
02809,Customer 02809,617,Silver,08/25/2024
02810,Customer 02810,762,Silver,04/10/2024
02811,Customer 02811,588,Silver,05/04/2024
02812,Customer 02812,346,Bronze,08/12/2024
02813,Customer 02813,922,Silver,03/27/2024
02814,Customer 02814,1328,Gold,01/16/2024
02815,Customer 02815,1085,Gold,10/22/2024
02816,Customer 02816,812,Silver,10/05/2024
02817,Customer 02817,285,Bronze,09/16/2024
02818,Customer 02818,1260,Gold,10/05/2024
02819,Customer 02819,395,Bronze,06/11/2024
02820,Customer 02820,119,Bronze,01/21/2024
02821,Customer 02821,69,Bronze,09/23/2024
02822,Customer 02822,407,Bronze,08/19/2024
02823,Customer 02823,634,Silver,02/18/2024
02824,Customer 02824,1473,Gold,05/15/2024
02825,Customer 02825,1158,Gold,02/05/2024
02826,Customer 02826,314,Bronze,02/13/2025
02827,Customer 02827,1033,Gold,05/04/2024
02828,Customer 02828,646,Silver,08/20/2024
02829,Customer 02829,598,Silver,03/29/2024
02830,Customer 02830,1050,Gold,11/11/2024
02831,Customer 02831,1177,Gold,08/20/2024
02832,Customer 02832,132,Bronze,07/11/2024
02833,Customer 02833,53,Bronze,06/30/2024
02834,Customer 02834,709,Silver,05/08/2024
02835,Customer 02835,408,Bronze,04/16/2024
02836,Customer 02836,361,Bronze,08/29/2024
02837,Customer 02837,786,Silver,11/17/2024
02838,Customer 02838,265,Bronze,03/21/2024
02839,Customer 02839,434,Bronze,10/17/2024
02840,Customer 02840,476,Bronze,08/18/2024
02841,Customer 02841,526,Silver,01/07/2024
02842,Customer 02842,860,Silver,02/08/2024
02843,Customer 02843,1461,Gold,11/04/2024
02844,Customer 02844,258,Bronze,04/09/2024
02845,Customer 02845,1149,Gold,08/21/2024
02846,Customer 02846,1186,Gold,01/07/2025
02847,Customer 02847,453,Bronze,10/13/2024
02848,Customer 02848,241,Bronze,12/06/2024
02849,Customer 02849,1123,Gold,02/09/2025
02850,Customer 02850,441,Bronze,12/24/2024
02851,Customer 02851,1063,Gold,11/02/2024
02852,Customer 02852,704,Silver,11/08/2024
02853,Customer 02853,957,Silver,03/22/2024
02854,Customer 02854,95,Bronze,09/07/2024
02855,Customer 02855,1338,Gold,08/15/2024
02856,Customer 02856,161,Bronze,06/09/2024
02857,Customer 02857,908,Silver,04/11/2024
02858,Customer 02858,545,Silver,01/13/2025
02859,Customer 02859,485,Bronze,01/23/2025
02860,Customer 02860,288,Bronze,05/14/2024
02861,Customer 02861,925,Silver,02/22/2024
02862,Customer 02862,702,Silver,01/20/2024
02863,Customer 02863,1299,Gold,04/05/2024
02864,Customer 02864,630,Silver,09/14/2024
02865,Customer 02865,279,Bronze,05/05/2024
02866,Customer 02866,972,Silver,12/14/2024
02867,Customer 02867,299,Bronze,06/06/2024
02868,Customer 02868,603,Silver,02/03/2024
02869,Customer 02869,1022,Gold,02/06/2025
02870,Customer 02870,253,Bronze,01/24/2025
02871,Customer 02871,1346,Gold,10/03/2024
02872,Customer 02872,310,Bronze,03/02/2024
02873,Customer 02873,1012,Gold,05/11/2024
02874,Customer 02874,908,Silver,08/20/2024
02875,Customer 02875,1176,Gold,01/18/2024
02876,Customer 02876,236,Bronze,09/05/2024
02877,Customer 02877,1015,Gold,09/29/2024
02878,Customer 02878,1135,Gold,07/03/2024
02879,Customer 02879,1238,Gold,05/21/2024
02880,Customer 02880,1216,Gold,02/09/2024
02881,Customer 02881,182,Bronze,02/01/2024
02882,Customer 02882,661,Silver,07/10/2024
02883,Customer 02883,791,Silver,11/26/2024
02884,Customer 02884,935,Silver,05/29/2024
02885,Customer 02885,246,Bronze,03/02/2024
02886,Customer 02886,1320,Gold,12/19/2024
02887,Customer 02887,1225,Gold,01/31/2024
02888,Customer 02888,903,Silver,11/25/2024
02889,Customer 02889,379,Bronze,11/26/2024
02890,Customer 02890,47,Bronze,06/06/2024
02891,Customer 02891,522,Silver,06/08/2024
02892,Customer 02892,1250,Gold,11/30/2024
02893,Customer 02893,331,Bronze,12/30/2024
02894,Customer 02894,299,Bronze,02/21/2025
02895,Customer 02895,1038,Gold,12/13/2024
02896,Customer 02896,1027,Gold,02/24/2025
02897,Customer 02897,995,Silver,04/10/2024
02898,Customer 02898,606,Silver,06/19/2024
02899,Customer 02899,601,Silver,01/03/2025
02900,Customer 02900,692,Silver,02/24/2025
02901,Customer 02901,594,Silver,08/28/2024
02902,Customer 02902,770,Silver,02/03/2024
02903,Customer 02903,569,Silver,12/11/2024
02904,Customer 02904,1450,Gold,10/17/2024
02905,Customer 02905,472,Bronze,05/24/2024
02906,Customer 02906,475,Bronze,09/22/2024
02907,Customer 02907,659,Silver,02/24/2025
02908,Customer 02908,739,Silver,10/26/2024
02909,Customer 02909,427,Bronze,12/01/2024
02910,Customer 02910,183,Bronze,12/07/2024
02911,Customer 02911,76,Bronze,11/22/2024
02912,Customer 02912,1373,Gold,07/01/2024
02913,Customer 02913,60,Bronze,02/25/2025
02914,Customer 02914,628,Silver,11/13/2024
02915,Customer 02915,632,Silver,07/22/2024
02916,Customer 02916,484,Bronze,01/13/2025
02917,Customer 02917,868,Silver,12/10/2024
02918,Customer 02918,1416,Gold,10/03/2024
02919,Customer 02919,790,Silver,09/15/2024
02920,Customer 02920,1024,Gold,10/01/2024
02921,Customer 02921,142,Bronze,01/29/2024
02922,Customer 02922,187,Bronze,11/25/2024
02923,Customer 02923,1221,Gold,02/13/2024
02924,Customer 02924,13,Bronze,05/10/2024
02925,Customer 02925,764,Silver,12/11/2024
02926,Customer 02926,603,Silver,02/08/2024
02927,Customer 02927,1301,Gold,05/14/2024
02928,Customer 02928,82,Bronze,11/25/2024
02929,Customer 02929,580,Silver,10/01/2024
02930,Customer 02930,244,Bronze,09/02/2024
02931,Customer 02931,499,Bronze,02/10/2025
02932,Customer 02932,544,Silver,03/08/2024
02933,Customer 02933,782,Silver,09/04/2024
02934,Customer 02934,973,Silver,08/08/2024
02935,Customer 02935,245,Bronze,04/20/2024
02936,Customer 02936,109,Bronze,05/07/2024
02937,Customer 02937,752,Silver,08/16/2024
02938,Customer 02938,339,Bronze,11/13/2024
02939,Customer 02939,1436,Gold,07/24/2024
02940,Customer 02940,169,Bronze,09/27/2024
02941,Customer 02941,506,Silver,06/29/2024
02942,Customer 02942,1036,Gold,06/02/2024
02943,Customer 02943,792,Silver,01/26/2024
02944,Customer 02944,239,Bronze,07/28/2024
02945,Customer 02945,1173,Gold,06/01/2024
02946,Customer 02946,341,Bronze,09/08/2024
02947,Customer 02947,455,Bronze,02/13/2024
02948,Customer 02948,1320,Gold,07/17/2024
02949,Customer 02949,1102,Gold,02/04/2025
02950,Customer 02950,1167,Gold,05/03/2024
02951,Customer 02951,618,Silver,08/23/2024
02952,Customer 02952,1330,Gold,02/23/2024
02953,Customer 02953,153,Bronze,11/10/2024
02954,Customer 02954,851,Silver,07/13/2024
02955,Customer 02955,930,Silver,10/28/2024
02956,Customer 02956,196,Bronze,02/20/2025
02957,Customer 02957,364,Bronze,06/18/2024
02958,Customer 02958,397,Bronze,11/21/2024
02959,Customer 02959,656,Silver,10/08/2024
02960,Customer 02960,47,Bronze,03/08/2024
02961,Customer 02961,509,Silver,11/02/2024
02962,Customer 02962,363,Bronze,07/12/2024
02963,Customer 02963,963,Silver,07/31/2024
02964,Customer 02964,1311,Gold,03/04/2024
02965,Customer 02965,495,Bronze,02/19/2025
02966,Customer 02966,74,Bronze,06/28/2024
02967,Customer 02967,1,Bronze,09/10/2024
02968,Customer 02968,1328,Gold,02/21/2025
02969,Customer 02969,1279,Gold,10/29/2024
02970,Customer 02970,1400,Gold,09/06/2024
02971,Customer 02971,625,Silver,08/28/2024
02972,Customer 02972,970,Silver,03/14/2024
02973,Customer 02973,576,Silver,04/13/2024
02974,Customer 02974,971,Silver,05/21/2024
02975,Customer 02975,851,Silver,02/24/2024
02976,Customer 02976,1187,Gold,01/04/2025
02977,Customer 02977,1295,Gold,09/18/2024
02978,Customer 02978,448,Bronze,02/15/2025
02979,Customer 02979,868,Silver,01/19/2025
02980,Customer 02980,1463,Gold,03/16/2024
02981,Customer 02981,938,Silver,10/26/2024
02982,Customer 02982,1115,Gold,02/10/2024
02983,Customer 02983,1399,Gold,01/29/2024
02984,Customer 02984,423,Bronze,06/26/2024
02985,Customer 02985,478,Bronze,12/15/2024
02986,Customer 02986,633,Silver,01/13/2025
02987,Customer 02987,1193,Gold,11/09/2024
02988,Customer 02988,411,Bronze,01/11/2024
02989,Customer 02989,897,Silver,08/22/2024
02990,Customer 02990,1087,Gold,01/11/2025
02991,Customer 02991,1327,Gold,06/14/2024
02992,Customer 02992,93,Bronze,05/24/2024
02993,Customer 02993,980,Silver,06/17/2024
02994,Customer 02994,317,Bronze,01/01/2025
02995,Customer 02995,540,Silver,01/27/2024
02996,Customer 02996,323,Bronze,06/04/2024
02997,Customer 02997,54,Bronze,10/03/2024
02998,Customer 02998,1127,Gold,03/29/2024
02999,Customer 02999,792,Silver,01/12/2024
03000,Customer 03000,1162,Gold,01/16/2025
03001,Customer 03001,360,Bronze,10/29/2024
03002,Customer 03002,212,Bronze,04/03/2024
03003,Customer 03003,1025,Gold,07/13/2024
03004,Customer 03004,1402,Gold,08/31/2024
03005,Customer 03005,710,Silver,05/04/2024
03006,Customer 03006,429,Bronze,10/30/2024
03007,Customer 03007,1209,Gold,08/20/2024
03008,Customer 03008,144,Bronze,02/25/2024
03009,Customer 03009,555,Silver,11/20/2024
03010,Customer 03010,484,Bronze,01/10/2025
03011,Customer 03011,91,Bronze,02/16/2025
03012,Customer 03012,1463,Gold,05/03/2024
03013,Customer 03013,48,Bronze,02/05/2025
03014,Customer 03014,1106,Gold,01/18/2024
03015,Customer 03015,353,Bronze,07/13/2024
03016,Customer 03016,979,Silver,11/07/2024
03017,Customer 03017,1269,Gold,04/02/2024
03018,Customer 03018,401,Bronze,01/29/2025
03019,Customer 03019,1236,Gold,08/23/2024
03020,Customer 03020,9,Bronze,03/10/2024
03021,Customer 03021,160,Bronze,12/25/2024
03022,Customer 03022,1008,Gold,09/04/2024
03023,Customer 03023,473,Bronze,05/16/2024
03024,Customer 03024,334,Bronze,10/24/2024
03025,Customer 03025,558,Silver,12/16/2024
03026,Customer 03026,692,Silver,11/20/2024
03027,Customer 03027,709,Silver,12/02/2024
03028,Customer 03028,867,Silver,04/08/2024
03029,Customer 03029,455,Bronze,11/14/2024
03030,Customer 03030,480,Bronze,03/11/2024
03031,Customer 03031,500,Silver,03/19/2024
03032,Customer 03032,1186,Gold,05/13/2024
03033,Customer 03033,1051,Gold,11/06/2024
03034,Customer 03034,656,Silver,03/04/2024
03035,Customer 03035,1246,Gold,04/16/2024
03036,Customer 03036,1332,Gold,07/04/2024
03037,Customer 03037,425,Bronze,12/09/2024
03038,Customer 03038,1111,Gold,05/01/2024
03039,Customer 03039,525,Silver,08/12/2024
03040,Customer 03040,1390,Gold,02/04/2024
03041,Customer 03041,1353,Gold,07/21/2024
03042,Customer 03042,296,Bronze,07/30/2024
03043,Customer 03043,580,Silver,04/12/2024
03044,Customer 03044,1163,Gold,01/22/2025
03045,Customer 03045,544,Silver,02/29/2024
03046,Customer 03046,196,Bronze,12/10/2024
03047,Customer 03047,109,Bronze,01/28/2025
03048,Customer 03048,596,Silver,02/18/2024
03049,Customer 03049,786,Silver,03/08/2024
03050,Customer 03050,217,Bronze,02/15/2025
03051,Customer 03051,619,Silver,10/14/2024
03052,Customer 03052,1064,Gold,04/27/2024
03053,Customer 03053,198,Bronze,10/22/2024
03054,Customer 03054,1240,Gold,01/27/2024
03055,Customer 03055,1304,Gold,01/19/2024
03056,Customer 03056,76,Bronze,12/07/2024
03057,Customer 03057,1301,Gold,01/17/2024
03058,Customer 03058,421,Bronze,08/08/2024
03059,Customer 03059,131,Bronze,11/27/2024
03060,Customer 03060,719,Silver,05/30/2024
03061,Customer 03061,1430,Gold,09/12/2024
03062,Customer 03062,724,Silver,03/20/2024
03063,Customer 03063,327,Bronze,02/01/2025
03064,Customer 03064,1162,Gold,01/21/2024
03065,Customer 03065,1289,Gold,01/06/2025
03066,Customer 03066,1328,Gold,04/15/2024
03067,Customer 03067,1359,Gold,08/13/2024
03068,Customer 03068,803,Silver,06/21/2024
03069,Customer 03069,893,Silver,03/23/2024
03070,Customer 03070,980,Silver,02/05/2025
03071,Customer 03071,611,Silver,01/09/2025
03072,Customer 03072,224,Bronze,07/28/2024
03073,Customer 03073,847,Silver,01/23/2025
03074,Customer 03074,1444,Gold,01/15/2025
03075,Customer 03075,88,Bronze,06/22/2024
03076,Customer 03076,772,Silver,08/15/2024
03077,Customer 03077,1397,Gold,08/22/2024
03078,Customer 03078,583,Silver,08/09/2024
03079,Customer 03079,865,Silver,03/04/2024
03080,Customer 03080,1028,Gold,01/05/2024
03081,Customer 03081,1374,Gold,05/08/2024
03082,Customer 03082,1140,Gold,01/28/2024
03083,Customer 03083,289,Bronze,02/20/2025
03084,Customer 03084,854,Silver,01/02/2024
03085,Customer 03085,615,Silver,02/15/2024
03086,Customer 03086,471,Bronze,01/20/2024
03087,Customer 03087,1422,Gold,02/17/2024
03088,Customer 03088,856,Silver,02/11/2025
03089,Customer 03089,207,Bronze,09/01/2024
03090,Customer 03090,432,Bronze,11/04/2024
03091,Customer 03091,829,Silver,01/02/2025
03092,Customer 03092,963,Silver,08/19/2024
03093,Customer 03093,422,Bronze,03/27/2024
03094,Customer 03094,98,Bronze,01/24/2024
03095,Customer 03095,1150,Gold,08/05/2024
03096,Customer 03096,352,Bronze,11/02/2024
03097,Customer 03097,356,Bronze,04/03/2024
03098,Customer 03098,1063,Gold,12/08/2024
03099,Customer 03099,614,Silver,04/12/2024
03100,Customer 03100,341,Bronze,11/03/2024
03101,Customer 03101,165,Bronze,03/30/2024
03102,Customer 03102,794,Silver,01/20/2024
03103,Customer 03103,1116,Gold,04/28/2024
03104,Customer 03104,353,Bronze,05/17/2024
03105,Customer 03105,1236,Gold,08/29/2024
03106,Customer 03106,1347,Gold,03/19/2024
03107,Customer 03107,883,Silver,01/10/2024
03108,Customer 03108,608,Silver,02/14/2025
03109,Customer 03109,204,Bronze,10/11/2024
03110,Customer 03110,686,Silver,02/06/2025
03111,Customer 03111,979,Silver,03/23/2024
03112,Customer 03112,984,Silver,08/16/2024
03113,Customer 03113,66,Bronze,09/04/2024
03114,Customer 03114,1009,Gold,01/12/2024
03115,Customer 03115,1201,Gold,09/13/2024
03116,Customer 03116,951,Silver,11/09/2024
03117,Customer 03117,1460,Gold,05/20/2024
03118,Customer 03118,1323,Gold,01/21/2025
03119,Customer 03119,626,Silver,02/21/2024
03120,Customer 03120,101,Bronze,03/01/2024
03121,Customer 03121,1174,Gold,01/08/2025
03122,Customer 03122,413,Bronze,09/17/2024
03123,Customer 03123,858,Silver,02/26/2025
03124,Customer 03124,228,Bronze,09/07/2024
03125,Customer 03125,614,Silver,02/25/2024
03126,Customer 03126,1278,Gold,08/07/2024
03127,Customer 03127,749,Silver,01/06/2025
03128,Customer 03128,1174,Gold,02/17/2024
03129,Customer 03129,1291,Gold,09/04/2024
03130,Customer 03130,1363,Gold,02/02/2025
03131,Customer 03131,702,Silver,01/24/2025
03132,Customer 03132,276,Bronze,01/29/2024
03133,Customer 03133,1005,Gold,05/03/2024
03134,Customer 03134,1388,Gold,02/19/2024
03135,Customer 03135,57,Bronze,09/02/2024
03136,Customer 03136,429,Bronze,10/05/2024
03137,Customer 03137,1498,Gold,12/13/2024
03138,Customer 03138,1267,Gold,11/22/2024
03139,Customer 03139,931,Silver,01/17/2024
03140,Customer 03140,1301,Gold,11/11/2024
03141,Customer 03141,1202,Gold,02/17/2024
03142,Customer 03142,1042,Gold,07/15/2024
03143,Customer 03143,1057,Gold,01/12/2024
03144,Customer 03144,922,Silver,09/12/2024
03145,Customer 03145,1231,Gold,01/06/2024
03146,Customer 03146,1224,Gold,12/14/2024
03147,Customer 03147,965,Silver,08/02/2024
03148,Customer 03148,729,Silver,09/18/2024
03149,Customer 03149,186,Bronze,10/30/2024
03150,Customer 03150,43,Bronze,01/31/2024
03151,Customer 03151,727,Silver,02/18/2024
03152,Customer 03152,711,Silver,06/21/2024
03153,Customer 03153,22,Bronze,08/04/2024
03154,Customer 03154,1061,Gold,12/06/2024
03155,Customer 03155,1229,Gold,07/17/2024
03156,Customer 03156,1469,Gold,02/19/2025
03157,Customer 03157,746,Silver,01/09/2024
03158,Customer 03158,1144,Gold,07/07/2024
03159,Customer 03159,231,Bronze,10/21/2024
03160,Customer 03160,1380,Gold,11/27/2024
03161,Customer 03161,26,Bronze,03/03/2024
03162,Customer 03162,976,Silver,07/19/2024
03163,Customer 03163,47,Bronze,02/08/2024
03164,Customer 03164,904,Silver,01/30/2025
03165,Customer 03165,497,Bronze,12/08/2024
03166,Customer 03166,1414,Gold,04/01/2024
03167,Customer 03167,1446,Gold,02/01/2025
03168,Customer 03168,930,Silver,09/30/2024
03169,Customer 03169,775,Silver,10/11/2024
03170,Customer 03170,28,Bronze,02/26/2025
03171,Customer 03171,224,Bronze,08/01/2024
03172,Customer 03172,687,Silver,02/26/2025
03173,Customer 03173,1366,Gold,12/25/2024
03174,Customer 03174,313,Bronze,03/10/2024
03175,Customer 03175,42,Bronze,07/02/2024
03176,Customer 03176,455,Bronze,07/14/2024
03177,Customer 03177,210,Bronze,10/04/2024
03178,Customer 03178,353,Bronze,07/07/2024
03179,Customer 03179,175,Bronze,11/17/2024
03180,Customer 03180,155,Bronze,02/04/2024
03181,Customer 03181,636,Silver,01/24/2025
03182,Customer 03182,1289,Gold,01/28/2025
03183,Customer 03183,125,Bronze,11/01/2024
03184,Customer 03184,327,Bronze,01/04/2024
03185,Customer 03185,1414,Gold,11/17/2024
03186,Customer 03186,690,Silver,12/27/2024
03187,Customer 03187,1437,Gold,12/02/2024
03188,Customer 03188,653,Silver,02/23/2024
03189,Customer 03189,558,Silver,03/13/2024
03190,Customer 03190,141,Bronze,01/12/2025
03191,Customer 03191,1200,Gold,10/11/2024
03192,Customer 03192,389,Bronze,12/26/2024
03193,Customer 03193,71,Bronze,10/30/2024
03194,Customer 03194,1261,Gold,04/22/2024
03195,Customer 03195,3,Bronze,01/02/2025
03196,Customer 03196,826,Silver,01/20/2024
03197,Customer 03197,725,Silver,01/30/2025
03198,Customer 03198,44,Bronze,02/15/2024
03199,Customer 03199,1058,Gold,08/10/2024
03200,Customer 03200,422,Bronze,07/12/2024
03201,Customer 03201,381,Bronze,04/18/2024
03202,Customer 03202,623,Silver,05/01/2024
03203,Customer 03203,964,Silver,11/06/2024
03204,Customer 03204,886,Silver,11/23/2024
03205,Customer 03205,7,Bronze,08/15/2024
03206,Customer 03206,544,Silver,03/30/2024
03207,Customer 03207,363,Bronze,12/14/2024
03208,Customer 03208,649,Silver,08/27/2024
03209,Customer 03209,1023,Gold,05/28/2024
03210,Customer 03210,441,Bronze,07/17/2024
03211,Customer 03211,1182,Gold,01/28/2025
03212,Customer 03212,1485,Gold,06/25/2024
03213,Customer 03213,727,Silver,07/13/2024
03214,Customer 03214,1474,Gold,05/15/2024
03215,Customer 03215,717,Silver,03/16/2024
03216,Customer 03216,563,Silver,04/29/2024
03217,Customer 03217,1042,Gold,03/30/2024
03218,Customer 03218,715,Silver,03/24/2024
03219,Customer 03219,1309,Gold,08/07/2024
03220,Customer 03220,613,Silver,08/17/2024
03221,Customer 03221,1309,Gold,09/26/2024
03222,Customer 03222,1377,Gold,06/02/2024
03223,Customer 03223,1244,Gold,10/07/2024
03224,Customer 03224,212,Bronze,01/08/2025
03225,Customer 03225,353,Bronze,01/04/2024
03226,Customer 03226,900,Silver,02/18/2024
03227,Customer 03227,1385,Gold,04/22/2024
03228,Customer 03228,312,Bronze,04/23/2024
03229,Customer 03229,1257,Gold,06/05/2024
03230,Customer 03230,261,Bronze,02/19/2025
03231,Customer 03231,1285,Gold,03/18/2024
03232,Customer 03232,1252,Gold,03/25/2024
03233,Customer 03233,1016,Gold,02/15/2025
03234,Customer 03234,1135,Gold,11/18/2024
03235,Customer 03235,681,Silver,01/04/2024
03236,Customer 03236,1118,Gold,01/17/2025
03237,Customer 03237,1103,Gold,11/21/2024
03238,Customer 03238,204,Bronze,03/15/2024
03239,Customer 03239,989,Silver,04/10/2024
03240,Customer 03240,1289,Gold,05/27/2024
03241,Customer 03241,89,Bronze,05/29/2024
03242,Customer 03242,1359,Gold,08/04/2024
03243,Customer 03243,865,Silver,01/31/2024
03244,Customer 03244,1161,Gold,08/22/2024
03245,Customer 03245,1085,Gold,07/18/2024
03246,Customer 03246,672,Silver,12/10/2024
03247,Customer 03247,880,Silver,03/14/2024
03248,Customer 03248,645,Silver,07/11/2024
03249,Customer 03249,256,Bronze,02/17/2025
03250,Customer 03250,793,Silver,04/17/2024
03251,Customer 03251,1093,Gold,05/02/2024
03252,Customer 03252,502,Silver,03/31/2024
03253,Customer 03253,1325,Gold,01/12/2024
03254,Customer 03254,827,Silver,05/20/2024
03255,Customer 03255,1179,Gold,04/07/2024
03256,Customer 03256,1394,Gold,02/15/2025
03257,Customer 03257,154,Bronze,12/30/2024
03258,Customer 03258,591,Silver,01/07/2024
03259,Customer 03259,435,Bronze,03/28/2024
03260,Customer 03260,710,Silver,05/17/2024
03261,Customer 03261,1384,Gold,01/16/2024
03262,Customer 03262,1136,Gold,02/01/2025
03263,Customer 03263,1256,Gold,09/15/2024
03264,Customer 03264,124,Bronze,03/27/2024
03265,Customer 03265,717,Silver,02/27/2025
03266,Customer 03266,1394,Gold,05/13/2024
03267,Customer 03267,437,Bronze,02/11/2024
03268,Customer 03268,1134,Gold,12/01/2024
03269,Customer 03269,1195,Gold,04/25/2024
03270,Customer 03270,644,Silver,04/05/2024
03271,Customer 03271,665,Silver,05/20/2024
03272,Customer 03272,530,Silver,07/11/2024
03273,Customer 03273,60,Bronze,05/30/2024
03274,Customer 03274,1300,Gold,07/16/2024
03275,Customer 03275,881,Silver,11/28/2024
03276,Customer 03276,379,Bronze,04/10/2024
03277,Customer 03277,520,Silver,05/13/2024
03278,Customer 03278,1413,Gold,03/21/2024
03279,Customer 03279,859,Silver,12/08/2024
03280,Customer 03280,722,Silver,05/17/2024
03281,Customer 03281,1000,Gold,12/08/2024
03282,Customer 03282,797,Silver,03/01/2024
03283,Customer 03283,707,Silver,02/11/2025
03284,Customer 03284,337,Bronze,06/10/2024
03285,Customer 03285,889,Silver,08/16/2024
03286,Customer 03286,984,Silver,06/08/2024
03287,Customer 03287,1414,Gold,03/02/2024
03288,Customer 03288,152,Bronze,02/20/2024
03289,Customer 03289,1124,Gold,12/19/2024
03290,Customer 03290,1492,Gold,11/17/2024
03291,Customer 03291,302,Bronze,01/07/2024
03292,Customer 03292,1259,Gold,02/28/2025
03293,Customer 03293,1483,Gold,06/05/2024
03294,Customer 03294,1340,Gold,02/24/2025
03295,Customer 03295,1140,Gold,11/25/2024
03296,Customer 03296,675,Silver,02/22/2024
03297,Customer 03297,1400,Gold,03/15/2024
03298,Customer 03298,556,Silver,01/04/2025
03299,Customer 03299,36,Bronze,04/16/2024
03300,Customer 03300,829,Silver,05/03/2024
03301,Customer 03301,503,Silver,10/18/2024
03302,Customer 03302,268,Bronze,03/10/2024
03303,Customer 03303,384,Bronze,10/05/2024
03304,Customer 03304,255,Bronze,02/14/2025
03305,Customer 03305,935,Silver,05/06/2024
03306,Customer 03306,1274,Gold,02/14/2024
03307,Customer 03307,816,Silver,11/12/2024
03308,Customer 03308,1251,Gold,12/19/2024
03309,Customer 03309,397,Bronze,05/18/2024
03310,Customer 03310,570,Silver,12/06/2024
03311,Customer 03311,555,Silver,01/16/2025
03312,Customer 03312,608,Silver,04/12/2024
03313,Customer 03313,203,Bronze,08/08/2024
03314,Customer 03314,1173,Gold,08/10/2024
03315,Customer 03315,770,Silver,07/03/2024
03316,Customer 03316,548,Silver,03/05/2024
03317,Customer 03317,1098,Gold,09/01/2024
03318,Customer 03318,706,Silver,04/21/2024
03319,Customer 03319,1274,Gold,04/12/2024
03320,Customer 03320,1081,Gold,02/20/2025
03321,Customer 03321,788,Silver,06/19/2024
03322,Customer 03322,39,Bronze,02/09/2025
03323,Customer 03323,75,Bronze,12/30/2024
03324,Customer 03324,429,Bronze,06/08/2024
03325,Customer 03325,568,Silver,09/30/2024
03326,Customer 03326,1118,Gold,07/29/2024
03327,Customer 03327,1300,Gold,07/30/2024
03328,Customer 03328,1472,Gold,05/27/2024
03329,Customer 03329,646,Silver,11/30/2024
03330,Customer 03330,1269,Gold,02/24/2024
03331,Customer 03331,1304,Gold,05/11/2024
03332,Customer 03332,88,Bronze,04/23/2024
03333,Customer 03333,1015,Gold,02/14/2025
03334,Customer 03334,686,Silver,01/27/2025
03335,Customer 03335,1243,Gold,04/19/2024
03336,Customer 03336,1191,Gold,03/24/2024
03337,Customer 03337,1004,Gold,01/28/2024
03338,Customer 03338,1079,Gold,05/24/2024
03339,Customer 03339,1187,Gold,02/22/2025
03340,Customer 03340,1275,Gold,08/14/2024
03341,Customer 03341,913,Silver,04/10/2024
03342,Customer 03342,1091,Gold,07/29/2024
03343,Customer 03343,926,Silver,02/06/2025
03344,Customer 03344,1400,Gold,02/18/2024
03345,Customer 03345,1133,Gold,01/27/2025
03346,Customer 03346,61,Bronze,12/30/2024
03347,Customer 03347,134,Bronze,04/12/2024
03348,Customer 03348,283,Bronze,01/15/2025
03349,Customer 03349,791,Silver,05/27/2024
03350,Customer 03350,1145,Gold,07/13/2024
03351,Customer 03351,1226,Gold,02/11/2025
03352,Customer 03352,699,Silver,06/29/2024
03353,Customer 03353,1453,Gold,01/24/2025
03354,Customer 03354,612,Silver,05/30/2024
03355,Customer 03355,235,Bronze,01/27/2024
03356,Customer 03356,135,Bronze,07/15/2024
03357,Customer 03357,561,Silver,11/24/2024
03358,Customer 03358,471,Bronze,05/06/2024
03359,Customer 03359,681,Silver,04/23/2024
03360,Customer 03360,1107,Gold,05/10/2024
03361,Customer 03361,1110,Gold,10/30/2024
03362,Customer 03362,1096,Gold,01/16/2025
03363,Customer 03363,1245,Gold,02/23/2024
03364,Customer 03364,402,Bronze,06/09/2024
03365,Customer 03365,1451,Gold,06/29/2024
03366,Customer 03366,737,Silver,04/18/2024
03367,Customer 03367,1158,Gold,12/27/2024
03368,Customer 03368,1411,Gold,02/22/2025
03369,Customer 03369,1266,Gold,09/17/2024
03370,Customer 03370,616,Silver,06/03/2024
03371,Customer 03371,872,Silver,12/30/2024
03372,Customer 03372,896,Silver,05/05/2024
03373,Customer 03373,1214,Gold,01/20/2025
03374,Customer 03374,0,Bronze,04/22/2024
03375,Customer 03375,947,Silver,01/26/2024
03376,Customer 03376,770,Silver,04/06/2024
03377,Customer 03377,28,Bronze,02/13/2025
03378,Customer 03378,514,Silver,12/07/2024
03379,Customer 03379,141,Bronze,09/17/2024
03380,Customer 03380,652,Silver,08/21/2024
03381,Customer 03381,914,Silver,07/23/2024
03382,Customer 03382,1119,Gold,12/09/2024
03383,Customer 03383,756,Silver,12/01/2024
03384,Customer 03384,450,Bronze,12/19/2024
03385,Customer 03385,969,Silver,07/04/2024
03386,Customer 03386,1143,Gold,12/20/2024
03387,Customer 03387,1314,Gold,05/28/2024
03388,Customer 03388,898,Silver,12/09/2024
03389,Customer 03389,1091,Gold,08/30/2024
03390,Customer 03390,1451,Gold,11/17/2024
03391,Customer 03391,1192,Gold,12/22/2024
03392,Customer 03392,1036,Gold,03/15/2024
03393,Customer 03393,913,Silver,08/06/2024
03394,Customer 03394,353,Bronze,03/19/2024
03395,Customer 03395,1348,Gold,05/31/2024
03396,Customer 03396,531,Silver,02/28/2025
03397,Customer 03397,156,Bronze,01/29/2025
03398,Customer 03398,913,Silver,07/28/2024
03399,Customer 03399,1020,Gold,07/19/2024
03400,Customer 03400,65,Bronze,02/10/2025
03401,Customer 03401,20,Bronze,02/18/2025
03402,Customer 03402,390,Bronze,07/16/2024
03403,Customer 03403,1258,Gold,12/22/2024
03404,Customer 03404,1439,Gold,12/11/2024
03405,Customer 03405,334,Bronze,07/22/2024
03406,Customer 03406,1317,Gold,02/10/2024
03407,Customer 03407,1083,Gold,07/15/2024
03408,Customer 03408,932,Silver,03/22/2024
03409,Customer 03409,1038,Gold,01/31/2025
03410,Customer 03410,902,Silver,05/30/2024
03411,Customer 03411,1268,Gold,11/27/2024
03412,Customer 03412,412,Bronze,04/17/2024
03413,Customer 03413,1420,Gold,12/27/2024
03414,Customer 03414,1242,Gold,08/18/2024
03415,Customer 03415,319,Bronze,11/07/2024
03416,Customer 03416,314,Bronze,02/15/2025
03417,Customer 03417,446,Bronze,01/11/2024
03418,Customer 03418,576,Silver,02/29/2024
03419,Customer 03419,129,Bronze,09/21/2024
03420,Customer 03420,906,Silver,02/12/2025
03421,Customer 03421,1399,Gold,11/30/2024
03422,Customer 03422,1328,Gold,02/23/2025
03423,Customer 03423,1404,Gold,01/14/2025
03424,Customer 03424,881,Silver,08/27/2024
03425,Customer 03425,1363,Gold,08/18/2024
03426,Customer 03426,350,Bronze,06/16/2024
03427,Customer 03427,213,Bronze,06/06/2024
03428,Customer 03428,680,Silver,12/28/2024
03429,Customer 03429,796,Silver,01/23/2025
03430,Customer 03430,853,Silver,12/29/2024
03431,Customer 03431,282,Bronze,09/27/2024
03432,Customer 03432,699,Silver,06/18/2024
03433,Customer 03433,310,Bronze,04/26/2024
03434,Customer 03434,138,Bronze,10/20/2024
03435,Customer 03435,282,Bronze,09/12/2024
03436,Customer 03436,418,Bronze,05/17/2024
03437,Customer 03437,1005,Gold,01/20/2025
03438,Customer 03438,1285,Gold,05/28/2024
03439,Customer 03439,627,Silver,04/10/2024
03440,Customer 03440,1271,Gold,10/03/2024
03441,Customer 03441,365,Bronze,02/18/2025
03442,Customer 03442,178,Bronze,09/25/2024
03443,Customer 03443,1301,Gold,07/01/2024
03444,Customer 03444,1082,Gold,09/23/2024
03445,Customer 03445,66,Bronze,01/01/2025
03446,Customer 03446,1466,Gold,08/28/2024
03447,Customer 03447,745,Silver,07/20/2024
03448,Customer 03448,1455,Gold,10/31/2024
03449,Customer 03449,774,Silver,06/24/2024
03450,Customer 03450,843,Silver,01/03/2025
03451,Customer 03451,586,Silver,09/30/2024
03452,Customer 03452,63,Bronze,03/31/2024
03453,Customer 03453,563,Silver,01/12/2024
03454,Customer 03454,649,Silver,11/29/2024
03455,Customer 03455,900,Silver,05/16/2024
03456,Customer 03456,550,Silver,08/18/2024
03457,Customer 03457,930,Silver,02/07/2024
03458,Customer 03458,1406,Gold,01/08/2024
03459,Customer 03459,867,Silver,07/07/2024
03460,Customer 03460,551,Silver,06/25/2024
03461,Customer 03461,459,Bronze,01/13/2024
03462,Customer 03462,445,Bronze,09/16/2024
03463,Customer 03463,997,Silver,09/13/2024
03464,Customer 03464,460,Bronze,02/17/2025
03465,Customer 03465,45,Bronze,07/21/2024
03466,Customer 03466,86,Bronze,03/06/2024
03467,Customer 03467,520,Silver,10/08/2024
03468,Customer 03468,856,Silver,06/03/2024
03469,Customer 03469,511,Silver,11/22/2024
03470,Customer 03470,376,Bronze,07/08/2024
03471,Customer 03471,1158,Gold,05/14/2024
03472,Customer 03472,356,Bronze,05/09/2024
03473,Customer 03473,1100,Gold,11/20/2024
03474,Customer 03474,833,Silver,11/27/2024
03475,Customer 03475,637,Silver,03/03/2024
03476,Customer 03476,881,Silver,09/18/2024
03477,Customer 03477,489,Bronze,05/25/2024
03478,Customer 03478,1036,Gold,07/30/2024
03479,Customer 03479,1154,Gold,06/22/2024
03480,Customer 03480,1030,Gold,12/14/2024
03481,Customer 03481,419,Bronze,02/01/2024
03482,Customer 03482,843,Silver,11/10/2024
03483,Customer 03483,319,Bronze,10/03/2024
03484,Customer 03484,413,Bronze,06/09/2024
03485,Customer 03485,519,Silver,06/23/2024
03486,Customer 03486,535,Silver,06/28/2024
03487,Customer 03487,795,Silver,02/02/2024
03488,Customer 03488,510,Silver,06/15/2024
03489,Customer 03489,1485,Gold,06/27/2024
03490,Customer 03490,1210,Gold,02/09/2024
03491,Customer 03491,910,Silver,07/04/2024
03492,Customer 03492,492,Bronze,02/02/2025
03493,Customer 03493,933,Silver,10/04/2024
03494,Customer 03494,1159,Gold,05/20/2024
03495,Customer 03495,1304,Gold,09/19/2024
03496,Customer 03496,1097,Gold,02/26/2025
03497,Customer 03497,1171,Gold,03/21/2024
03498,Customer 03498,98,Bronze,07/19/2024
03499,Customer 03499,1322,Gold,08/24/2024
03500,Customer 03500,1366,Gold,06/12/2024
03501,Customer 03501,1050,Gold,12/11/2024
03502,Customer 03502,1446,Gold,10/01/2024
03503,Customer 03503,50,Bronze,11/13/2024
03504,Customer 03504,871,Silver,06/06/2024
03505,Customer 03505,91,Bronze,04/25/2024
03506,Customer 03506,562,Silver,12/02/2024
03507,Customer 03507,781,Silver,02/19/2024
03508,Customer 03508,190,Bronze,03/09/2024
03509,Customer 03509,1064,Gold,04/26/2024
03510,Customer 03510,134,Bronze,10/18/2024
03511,Customer 03511,351,Bronze,03/19/2024
03512,Customer 03512,68,Bronze,03/26/2024
03513,Customer 03513,1378,Gold,12/31/2024
03514,Customer 03514,14,Bronze,01/11/2024
03515,Customer 03515,742,Silver,08/10/2024
03516,Customer 03516,608,Silver,05/06/2024
03517,Customer 03517,478,Bronze,04/02/2024
03518,Customer 03518,319,Bronze,06/08/2024
03519,Customer 03519,760,Silver,01/05/2024
03520,Customer 03520,20,Bronze,06/03/2024
03521,Customer 03521,300,Bronze,09/13/2024
03522,Customer 03522,151,Bronze,01/01/2024
03523,Customer 03523,187,Bronze,11/24/2024
03524,Customer 03524,1493,Gold,04/22/2024
03525,Customer 03525,275,Bronze,05/29/2024
03526,Customer 03526,1292,Gold,11/01/2024
03527,Customer 03527,592,Silver,08/01/2024
03528,Customer 03528,413,Bronze,02/01/2025
03529,Customer 03529,279,Bronze,04/02/2024
03530,Customer 03530,1084,Gold,02/11/2024
03531,Customer 03531,1398,Gold,02/02/2025
03532,Customer 03532,1338,Gold,02/29/2024
03533,Customer 03533,217,Bronze,03/14/2024
03534,Customer 03534,1460,Gold,01/22/2025
03535,Customer 03535,1483,Gold,12/13/2024
03536,Customer 03536,1346,Gold,08/02/2024
03537,Customer 03537,1373,Gold,02/01/2024
03538,Customer 03538,596,Silver,05/02/2024
03539,Customer 03539,383,Bronze,04/24/2024
03540,Customer 03540,1068,Gold,01/20/2025
03541,Customer 03541,505,Silver,01/21/2024
03542,Customer 03542,377,Bronze,07/02/2024
03543,Customer 03543,1001,Gold,05/02/2024
03544,Customer 03544,327,Bronze,01/19/2025
03545,Customer 03545,201,Bronze,03/24/2024
03546,Customer 03546,982,Silver,08/19/2024
03547,Customer 03547,1314,Gold,11/06/2024
03548,Customer 03548,673,Silver,10/22/2024
03549,Customer 03549,430,Bronze,01/05/2025
03550,Customer 03550,309,Bronze,01/28/2025
03551,Customer 03551,570,Silver,05/04/2024
03552,Customer 03552,128,Bronze,01/12/2025
03553,Customer 03553,33,Bronze,09/08/2024
03554,Customer 03554,1347,Gold,03/17/2024
03555,Customer 03555,196,Bronze,11/07/2024
03556,Customer 03556,1022,Gold,02/21/2024
03557,Customer 03557,835,Silver,03/11/2024
03558,Customer 03558,689,Silver,12/31/2024
03559,Customer 03559,1037,Gold,09/06/2024
03560,Customer 03560,1324,Gold,09/15/2024
03561,Customer 03561,614,Silver,06/29/2024
03562,Customer 03562,1437,Gold,05/11/2024
03563,Customer 03563,909,Silver,02/06/2025
03564,Customer 03564,104,Bronze,12/16/2024
03565,Customer 03565,336,Bronze,02/06/2024
03566,Customer 03566,974,Silver,12/30/2024
03567,Customer 03567,1225,Gold,02/14/2024
03568,Customer 03568,444,Bronze,10/08/2024
03569,Customer 03569,1183,Gold,07/06/2024
03570,Customer 03570,273,Bronze,04/11/2024
03571,Customer 03571,379,Bronze,12/01/2024
03572,Customer 03572,1245,Gold,11/16/2024
03573,Customer 03573,773,Silver,01/11/2024
03574,Customer 03574,978,Silver,06/11/2024
03575,Customer 03575,194,Bronze,10/30/2024
03576,Customer 03576,614,Silver,02/11/2025
03577,Customer 03577,1322,Gold,07/18/2024
03578,Customer 03578,610,Silver,04/21/2024
03579,Customer 03579,486,Bronze,01/10/2025
03580,Customer 03580,387,Bronze,04/28/2024
03581,Customer 03581,801,Silver,12/03/2024
03582,Customer 03582,527,Silver,08/22/2024
03583,Customer 03583,1005,Gold,02/05/2024
03584,Customer 03584,973,Silver,05/16/2024
03585,Customer 03585,70,Bronze,06/02/2024
03586,Customer 03586,364,Bronze,02/01/2024
03587,Customer 03587,115,Bronze,01/25/2024
03588,Customer 03588,298,Bronze,01/13/2024
03589,Customer 03589,1288,Gold,09/25/2024
03590,Customer 03590,223,Bronze,11/30/2024
03591,Customer 03591,1446,Gold,09/19/2024
03592,Customer 03592,1266,Gold,10/10/2024
03593,Customer 03593,549,Silver,07/27/2024
03594,Customer 03594,1124,Gold,07/17/2024
03595,Customer 03595,940,Silver,04/09/2024
03596,Customer 03596,1497,Gold,06/26/2024
03597,Customer 03597,498,Bronze,08/23/2024
03598,Customer 03598,1387,Gold,05/27/2024
03599,Customer 03599,806,Silver,06/14/2024
03600,Customer 03600,118,Bronze,01/30/2024
03601,Customer 03601,420,Bronze,08/10/2024
03602,Customer 03602,884,Silver,08/16/2024
03603,Customer 03603,0,Bronze,01/02/2024
03604,Customer 03604,468,Bronze,08/06/2024
03605,Customer 03605,828,Silver,03/07/2024
03606,Customer 03606,974,Silver,02/10/2024
03607,Customer 03607,845,Silver,11/04/2024
03608,Customer 03608,357,Bronze,09/18/2024
03609,Customer 03609,1395,Gold,05/09/2024
03610,Customer 03610,22,Bronze,01/01/2025
03611,Customer 03611,145,Bronze,12/13/2024
03612,Customer 03612,825,Silver,02/27/2025
03613,Customer 03613,141,Bronze,12/09/2024
03614,Customer 03614,691,Silver,08/06/2024
03615,Customer 03615,770,Silver,03/15/2024
03616,Customer 03616,717,Silver,08/13/2024
03617,Customer 03617,165,Bronze,12/18/2024
03618,Customer 03618,492,Bronze,05/11/2024
03619,Customer 03619,842,Silver,11/01/2024
03620,Customer 03620,354,Bronze,08/11/2024
03621,Customer 03621,478,Bronze,02/22/2024
03622,Customer 03622,1187,Gold,04/18/2024
03623,Customer 03623,600,Silver,05/19/2024
03624,Customer 03624,636,Silver,11/30/2024
03625,Customer 03625,700,Silver,03/31/2024
03626,Customer 03626,790,Silver,12/05/2024
03627,Customer 03627,1028,Gold,08/28/2024
03628,Customer 03628,1271,Gold,12/09/2024
03629,Customer 03629,1054,Gold,02/19/2024
03630,Customer 03630,582,Silver,06/05/2024
03631,Customer 03631,1226,Gold,04/22/2024
03632,Customer 03632,1011,Gold,10/12/2024
03633,Customer 03633,791,Silver,07/09/2024
03634,Customer 03634,114,Bronze,07/11/2024
03635,Customer 03635,191,Bronze,02/24/2024
03636,Customer 03636,1015,Gold,09/30/2024
03637,Customer 03637,1433,Gold,04/14/2024
03638,Customer 03638,405,Bronze,01/06/2024
03639,Customer 03639,296,Bronze,09/24/2024
03640,Customer 03640,61,Bronze,01/06/2024
03641,Customer 03641,730,Silver,11/20/2024
03642,Customer 03642,826,Silver,09/16/2024
03643,Customer 03643,700,Silver,02/27/2025
03644,Customer 03644,868,Silver,09/06/2024
03645,Customer 03645,976,Silver,06/02/2024
03646,Customer 03646,1120,Gold,10/26/2024
03647,Customer 03647,318,Bronze,04/30/2024
03648,Customer 03648,1272,Gold,06/11/2024
03649,Customer 03649,402,Bronze,12/22/2024
03650,Customer 03650,673,Silver,10/19/2024
03651,Customer 03651,261,Bronze,06/14/2024
03652,Customer 03652,1393,Gold,09/12/2024
03653,Customer 03653,766,Silver,01/26/2024
03654,Customer 03654,8,Bronze,04/06/2024
03655,Customer 03655,129,Bronze,12/28/2024
03656,Customer 03656,1071,Gold,10/02/2024
03657,Customer 03657,803,Silver,10/10/2024
03658,Customer 03658,568,Silver,04/12/2024
03659,Customer 03659,27,Bronze,02/24/2024
03660,Customer 03660,510,Silver,06/30/2024
03661,Customer 03661,134,Bronze,05/29/2024
03662,Customer 03662,1353,Gold,11/20/2024
03663,Customer 03663,1132,Gold,04/05/2024
03664,Customer 03664,480,Bronze,06/18/2024
03665,Customer 03665,1393,Gold,01/20/2025
03666,Customer 03666,399,Bronze,11/27/2024
03667,Customer 03667,964,Silver,07/21/2024
03668,Customer 03668,843,Silver,01/04/2025
03669,Customer 03669,1406,Gold,04/10/2024
03670,Customer 03670,352,Bronze,04/07/2024
03671,Customer 03671,1419,Gold,01/18/2025
03672,Customer 03672,896,Silver,02/18/2024
03673,Customer 03673,229,Bronze,01/31/2024
03674,Customer 03674,492,Bronze,07/30/2024
03675,Customer 03675,1169,Gold,01/13/2024
03676,Customer 03676,846,Silver,11/20/2024
03677,Customer 03677,453,Bronze,05/14/2024
03678,Customer 03678,335,Bronze,10/14/2024
03679,Customer 03679,626,Silver,08/18/2024
03680,Customer 03680,448,Bronze,06/09/2024
03681,Customer 03681,1420,Gold,01/07/2025
03682,Customer 03682,698,Silver,02/07/2025
03683,Customer 03683,441,Bronze,11/04/2024
03684,Customer 03684,188,Bronze,11/05/2024
03685,Customer 03685,325,Bronze,02/05/2025
03686,Customer 03686,755,Silver,02/11/2025
03687,Customer 03687,897,Silver,08/07/2024
03688,Customer 03688,81,Bronze,09/05/2024
03689,Customer 03689,605,Silver,08/26/2024
03690,Customer 03690,103,Bronze,03/11/2024
03691,Customer 03691,575,Silver,08/06/2024
03692,Customer 03692,1110,Gold,11/05/2024
03693,Customer 03693,1445,Gold,05/08/2024
03694,Customer 03694,834,Silver,04/26/2024
03695,Customer 03695,100,Bronze,01/22/2025
03696,Customer 03696,506,Silver,03/25/2024
03697,Customer 03697,318,Bronze,08/30/2024
03698,Customer 03698,50,Bronze,02/20/2025
03699,Customer 03699,1053,Gold,03/19/2024
03700,Customer 03700,1224,Gold,07/14/2024
03701,Customer 03701,722,Silver,12/30/2024
03702,Customer 03702,1183,Gold,01/26/2025
03703,Customer 03703,1081,Gold,09/09/2024
03704,Customer 03704,1332,Gold,01/20/2024
03705,Customer 03705,1241,Gold,06/20/2024
03706,Customer 03706,1332,Gold,07/22/2024
03707,Customer 03707,457,Bronze,01/27/2025
03708,Customer 03708,105,Bronze,05/29/2024
03709,Customer 03709,1368,Gold,06/02/2024
03710,Customer 03710,588,Silver,07/19/2024
03711,Customer 03711,620,Silver,12/03/2024
03712,Customer 03712,270,Bronze,11/15/2024
03713,Customer 03713,266,Bronze,08/06/2024
03714,Customer 03714,1030,Gold,09/22/2024
03715,Customer 03715,124,Bronze,02/19/2025
03716,Customer 03716,1290,Gold,01/03/2025
03717,Customer 03717,759,Silver,02/15/2025
03718,Customer 03718,718,Silver,07/06/2024
03719,Customer 03719,1040,Gold,08/03/2024
03720,Customer 03720,559,Silver,04/24/2024
03721,Customer 03721,244,Bronze,09/06/2024
03722,Customer 03722,328,Bronze,02/14/2024
03723,Customer 03723,780,Silver,06/12/2024
03724,Customer 03724,85,Bronze,05/02/2024
03725,Customer 03725,1140,Gold,09/13/2024
03726,Customer 03726,863,Silver,02/25/2025
03727,Customer 03727,1327,Gold,08/28/2024
03728,Customer 03728,506,Silver,02/02/2025
03729,Customer 03729,1220,Gold,05/26/2024
03730,Customer 03730,382,Bronze,11/05/2024
03731,Customer 03731,362,Bronze,11/05/2024
03732,Customer 03732,1183,Gold,01/19/2024
03733,Customer 03733,1055,Gold,06/02/2024
03734,Customer 03734,948,Silver,12/05/2024
03735,Customer 03735,836,Silver,10/18/2024
03736,Customer 03736,33,Bronze,07/22/2024
03737,Customer 03737,454,Bronze,07/26/2024
03738,Customer 03738,252,Bronze,12/21/2024
03739,Customer 03739,1164,Gold,01/10/2025
03740,Customer 03740,1246,Gold,12/25/2024
03741,Customer 03741,1076,Gold,12/05/2024
03742,Customer 03742,170,Bronze,03/30/2024
03743,Customer 03743,784,Silver,12/16/2024
03744,Customer 03744,861,Silver,03/17/2024
03745,Customer 03745,1195,Gold,02/19/2025
03746,Customer 03746,1459,Gold,02/04/2024
03747,Customer 03747,1135,Gold,11/09/2024
03748,Customer 03748,229,Bronze,12/27/2024
03749,Customer 03749,349,Bronze,01/01/2024
03750,Customer 03750,25,Bronze,08/21/2024
03751,Customer 03751,1159,Gold,12/22/2024
03752,Customer 03752,392,Bronze,01/20/2024
03753,Customer 03753,294,Bronze,03/26/2024
03754,Customer 03754,1072,Gold,11/27/2024
03755,Customer 03755,971,Silver,01/13/2024
03756,Customer 03756,349,Bronze,01/13/2025
03757,Customer 03757,49,Bronze,05/17/2024
03758,Customer 03758,1213,Gold,08/15/2024
03759,Customer 03759,93,Bronze,11/19/2024
03760,Customer 03760,1440,Gold,11/01/2024
03761,Customer 03761,681,Silver,01/20/2025
03762,Customer 03762,1397,Gold,10/15/2024
03763,Customer 03763,724,Silver,01/06/2025
03764,Customer 03764,159,Bronze,01/03/2025
03765,Customer 03765,910,Silver,09/19/2024
03766,Customer 03766,1143,Gold,01/20/2024
03767,Customer 03767,316,Bronze,12/06/2024
03768,Customer 03768,1081,Gold,08/18/2024
03769,Customer 03769,1393,Gold,12/09/2024
03770,Customer 03770,208,Bronze,01/06/2024
03771,Customer 03771,1321,Gold,05/25/2024
03772,Customer 03772,1157,Gold,02/03/2024
03773,Customer 03773,962,Silver,11/21/2024
03774,Customer 03774,20,Bronze,05/05/2024
03775,Customer 03775,1199,Gold,02/01/2024
03776,Customer 03776,1421,Gold,01/09/2025
03777,Customer 03777,1020,Gold,08/25/2024
03778,Customer 03778,1124,Gold,01/11/2025
03779,Customer 03779,738,Silver,01/22/2025
03780,Customer 03780,117,Bronze,07/15/2024
03781,Customer 03781,861,Silver,03/23/2024
03782,Customer 03782,1151,Gold,01/13/2025
03783,Customer 03783,809,Silver,06/04/2024
03784,Customer 03784,1244,Gold,10/17/2024
03785,Customer 03785,15,Bronze,11/18/2024
03786,Customer 03786,803,Silver,02/24/2024
03787,Customer 03787,1154,Gold,06/02/2024
03788,Customer 03788,880,Silver,06/10/2024
03789,Customer 03789,1165,Gold,02/02/2025
03790,Customer 03790,198,Bronze,06/03/2024
03791,Customer 03791,230,Bronze,01/25/2025
03792,Customer 03792,1167,Gold,04/22/2024
03793,Customer 03793,1239,Gold,11/25/2024
03794,Customer 03794,65,Bronze,01/09/2024
03795,Customer 03795,576,Silver,02/08/2024
03796,Customer 03796,891,Silver,05/30/2024
03797,Customer 03797,612,Silver,09/03/2024
03798,Customer 03798,1255,Gold,06/21/2024
03799,Customer 03799,371,Bronze,03/27/2024
03800,Customer 03800,930,Silver,02/15/2024
03801,Customer 03801,737,Silver,01/19/2024
03802,Customer 03802,466,Bronze,08/03/2024
03803,Customer 03803,546,Silver,12/23/2024
03804,Customer 03804,518,Silver,12/26/2024
03805,Customer 03805,1015,Gold,06/27/2024
03806,Customer 03806,84,Bronze,03/09/2024
03807,Customer 03807,1046,Gold,04/30/2024
03808,Customer 03808,619,Silver,10/15/2024
03809,Customer 03809,614,Silver,01/10/2024
03810,Customer 03810,689,Silver,09/03/2024
03811,Customer 03811,643,Silver,10/11/2024
03812,Customer 03812,1336,Gold,04/04/2024
03813,Customer 03813,1370,Gold,02/04/2025
03814,Customer 03814,1095,Gold,02/19/2024
03815,Customer 03815,1393,Gold,12/31/2024
03816,Customer 03816,152,Bronze,08/14/2024
03817,Customer 03817,49,Bronze,01/31/2025
03818,Customer 03818,1480,Gold,07/29/2024
03819,Customer 03819,1325,Gold,01/02/2025
03820,Customer 03820,1465,Gold,10/02/2024
03821,Customer 03821,420,Bronze,04/22/2024
03822,Customer 03822,1093,Gold,04/27/2024
03823,Customer 03823,698,Silver,04/10/2024
03824,Customer 03824,1412,Gold,05/03/2024
03825,Customer 03825,321,Bronze,05/06/2024
03826,Customer 03826,1163,Gold,02/19/2025
03827,Customer 03827,751,Silver,03/19/2024
03828,Customer 03828,485,Bronze,10/30/2024
03829,Customer 03829,1028,Gold,05/15/2024
03830,Customer 03830,688,Silver,08/10/2024
03831,Customer 03831,1439,Gold,01/02/2024
03832,Customer 03832,411,Bronze,11/07/2024
03833,Customer 03833,760,Silver,01/23/2025
03834,Customer 03834,853,Silver,07/08/2024
03835,Customer 03835,536,Silver,01/30/2024
03836,Customer 03836,1471,Gold,10/08/2024
03837,Customer 03837,116,Bronze,04/10/2024
03838,Customer 03838,742,Silver,04/01/2024
03839,Customer 03839,696,Silver,07/21/2024
03840,Customer 03840,665,Silver,03/04/2024
03841,Customer 03841,1090,Gold,10/23/2024
03842,Customer 03842,885,Silver,07/22/2024
03843,Customer 03843,1289,Gold,11/17/2024
03844,Customer 03844,328,Bronze,08/10/2024
03845,Customer 03845,451,Bronze,01/08/2024
03846,Customer 03846,952,Silver,11/21/2024
03847,Customer 03847,730,Silver,12/29/2024
03848,Customer 03848,382,Bronze,09/19/2024
03849,Customer 03849,1423,Gold,06/26/2024
03850,Customer 03850,544,Silver,05/27/2024
03851,Customer 03851,975,Silver,06/09/2024
03852,Customer 03852,1169,Gold,02/24/2025
03853,Customer 03853,233,Bronze,09/03/2024
03854,Customer 03854,979,Silver,02/12/2025
03855,Customer 03855,795,Silver,01/28/2025
03856,Customer 03856,208,Bronze,09/25/2024
03857,Customer 03857,605,Silver,02/19/2024
03858,Customer 03858,1155,Gold,04/20/2024
03859,Customer 03859,464,Bronze,04/13/2024
03860,Customer 03860,1008,Gold,09/08/2024
03861,Customer 03861,7,Bronze,02/08/2025
03862,Customer 03862,143,Bronze,01/24/2025
03863,Customer 03863,1057,Gold,08/07/2024
03864,Customer 03864,1338,Gold,03/13/2024
03865,Customer 03865,577,Silver,02/16/2025
03866,Customer 03866,1228,Gold,06/16/2024
03867,Customer 03867,322,Bronze,10/14/2024
03868,Customer 03868,127,Bronze,10/13/2024
03869,Customer 03869,742,Silver,04/22/2024
03870,Customer 03870,715,Silver,01/14/2024
03871,Customer 03871,1224,Gold,09/18/2024
03872,Customer 03872,153,Bronze,08/08/2024
03873,Customer 03873,155,Bronze,07/26/2024
03874,Customer 03874,437,Bronze,01/27/2025
03875,Customer 03875,884,Silver,12/04/2024
03876,Customer 03876,594,Silver,03/17/2024
03877,Customer 03877,1148,Gold,06/13/2024
03878,Customer 03878,510,Silver,09/25/2024
03879,Customer 03879,1415,Gold,10/14/2024
03880,Customer 03880,778,Silver,10/01/2024
03881,Customer 03881,973,Silver,04/22/2024
03882,Customer 03882,779,Silver,08/26/2024
03883,Customer 03883,1174,Gold,02/23/2025
03884,Customer 03884,1290,Gold,12/01/2024
03885,Customer 03885,224,Bronze,09/11/2024
03886,Customer 03886,494,Bronze,02/28/2024
03887,Customer 03887,46,Bronze,07/19/2024
03888,Customer 03888,273,Bronze,05/18/2024
03889,Customer 03889,1448,Gold,02/12/2024
03890,Customer 03890,811,Silver,08/27/2024
03891,Customer 03891,1090,Gold,10/05/2024
03892,Customer 03892,1292,Gold,10/01/2024
03893,Customer 03893,256,Bronze,04/05/2024
03894,Customer 03894,767,Silver,02/15/2025
03895,Customer 03895,1377,Gold,05/02/2024
03896,Customer 03896,1129,Gold,04/01/2024
03897,Customer 03897,944,Silver,02/18/2024
03898,Customer 03898,824,Silver,03/30/2024
03899,Customer 03899,1249,Gold,10/23/2024
03900,Customer 03900,1079,Gold,03/13/2024
03901,Customer 03901,1432,Gold,03/09/2024
03902,Customer 03902,1143,Gold,03/21/2024
03903,Customer 03903,902,Silver,02/02/2024
03904,Customer 03904,1465,Gold,09/29/2024
03905,Customer 03905,924,Silver,01/30/2024
03906,Customer 03906,1336,Gold,02/15/2024
03907,Customer 03907,6,Bronze,02/07/2025
03908,Customer 03908,220,Bronze,08/30/2024
03909,Customer 03909,1302,Gold,10/05/2024
03910,Customer 03910,778,Silver,09/23/2024
03911,Customer 03911,873,Silver,12/20/2024
03912,Customer 03912,149,Bronze,01/07/2025
03913,Customer 03913,5,Bronze,04/06/2024
03914,Customer 03914,389,Bronze,07/23/2024
03915,Customer 03915,646,Silver,08/24/2024
03916,Customer 03916,1155,Gold,02/26/2024
03917,Customer 03917,192,Bronze,07/14/2024
03918,Customer 03918,353,Bronze,12/24/2024
03919,Customer 03919,512,Silver,01/13/2024
03920,Customer 03920,1032,Gold,02/29/2024
03921,Customer 03921,475,Bronze,09/05/2024
03922,Customer 03922,1232,Gold,07/25/2024
03923,Customer 03923,709,Silver,01/23/2025
03924,Customer 03924,476,Bronze,02/09/2024
03925,Customer 03925,592,Silver,04/24/2024
03926,Customer 03926,1476,Gold,03/11/2024
03927,Customer 03927,1386,Gold,11/10/2024
03928,Customer 03928,643,Silver,02/15/2025
03929,Customer 03929,792,Silver,03/31/2024
03930,Customer 03930,1169,Gold,06/27/2024
03931,Customer 03931,415,Bronze,06/12/2024
03932,Customer 03932,652,Silver,01/16/2024
03933,Customer 03933,1364,Gold,09/14/2024
03934,Customer 03934,1288,Gold,11/21/2024
03935,Customer 03935,145,Bronze,05/21/2024
03936,Customer 03936,248,Bronze,06/10/2024
03937,Customer 03937,658,Silver,06/18/2024
03938,Customer 03938,744,Silver,02/24/2025
03939,Customer 03939,1129,Gold,10/25/2024
03940,Customer 03940,206,Bronze,06/21/2024
03941,Customer 03941,743,Silver,01/27/2024
03942,Customer 03942,1075,Gold,12/13/2024
03943,Customer 03943,747,Silver,10/18/2024
03944,Customer 03944,440,Bronze,01/02/2025
03945,Customer 03945,1376,Gold,10/24/2024
03946,Customer 03946,471,Bronze,06/10/2024
03947,Customer 03947,832,Silver,12/08/2024
03948,Customer 03948,807,Silver,04/09/2024
03949,Customer 03949,1485,Gold,03/04/2024
03950,Customer 03950,1445,Gold,08/10/2024
03951,Customer 03951,252,Bronze,10/08/2024
03952,Customer 03952,1002,Gold,02/01/2024
03953,Customer 03953,213,Bronze,04/10/2024
03954,Customer 03954,655,Silver,12/25/2024
03955,Customer 03955,299,Bronze,06/13/2024
03956,Customer 03956,1342,Gold,06/15/2024
03957,Customer 03957,414,Bronze,10/04/2024
03958,Customer 03958,1388,Gold,10/04/2024
03959,Customer 03959,879,Silver,06/19/2024
03960,Customer 03960,836,Silver,03/31/2024
03961,Customer 03961,513,Silver,02/07/2024
03962,Customer 03962,627,Silver,04/30/2024
03963,Customer 03963,1436,Gold,06/16/2024
03964,Customer 03964,72,Bronze,03/31/2024
03965,Customer 03965,1334,Gold,06/22/2024
03966,Customer 03966,1379,Gold,06/30/2024
03967,Customer 03967,306,Bronze,08/10/2024
03968,Customer 03968,1235,Gold,07/31/2024
03969,Customer 03969,1492,Gold,04/06/2024
03970,Customer 03970,1438,Gold,05/30/2024
03971,Customer 03971,272,Bronze,05/06/2024
03972,Customer 03972,334,Bronze,12/13/2024
03973,Customer 03973,1108,Gold,06/08/2024
03974,Customer 03974,1322,Gold,08/26/2024
03975,Customer 03975,1083,Gold,02/15/2024
03976,Customer 03976,182,Bronze,12/22/2024
03977,Customer 03977,1447,Gold,12/13/2024
03978,Customer 03978,1378,Gold,10/04/2024
03979,Customer 03979,135,Bronze,03/16/2024
03980,Customer 03980,474,Bronze,03/01/2024
03981,Customer 03981,1406,Gold,09/10/2024
03982,Customer 03982,280,Bronze,12/20/2024
03983,Customer 03983,1216,Gold,06/22/2024
03984,Customer 03984,883,Silver,05/06/2024
03985,Customer 03985,1285,Gold,01/17/2025
03986,Customer 03986,622,Silver,01/06/2024
03987,Customer 03987,592,Silver,02/14/2025
03988,Customer 03988,615,Silver,09/21/2024
03989,Customer 03989,1257,Gold,10/19/2024
03990,Customer 03990,625,Silver,08/29/2024
03991,Customer 03991,1236,Gold,04/18/2024
03992,Customer 03992,682,Silver,01/15/2024
03993,Customer 03993,794,Silver,05/15/2024
03994,Customer 03994,1457,Gold,06/25/2024
03995,Customer 03995,472,Bronze,04/13/2024
03996,Customer 03996,163,Bronze,12/22/2024
03997,Customer 03997,891,Silver,12/22/2024
03998,Customer 03998,760,Silver,05/16/2024
03999,Customer 03999,410,Bronze,10/30/2024
04000,Customer 04000,1416,Gold,04/23/2024
04001,Customer 04001,697,Silver,12/18/2024
04002,Customer 04002,1500,Gold,06/18/2024
04003,Customer 04003,362,Bronze,11/03/2024
04004,Customer 04004,227,Bronze,09/02/2024
04005,Customer 04005,40,Bronze,03/24/2024
04006,Customer 04006,215,Bronze,05/02/2024
04007,Customer 04007,1370,Gold,12/19/2024
04008,Customer 04008,1122,Gold,05/09/2024
04009,Customer 04009,1249,Gold,04/26/2024
04010,Customer 04010,238,Bronze,05/23/2024
04011,Customer 04011,395,Bronze,02/11/2024
04012,Customer 04012,753,Silver,11/02/2024
04013,Customer 04013,980,Silver,08/17/2024
04014,Customer 04014,1075,Gold,12/09/2024
04015,Customer 04015,1283,Gold,09/13/2024
04016,Customer 04016,385,Bronze,02/22/2024
04017,Customer 04017,190,Bronze,03/30/2024
04018,Customer 04018,784,Silver,08/15/2024
04019,Customer 04019,1103,Gold,08/16/2024
04020,Customer 04020,1077,Gold,08/10/2024
04021,Customer 04021,63,Bronze,09/08/2024
04022,Customer 04022,128,Bronze,02/15/2025
04023,Customer 04023,1276,Gold,01/23/2025
04024,Customer 04024,547,Silver,08/15/2024
04025,Customer 04025,478,Bronze,01/12/2024
04026,Customer 04026,1194,Gold,06/29/2024
04027,Customer 04027,1094,Gold,07/03/2024
04028,Customer 04028,56,Bronze,12/02/2024
04029,Customer 04029,91,Bronze,01/22/2025
04030,Customer 04030,181,Bronze,11/18/2024
04031,Customer 04031,1395,Gold,11/17/2024
04032,Customer 04032,1498,Gold,12/22/2024
04033,Customer 04033,438,Bronze,08/31/2024
04034,Customer 04034,221,Bronze,02/18/2025
04035,Customer 04035,119,Bronze,05/22/2024
04036,Customer 04036,990,Silver,09/10/2024
04037,Customer 04037,285,Bronze,09/06/2024
04038,Customer 04038,112,Bronze,06/19/2024
04039,Customer 04039,1022,Gold,05/19/2024
04040,Customer 04040,757,Silver,09/27/2024
04041,Customer 04041,358,Bronze,12/21/2024
04042,Customer 04042,690,Silver,12/07/2024
04043,Customer 04043,388,Bronze,11/13/2024
04044,Customer 04044,147,Bronze,02/24/2025
04045,Customer 04045,61,Bronze,01/29/2025
04046,Customer 04046,1045,Gold,09/04/2024
04047,Customer 04047,1061,Gold,09/20/2024
04048,Customer 04048,756,Silver,04/28/2024
04049,Customer 04049,715,Silver,06/19/2024
04050,Customer 04050,910,Silver,10/15/2024
04051,Customer 04051,19,Bronze,02/23/2025
04052,Customer 04052,956,Silver,02/15/2024
04053,Customer 04053,72,Bronze,02/03/2024
04054,Customer 04054,1378,Gold,01/19/2025
04055,Customer 04055,1226,Gold,06/02/2024
04056,Customer 04056,1205,Gold,03/10/2024
04057,Customer 04057,1044,Gold,08/28/2024
04058,Customer 04058,1114,Gold,09/16/2024
04059,Customer 04059,134,Bronze,03/04/2024
04060,Customer 04060,1355,Gold,12/03/2024
04061,Customer 04061,837,Silver,03/28/2024
04062,Customer 04062,834,Silver,01/14/2024
04063,Customer 04063,185,Bronze,01/18/2024
04064,Customer 04064,978,Silver,11/21/2024
04065,Customer 04065,923,Silver,02/12/2024
04066,Customer 04066,1151,Gold,10/23/2024
04067,Customer 04067,797,Silver,11/27/2024
04068,Customer 04068,16,Bronze,10/15/2024
04069,Customer 04069,1013,Gold,10/01/2024
04070,Customer 04070,568,Silver,02/09/2025
04071,Customer 04071,715,Silver,07/02/2024
04072,Customer 04072,1490,Gold,02/05/2024
04073,Customer 04073,1181,Gold,10/27/2024
04074,Customer 04074,467,Bronze,11/01/2024
04075,Customer 04075,888,Silver,02/08/2024
04076,Customer 04076,246,Bronze,01/01/2024
04077,Customer 04077,1031,Gold,02/25/2025
04078,Customer 04078,980,Silver,03/22/2024
04079,Customer 04079,321,Bronze,01/28/2025
04080,Customer 04080,54,Bronze,09/26/2024
04081,Customer 04081,967,Silver,03/08/2024
04082,Customer 04082,261,Bronze,03/21/2024
04083,Customer 04083,468,Bronze,02/12/2025
04084,Customer 04084,845,Silver,06/18/2024
04085,Customer 04085,1107,Gold,03/18/2024
04086,Customer 04086,1072,Gold,02/12/2025
04087,Customer 04087,75,Bronze,09/06/2024
04088,Customer 04088,45,Bronze,04/01/2024
04089,Customer 04089,583,Silver,04/17/2024
04090,Customer 04090,640,Silver,06/25/2024
04091,Customer 04091,132,Bronze,11/13/2024
04092,Customer 04092,1325,Gold,11/10/2024
04093,Customer 04093,979,Silver,04/23/2024
04094,Customer 04094,1468,Gold,05/25/2024
04095,Customer 04095,1331,Gold,06/06/2024
04096,Customer 04096,546,Silver,03/29/2024
04097,Customer 04097,1213,Gold,04/17/2024
04098,Customer 04098,1063,Gold,07/30/2024
04099,Customer 04099,669,Silver,02/19/2025
04100,Customer 04100,693,Silver,03/03/2024
04101,Customer 04101,1299,Gold,12/10/2024
04102,Customer 04102,836,Silver,06/29/2024
04103,Customer 04103,837,Silver,11/21/2024
04104,Customer 04104,61,Bronze,12/11/2024
04105,Customer 04105,771,Silver,08/01/2024
04106,Customer 04106,788,Silver,02/01/2025
04107,Customer 04107,1371,Gold,06/26/2024
04108,Customer 04108,1487,Gold,10/19/2024
04109,Customer 04109,711,Silver,11/23/2024
04110,Customer 04110,531,Silver,01/12/2025
04111,Customer 04111,475,Bronze,09/25/2024
04112,Customer 04112,46,Bronze,02/25/2024
04113,Customer 04113,409,Bronze,01/26/2025
04114,Customer 04114,1001,Gold,01/26/2024
04115,Customer 04115,672,Silver,10/10/2024
04116,Customer 04116,227,Bronze,01/01/2024
04117,Customer 04117,239,Bronze,12/10/2024
04118,Customer 04118,1031,Gold,06/03/2024
04119,Customer 04119,225,Bronze,07/01/2024
04120,Customer 04120,758,Silver,08/27/2024
04121,Customer 04121,193,Bronze,02/01/2024
04122,Customer 04122,1327,Gold,06/05/2024
04123,Customer 04123,1307,Gold,11/23/2024
04124,Customer 04124,893,Silver,02/25/2025
04125,Customer 04125,722,Silver,06/16/2024
04126,Customer 04126,148,Bronze,10/27/2024
04127,Customer 04127,155,Bronze,04/24/2024
04128,Customer 04128,640,Silver,10/08/2024
04129,Customer 04129,254,Bronze,01/09/2025
04130,Customer 04130,280,Bronze,07/03/2024
04131,Customer 04131,640,Silver,02/19/2025
04132,Customer 04132,1033,Gold,05/23/2024
04133,Customer 04133,1407,Gold,02/24/2025
04134,Customer 04134,714,Silver,05/09/2024
04135,Customer 04135,881,Silver,08/22/2024
04136,Customer 04136,1274,Gold,08/29/2024
04137,Customer 04137,741,Silver,03/11/2024
04138,Customer 04138,210,Bronze,11/26/2024
04139,Customer 04139,926,Silver,05/14/2024
04140,Customer 04140,307,Bronze,12/12/2024
04141,Customer 04141,146,Bronze,04/23/2024
04142,Customer 04142,1275,Gold,01/27/2025
04143,Customer 04143,631,Silver,09/12/2024
04144,Customer 04144,470,Bronze,05/09/2024
04145,Customer 04145,1485,Gold,12/06/2024
04146,Customer 04146,1422,Gold,02/03/2024
04147,Customer 04147,909,Silver,07/01/2024
04148,Customer 04148,158,Bronze,02/06/2025
04149,Customer 04149,1107,Gold,06/09/2024
04150,Customer 04150,553,Silver,11/13/2024
04151,Customer 04151,1373,Gold,07/11/2024
04152,Customer 04152,1248,Gold,02/10/2024
04153,Customer 04153,277,Bronze,02/09/2025
04154,Customer 04154,1243,Gold,01/11/2025
04155,Customer 04155,278,Bronze,01/05/2024
04156,Customer 04156,136,Bronze,02/13/2025
04157,Customer 04157,951,Silver,12/27/2024
04158,Customer 04158,996,Silver,02/25/2024
04159,Customer 04159,651,Silver,04/11/2024
04160,Customer 04160,73,Bronze,02/28/2025
04161,Customer 04161,554,Silver,02/23/2024
04162,Customer 04162,1259,Gold,08/26/2024
04163,Customer 04163,1026,Gold,07/04/2024
04164,Customer 04164,246,Bronze,02/24/2025
04165,Customer 04165,537,Silver,09/26/2024
04166,Customer 04166,1209,Gold,12/05/2024
04167,Customer 04167,185,Bronze,04/12/2024
04168,Customer 04168,994,Silver,10/02/2024
04169,Customer 04169,645,Silver,10/28/2024
04170,Customer 04170,1312,Gold,08/19/2024
04171,Customer 04171,912,Silver,01/04/2024
04172,Customer 04172,864,Silver,05/15/2024
04173,Customer 04173,356,Bronze,02/12/2024
04174,Customer 04174,204,Bronze,12/22/2024
04175,Customer 04175,1353,Gold,07/02/2024
04176,Customer 04176,1004,Gold,01/13/2024
04177,Customer 04177,990,Silver,05/21/2024
04178,Customer 04178,609,Silver,02/19/2025
04179,Customer 04179,349,Bronze,08/15/2024
04180,Customer 04180,277,Bronze,09/13/2024
04181,Customer 04181,369,Bronze,10/04/2024
04182,Customer 04182,613,Silver,01/11/2024
04183,Customer 04183,382,Bronze,01/31/2025
04184,Customer 04184,1320,Gold,02/05/2025
04185,Customer 04185,1000,Gold,07/01/2024
04186,Customer 04186,1175,Gold,12/18/2024
04187,Customer 04187,638,Silver,02/24/2025
04188,Customer 04188,1377,Gold,08/06/2024
04189,Customer 04189,47,Bronze,06/25/2024
04190,Customer 04190,463,Bronze,01/30/2024
04191,Customer 04191,346,Bronze,09/05/2024
04192,Customer 04192,1251,Gold,08/10/2024
04193,Customer 04193,423,Bronze,01/25/2024
04194,Customer 04194,960,Silver,10/05/2024
04195,Customer 04195,991,Silver,09/20/2024
04196,Customer 04196,885,Silver,09/05/2024
04197,Customer 04197,1500,Gold,11/27/2024
04198,Customer 04198,472,Bronze,04/05/2024
04199,Customer 04199,467,Bronze,02/06/2025
04200,Customer 04200,349,Bronze,11/01/2024
04201,Customer 04201,292,Bronze,07/20/2024
04202,Customer 04202,735,Silver,02/05/2025
04203,Customer 04203,869,Silver,04/27/2024
04204,Customer 04204,741,Silver,08/08/2024
04205,Customer 04205,1078,Gold,05/27/2024
04206,Customer 04206,1365,Gold,02/10/2024
04207,Customer 04207,984,Silver,12/02/2024
04208,Customer 04208,1437,Gold,08/01/2024
04209,Customer 04209,440,Bronze,03/13/2024
04210,Customer 04210,344,Bronze,01/23/2024
04211,Customer 04211,868,Silver,05/12/2024
04212,Customer 04212,538,Silver,09/25/2024
04213,Customer 04213,377,Bronze,01/21/2025
04214,Customer 04214,1219,Gold,12/16/2024
04215,Customer 04215,1057,Gold,09/11/2024
04216,Customer 04216,600,Silver,05/04/2024
04217,Customer 04217,456,Bronze,01/27/2025
04218,Customer 04218,800,Silver,12/08/2024
04219,Customer 04219,501,Silver,07/22/2024
04220,Customer 04220,1413,Gold,05/25/2024
04221,Customer 04221,608,Silver,11/29/2024
04222,Customer 04222,1226,Gold,09/07/2024
04223,Customer 04223,286,Bronze,06/11/2024
04224,Customer 04224,448,Bronze,09/08/2024
04225,Customer 04225,144,Bronze,07/24/2024
04226,Customer 04226,364,Bronze,05/27/2024
04227,Customer 04227,1444,Gold,07/23/2024
04228,Customer 04228,1038,Gold,04/18/2024
04229,Customer 04229,1173,Gold,01/28/2024
04230,Customer 04230,1198,Gold,02/11/2024
04231,Customer 04231,19,Bronze,02/17/2025
04232,Customer 04232,790,Silver,01/18/2025
04233,Customer 04233,1321,Gold,06/11/2024
04234,Customer 04234,1416,Gold,02/22/2025
04235,Customer 04235,1394,Gold,02/06/2024
04236,Customer 04236,891,Silver,10/24/2024
04237,Customer 04237,1175,Gold,07/09/2024
04238,Customer 04238,1476,Gold,09/08/2024
04239,Customer 04239,699,Silver,06/18/2024
04240,Customer 04240,1173,Gold,06/16/2024
04241,Customer 04241,196,Bronze,10/06/2024
04242,Customer 04242,1197,Gold,02/24/2024
04243,Customer 04243,526,Silver,05/22/2024
04244,Customer 04244,80,Bronze,08/09/2024
04245,Customer 04245,834,Silver,08/21/2024
04246,Customer 04246,861,Silver,08/22/2024
04247,Customer 04247,116,Bronze,12/08/2024
04248,Customer 04248,740,Silver,01/25/2025
04249,Customer 04249,1009,Gold,01/31/2024
04250,Customer 04250,803,Silver,01/10/2024
04251,Customer 04251,989,Silver,06/08/2024
04252,Customer 04252,876,Silver,03/05/2024
04253,Customer 04253,832,Silver,01/20/2025
04254,Customer 04254,1043,Gold,02/20/2025
04255,Customer 04255,203,Bronze,02/11/2025
04256,Customer 04256,757,Silver,02/25/2024
04257,Customer 04257,1033,Gold,08/01/2024
04258,Customer 04258,654,Silver,07/16/2024
04259,Customer 04259,1166,Gold,08/27/2024
04260,Customer 04260,343,Bronze,01/19/2024
04261,Customer 04261,404,Bronze,10/19/2024
04262,Customer 04262,685,Silver,10/05/2024
04263,Customer 04263,183,Bronze,07/04/2024
04264,Customer 04264,1298,Gold,05/04/2024
04265,Customer 04265,889,Silver,02/10/2024
04266,Customer 04266,1355,Gold,05/31/2024
04267,Customer 04267,85,Bronze,09/17/2024
04268,Customer 04268,222,Bronze,05/01/2024
04269,Customer 04269,329,Bronze,11/21/2024
04270,Customer 04270,1107,Gold,07/02/2024
04271,Customer 04271,400,Bronze,10/18/2024
04272,Customer 04272,839,Silver,08/24/2024
04273,Customer 04273,138,Bronze,12/12/2024
04274,Customer 04274,682,Silver,10/21/2024
04275,Customer 04275,678,Silver,06/26/2024
04276,Customer 04276,648,Silver,08/11/2024
04277,Customer 04277,1376,Gold,06/28/2024
04278,Customer 04278,199,Bronze,08/29/2024
04279,Customer 04279,899,Silver,11/28/2024
04280,Customer 04280,916,Silver,04/09/2024
04281,Customer 04281,1,Bronze,09/04/2024
04282,Customer 04282,127,Bronze,02/07/2024
04283,Customer 04283,1385,Gold,10/21/2024
04284,Customer 04284,160,Bronze,02/28/2024
04285,Customer 04285,530,Silver,02/03/2025
04286,Customer 04286,996,Silver,06/04/2024
04287,Customer 04287,651,Silver,02/10/2024
04288,Customer 04288,417,Bronze,07/31/2024
04289,Customer 04289,747,Silver,11/11/2024
04290,Customer 04290,1366,Gold,05/01/2024
04291,Customer 04291,488,Bronze,09/15/2024
04292,Customer 04292,1258,Gold,03/31/2024
04293,Customer 04293,1488,Gold,06/03/2024
04294,Customer 04294,1034,Gold,08/09/2024
04295,Customer 04295,53,Bronze,03/25/2024
04296,Customer 04296,1256,Gold,02/20/2024
04297,Customer 04297,724,Silver,08/31/2024
04298,Customer 04298,527,Silver,05/20/2024
04299,Customer 04299,439,Bronze,10/22/2024
04300,Customer 04300,1320,Gold,11/02/2024
04301,Customer 04301,1279,Gold,03/16/2024
04302,Customer 04302,121,Bronze,01/19/2025
04303,Customer 04303,867,Silver,05/16/2024
04304,Customer 04304,97,Bronze,02/18/2024
04305,Customer 04305,1127,Gold,08/28/2024
04306,Customer 04306,1275,Gold,09/01/2024
04307,Customer 04307,687,Silver,01/17/2024
04308,Customer 04308,748,Silver,12/13/2024
04309,Customer 04309,444,Bronze,04/16/2024
04310,Customer 04310,817,Silver,04/27/2024
04311,Customer 04311,891,Silver,11/16/2024
04312,Customer 04312,657,Silver,01/03/2024
04313,Customer 04313,1047,Gold,02/11/2025
04314,Customer 04314,1118,Gold,08/18/2024
04315,Customer 04315,181,Bronze,08/03/2024
04316,Customer 04316,1016,Gold,07/15/2024
04317,Customer 04317,576,Silver,06/19/2024
04318,Customer 04318,725,Silver,08/02/2024
04319,Customer 04319,228,Bronze,02/16/2025
04320,Customer 04320,251,Bronze,07/10/2024
04321,Customer 04321,520,Silver,01/14/2025
04322,Customer 04322,344,Bronze,07/03/2024
04323,Customer 04323,757,Silver,11/04/2024
04324,Customer 04324,1265,Gold,11/30/2024
04325,Customer 04325,660,Silver,05/12/2024
04326,Customer 04326,1470,Gold,02/25/2025
04327,Customer 04327,653,Silver,11/13/2024
04328,Customer 04328,350,Bronze,01/19/2024
04329,Customer 04329,794,Silver,03/07/2024
04330,Customer 04330,689,Silver,03/17/2024
04331,Customer 04331,269,Bronze,03/04/2024
04332,Customer 04332,1052,Gold,07/28/2024
04333,Customer 04333,858,Silver,01/11/2024
04334,Customer 04334,710,Silver,12/20/2024
04335,Customer 04335,777,Silver,02/21/2024
04336,Customer 04336,1219,Gold,02/04/2025
04337,Customer 04337,1112,Gold,07/03/2024
04338,Customer 04338,1405,Gold,02/23/2025
04339,Customer 04339,345,Bronze,05/06/2024
04340,Customer 04340,800,Silver,01/26/2025
04341,Customer 04341,220,Bronze,07/21/2024
04342,Customer 04342,1047,Gold,02/08/2024
04343,Customer 04343,47,Bronze,02/11/2025
04344,Customer 04344,32,Bronze,11/21/2024
04345,Customer 04345,499,Bronze,12/05/2024
04346,Customer 04346,701,Silver,08/27/2024
04347,Customer 04347,632,Silver,05/09/2024
04348,Customer 04348,549,Silver,01/16/2024
04349,Customer 04349,42,Bronze,02/05/2025
04350,Customer 04350,157,Bronze,09/01/2024
04351,Customer 04351,519,Silver,08/20/2024
04352,Customer 04352,1222,Gold,09/28/2024
04353,Customer 04353,558,Silver,02/12/2024
04354,Customer 04354,1381,Gold,02/13/2025
04355,Customer 04355,561,Silver,10/24/2024
04356,Customer 04356,652,Silver,02/19/2024
04357,Customer 04357,348,Bronze,06/14/2024
04358,Customer 04358,426,Bronze,05/13/2024
04359,Customer 04359,360,Bronze,03/27/2024
04360,Customer 04360,1092,Gold,11/07/2024
04361,Customer 04361,759,Silver,04/15/2024
04362,Customer 04362,415,Bronze,07/08/2024
04363,Customer 04363,974,Silver,07/13/2024
04364,Customer 04364,87,Bronze,02/02/2024
04365,Customer 04365,416,Bronze,12/16/2024
04366,Customer 04366,462,Bronze,05/20/2024
04367,Customer 04367,1081,Gold,01/21/2025
04368,Customer 04368,1177,Gold,01/13/2025
04369,Customer 04369,340,Bronze,02/18/2025
04370,Customer 04370,763,Silver,03/02/2024
04371,Customer 04371,993,Silver,08/19/2024
04372,Customer 04372,241,Bronze,04/23/2024
04373,Customer 04373,854,Silver,06/05/2024
04374,Customer 04374,753,Silver,02/24/2024
04375,Customer 04375,597,Silver,07/12/2024
04376,Customer 04376,1248,Gold,02/10/2024
04377,Customer 04377,435,Bronze,04/13/2024
04378,Customer 04378,848,Silver,03/14/2024
04379,Customer 04379,1386,Gold,02/21/2024
04380,Customer 04380,748,Silver,01/22/2024
04381,Customer 04381,954,Silver,01/09/2024
04382,Customer 04382,656,Silver,01/23/2024
04383,Customer 04383,1048,Gold,09/23/2024
04384,Customer 04384,1216,Gold,02/27/2025
04385,Customer 04385,1083,Gold,02/12/2025
04386,Customer 04386,1150,Gold,04/29/2024
04387,Customer 04387,406,Bronze,12/01/2024
04388,Customer 04388,1263,Gold,07/10/2024
04389,Customer 04389,1067,Gold,07/24/2024
04390,Customer 04390,192,Bronze,07/27/2024
04391,Customer 04391,9,Bronze,04/01/2024
04392,Customer 04392,1134,Gold,02/11/2025
04393,Customer 04393,1471,Gold,08/09/2024
04394,Customer 04394,174,Bronze,01/16/2024
04395,Customer 04395,739,Silver,07/25/2024
04396,Customer 04396,932,Silver,02/22/2025
04397,Customer 04397,347,Bronze,11/06/2024
04398,Customer 04398,598,Silver,01/26/2024
04399,Customer 04399,279,Bronze,07/13/2024
04400,Customer 04400,231,Bronze,12/07/2024
04401,Customer 04401,235,Bronze,01/01/2024
04402,Customer 04402,700,Silver,11/09/2024
04403,Customer 04403,809,Silver,08/27/2024
04404,Customer 04404,467,Bronze,01/31/2024
04405,Customer 04405,776,Silver,02/13/2025
04406,Customer 04406,666,Silver,03/19/2024
04407,Customer 04407,601,Silver,10/26/2024
04408,Customer 04408,28,Bronze,10/13/2024
04409,Customer 04409,786,Silver,08/25/2024
04410,Customer 04410,1426,Gold,05/10/2024
04411,Customer 04411,173,Bronze,05/20/2024
04412,Customer 04412,738,Silver,04/27/2024
04413,Customer 04413,677,Silver,03/09/2024
04414,Customer 04414,162,Bronze,02/11/2025
04415,Customer 04415,808,Silver,10/07/2024
04416,Customer 04416,307,Bronze,02/22/2025
04417,Customer 04417,219,Bronze,12/08/2024
04418,Customer 04418,576,Silver,02/05/2025
04419,Customer 04419,32,Bronze,02/03/2025
04420,Customer 04420,134,Bronze,05/22/2024
04421,Customer 04421,1458,Gold,06/02/2024
04422,Customer 04422,1181,Gold,04/09/2024
04423,Customer 04423,312,Bronze,09/16/2024
04424,Customer 04424,515,Silver,01/24/2025
04425,Customer 04425,1141,Gold,01/04/2024
04426,Customer 04426,465,Bronze,01/28/2024
04427,Customer 04427,1225,Gold,08/14/2024
04428,Customer 04428,1363,Gold,02/26/2024
04429,Customer 04429,188,Bronze,02/13/2024
04430,Customer 04430,80,Bronze,01/15/2025
04431,Customer 04431,636,Silver,11/19/2024
04432,Customer 04432,1425,Gold,05/19/2024
04433,Customer 04433,1094,Gold,06/13/2024
04434,Customer 04434,890,Silver,09/23/2024
04435,Customer 04435,1040,Gold,08/21/2024
04436,Customer 04436,391,Bronze,05/19/2024
04437,Customer 04437,67,Bronze,02/28/2024
04438,Customer 04438,573,Silver,02/05/2025
04439,Customer 04439,439,Bronze,04/05/2024
04440,Customer 04440,1265,Gold,07/05/2024
04441,Customer 04441,875,Silver,04/03/2024
04442,Customer 04442,1371,Gold,11/29/2024
04443,Customer 04443,440,Bronze,02/26/2024
04444,Customer 04444,611,Silver,09/01/2024
04445,Customer 04445,314,Bronze,01/12/2024
04446,Customer 04446,519,Silver,08/22/2024
04447,Customer 04447,1177,Gold,02/08/2025
04448,Customer 04448,186,Bronze,07/17/2024
04449,Customer 04449,1002,Gold,05/12/2024
04450,Customer 04450,348,Bronze,04/10/2024
04451,Customer 04451,132,Bronze,07/11/2024
04452,Customer 04452,195,Bronze,11/21/2024
04453,Customer 04453,704,Silver,12/23/2024
04454,Customer 04454,1152,Gold,12/14/2024
04455,Customer 04455,453,Bronze,07/04/2024
04456,Customer 04456,802,Silver,07/04/2024
04457,Customer 04457,751,Silver,02/03/2025
04458,Customer 04458,512,Silver,04/18/2024
04459,Customer 04459,105,Bronze,08/20/2024
04460,Customer 04460,1449,Gold,09/25/2024
04461,Customer 04461,1134,Gold,03/03/2024
04462,Customer 04462,742,Silver,11/28/2024
04463,Customer 04463,624,Silver,03/29/2024
04464,Customer 04464,1335,Gold,01/12/2024
04465,Customer 04465,562,Silver,06/12/2024
04466,Customer 04466,320,Bronze,02/11/2025
04467,Customer 04467,431,Bronze,10/02/2024
04468,Customer 04468,814,Silver,10/23/2024
04469,Customer 04469,1297,Gold,12/10/2024
04470,Customer 04470,540,Silver,02/10/2025
04471,Customer 04471,672,Silver,08/15/2024
04472,Customer 04472,703,Silver,11/30/2024
04473,Customer 04473,1011,Gold,03/16/2024
04474,Customer 04474,833,Silver,02/05/2024
04475,Customer 04475,485,Bronze,02/06/2024
04476,Customer 04476,143,Bronze,06/26/2024
04477,Customer 04477,606,Silver,08/14/2024
04478,Customer 04478,1238,Gold,08/09/2024
04479,Customer 04479,255,Bronze,09/10/2024
04480,Customer 04480,382,Bronze,08/01/2024
04481,Customer 04481,932,Silver,07/14/2024
04482,Customer 04482,125,Bronze,06/15/2024
04483,Customer 04483,1171,Gold,05/16/2024
04484,Customer 04484,439,Bronze,02/26/2024
04485,Customer 04485,783,Silver,07/30/2024
04486,Customer 04486,590,Silver,02/24/2025
04487,Customer 04487,104,Bronze,06/03/2024
04488,Customer 04488,1210,Gold,10/25/2024
04489,Customer 04489,1407,Gold,10/13/2024
04490,Customer 04490,86,Bronze,06/04/2024
04491,Customer 04491,1332,Gold,05/28/2024
04492,Customer 04492,1294,Gold,02/28/2025
04493,Customer 04493,109,Bronze,05/15/2024
04494,Customer 04494,348,Bronze,09/17/2024
04495,Customer 04495,698,Silver,12/28/2024
04496,Customer 04496,1495,Gold,01/25/2024
04497,Customer 04497,224,Bronze,05/21/2024
04498,Customer 04498,127,Bronze,02/12/2025
04499,Customer 04499,279,Bronze,02/05/2024
04500,Customer 04500,1123,Gold,01/13/2024
04501,Customer 04501,789,Silver,02/07/2024
04502,Customer 04502,567,Silver,09/06/2024
04503,Customer 04503,899,Silver,08/12/2024
04504,Customer 04504,1485,Gold,08/25/2024
04505,Customer 04505,964,Silver,03/05/2024
04506,Customer 04506,868,Silver,01/30/2025
04507,Customer 04507,1360,Gold,10/20/2024
04508,Customer 04508,1472,Gold,01/23/2025
04509,Customer 04509,1421,Gold,05/10/2024
04510,Customer 04510,987,Silver,11/28/2024
04511,Customer 04511,1016,Gold,04/08/2024
04512,Customer 04512,24,Bronze,01/26/2025
04513,Customer 04513,203,Bronze,09/01/2024
04514,Customer 04514,1465,Gold,06/10/2024
04515,Customer 04515,1460,Gold,01/21/2024
04516,Customer 04516,1221,Gold,08/31/2024
04517,Customer 04517,1189,Gold,01/17/2024
04518,Customer 04518,337,Bronze,02/20/2025
04519,Customer 04519,851,Silver,09/01/2024
04520,Customer 04520,491,Bronze,07/12/2024
04521,Customer 04521,473,Bronze,08/25/2024
04522,Customer 04522,666,Silver,02/25/2025
04523,Customer 04523,542,Silver,07/08/2024
04524,Customer 04524,1441,Gold,07/13/2024
04525,Customer 04525,235,Bronze,11/25/2024
04526,Customer 04526,1026,Gold,01/06/2025
04527,Customer 04527,531,Silver,01/01/2024
04528,Customer 04528,365,Bronze,01/21/2025
04529,Customer 04529,499,Bronze,02/15/2025
04530,Customer 04530,196,Bronze,05/26/2024
04531,Customer 04531,642,Silver,10/16/2024
04532,Customer 04532,1321,Gold,01/16/2025
04533,Customer 04533,192,Bronze,04/03/2024
04534,Customer 04534,228,Bronze,03/19/2024
04535,Customer 04535,1190,Gold,08/02/2024
04536,Customer 04536,226,Bronze,08/12/2024
04537,Customer 04537,186,Bronze,11/30/2024
04538,Customer 04538,396,Bronze,07/08/2024
04539,Customer 04539,494,Bronze,07/10/2024
04540,Customer 04540,296,Bronze,10/08/2024
04541,Customer 04541,1483,Gold,10/23/2024
04542,Customer 04542,22,Bronze,04/05/2024
04543,Customer 04543,1452,Gold,01/27/2025
04544,Customer 04544,244,Bronze,06/03/2024
04545,Customer 04545,765,Silver,10/11/2024
04546,Customer 04546,168,Bronze,02/21/2024
04547,Customer 04547,950,Silver,01/24/2024
04548,Customer 04548,1037,Gold,07/26/2024
04549,Customer 04549,1429,Gold,07/27/2024
04550,Customer 04550,1242,Gold,04/22/2024
04551,Customer 04551,1161,Gold,08/12/2024
04552,Customer 04552,823,Silver,07/04/2024
04553,Customer 04553,1343,Gold,01/02/2024
04554,Customer 04554,241,Bronze,03/10/2024
04555,Customer 04555,362,Bronze,06/11/2024
04556,Customer 04556,839,Silver,02/20/2024
04557,Customer 04557,441,Bronze,07/09/2024
04558,Customer 04558,694,Silver,02/02/2024
04559,Customer 04559,199,Bronze,03/23/2024
04560,Customer 04560,396,Bronze,03/01/2024
04561,Customer 04561,658,Silver,05/22/2024
04562,Customer 04562,492,Bronze,12/04/2024
04563,Customer 04563,946,Silver,05/06/2024
04564,Customer 04564,445,Bronze,02/15/2025
04565,Customer 04565,1496,Gold,09/08/2024
04566,Customer 04566,447,Bronze,01/17/2025
04567,Customer 04567,1132,Gold,09/19/2024
04568,Customer 04568,573,Silver,07/08/2024
04569,Customer 04569,1057,Gold,04/16/2024
04570,Customer 04570,546,Silver,03/02/2024
04571,Customer 04571,1219,Gold,07/15/2024
04572,Customer 04572,62,Bronze,06/03/2024
04573,Customer 04573,753,Silver,01/25/2024
04574,Customer 04574,407,Bronze,10/07/2024
04575,Customer 04575,210,Bronze,09/03/2024
04576,Customer 04576,374,Bronze,06/04/2024
04577,Customer 04577,1067,Gold,02/18/2024
04578,Customer 04578,443,Bronze,03/19/2024
04579,Customer 04579,842,Silver,04/06/2024
04580,Customer 04580,936,Silver,09/26/2024
04581,Customer 04581,660,Silver,01/27/2025
04582,Customer 04582,107,Bronze,03/09/2024
04583,Customer 04583,914,Silver,12/30/2024
04584,Customer 04584,117,Bronze,02/01/2024
04585,Customer 04585,606,Silver,09/18/2024
04586,Customer 04586,505,Silver,01/02/2024
04587,Customer 04587,614,Silver,01/19/2025
04588,Customer 04588,108,Bronze,09/22/2024
04589,Customer 04589,755,Silver,12/07/2024
04590,Customer 04590,735,Silver,12/28/2024
04591,Customer 04591,1154,Gold,01/09/2024
04592,Customer 04592,47,Bronze,03/05/2024
04593,Customer 04593,1083,Gold,02/19/2025
04594,Customer 04594,459,Bronze,04/30/2024
04595,Customer 04595,251,Bronze,05/04/2024
04596,Customer 04596,1345,Gold,09/20/2024
04597,Customer 04597,980,Silver,01/14/2025
04598,Customer 04598,771,Silver,09/17/2024
04599,Customer 04599,927,Silver,06/25/2024
04600,Customer 04600,371,Bronze,08/26/2024
04601,Customer 04601,1312,Gold,05/01/2024
04602,Customer 04602,206,Bronze,08/18/2024
04603,Customer 04603,334,Bronze,10/05/2024
04604,Customer 04604,623,Silver,06/16/2024
04605,Customer 04605,1044,Gold,10/22/2024
04606,Customer 04606,1400,Gold,07/15/2024
04607,Customer 04607,166,Bronze,11/29/2024
04608,Customer 04608,1280,Gold,04/21/2024
04609,Customer 04609,1040,Gold,06/04/2024
04610,Customer 04610,1208,Gold,10/06/2024
04611,Customer 04611,564,Silver,01/14/2025
04612,Customer 04612,369,Bronze,10/31/2024
04613,Customer 04613,1199,Gold,01/14/2024
04614,Customer 04614,908,Silver,08/01/2024
04615,Customer 04615,913,Silver,01/10/2025
04616,Customer 04616,1248,Gold,03/12/2024
04617,Customer 04617,200,Bronze,03/03/2024
04618,Customer 04618,185,Bronze,02/28/2025
04619,Customer 04619,992,Silver,02/20/2025
04620,Customer 04620,413,Bronze,05/16/2024
04621,Customer 04621,585,Silver,10/17/2024
04622,Customer 04622,70,Bronze,06/09/2024
04623,Customer 04623,1204,Gold,06/30/2024
04624,Customer 04624,1098,Gold,05/30/2024
04625,Customer 04625,982,Silver,06/16/2024
04626,Customer 04626,363,Bronze,05/19/2024
04627,Customer 04627,891,Silver,12/28/2024
04628,Customer 04628,583,Silver,09/21/2024
04629,Customer 04629,885,Silver,10/14/2024
04630,Customer 04630,374,Bronze,06/11/2024
04631,Customer 04631,263,Bronze,08/05/2024
04632,Customer 04632,1295,Gold,04/01/2024
04633,Customer 04633,1201,Gold,08/30/2024
04634,Customer 04634,468,Bronze,05/18/2024
04635,Customer 04635,813,Silver,07/04/2024
04636,Customer 04636,1408,Gold,02/17/2025
04637,Customer 04637,1007,Gold,01/28/2025
04638,Customer 04638,40,Bronze,11/03/2024
04639,Customer 04639,1210,Gold,09/13/2024
04640,Customer 04640,1063,Gold,01/04/2024
04641,Customer 04641,769,Silver,07/06/2024
04642,Customer 04642,1190,Gold,11/03/2024
04643,Customer 04643,409,Bronze,05/02/2024
04644,Customer 04644,666,Silver,11/29/2024
04645,Customer 04645,344,Bronze,11/09/2024
04646,Customer 04646,545,Silver,04/05/2024
04647,Customer 04647,969,Silver,05/05/2024
04648,Customer 04648,243,Bronze,08/29/2024
04649,Customer 04649,978,Silver,08/05/2024
04650,Customer 04650,1221,Gold,02/27/2024
04651,Customer 04651,1143,Gold,07/13/2024
04652,Customer 04652,1443,Gold,12/04/2024
04653,Customer 04653,941,Silver,04/16/2024
04654,Customer 04654,677,Silver,06/10/2024
04655,Customer 04655,431,Bronze,09/05/2024
04656,Customer 04656,534,Silver,04/24/2024
04657,Customer 04657,803,Silver,04/10/2024
04658,Customer 04658,619,Silver,07/21/2024
04659,Customer 04659,1121,Gold,03/26/2024
04660,Customer 04660,1015,Gold,10/23/2024
04661,Customer 04661,1040,Gold,11/08/2024
04662,Customer 04662,565,Silver,11/24/2024
04663,Customer 04663,154,Bronze,12/28/2024
04664,Customer 04664,202,Bronze,08/02/2024
04665,Customer 04665,729,Silver,02/21/2025
04666,Customer 04666,203,Bronze,02/11/2025
04667,Customer 04667,498,Bronze,11/27/2024
04668,Customer 04668,1357,Gold,02/19/2024
04669,Customer 04669,1229,Gold,10/03/2024
04670,Customer 04670,384,Bronze,06/18/2024
04671,Customer 04671,558,Silver,03/21/2024
04672,Customer 04672,1244,Gold,10/26/2024
04673,Customer 04673,247,Bronze,02/23/2024
04674,Customer 04674,1181,Gold,01/03/2024
04675,Customer 04675,1246,Gold,02/27/2024
04676,Customer 04676,1456,Gold,10/28/2024
04677,Customer 04677,606,Silver,08/22/2024
04678,Customer 04678,1373,Gold,07/28/2024
04679,Customer 04679,64,Bronze,05/27/2024
04680,Customer 04680,249,Bronze,09/26/2024
04681,Customer 04681,1095,Gold,04/13/2024
04682,Customer 04682,1098,Gold,09/14/2024
04683,Customer 04683,232,Bronze,11/08/2024
04684,Customer 04684,70,Bronze,08/18/2024
04685,Customer 04685,477,Bronze,02/16/2025
04686,Customer 04686,968,Silver,02/15/2025
04687,Customer 04687,852,Silver,07/13/2024
04688,Customer 04688,278,Bronze,08/18/2024
04689,Customer 04689,1415,Gold,02/09/2025
04690,Customer 04690,472,Bronze,04/26/2024
04691,Customer 04691,569,Silver,09/12/2024
04692,Customer 04692,187,Bronze,11/30/2024
04693,Customer 04693,220,Bronze,11/29/2024
04694,Customer 04694,119,Bronze,02/16/2024
04695,Customer 04695,1324,Gold,04/28/2024
04696,Customer 04696,72,Bronze,03/19/2024
04697,Customer 04697,586,Silver,02/04/2025
04698,Customer 04698,286,Bronze,06/07/2024
04699,Customer 04699,1088,Gold,11/01/2024
04700,Customer 04700,612,Silver,10/05/2024
04701,Customer 04701,1072,Gold,09/06/2024
04702,Customer 04702,980,Silver,07/13/2024
04703,Customer 04703,239,Bronze,06/27/2024
04704,Customer 04704,1005,Gold,08/29/2024
04705,Customer 04705,982,Silver,03/06/2024
04706,Customer 04706,641,Silver,01/22/2024
04707,Customer 04707,639,Silver,09/04/2024
04708,Customer 04708,725,Silver,02/13/2025
04709,Customer 04709,645,Silver,11/06/2024
04710,Customer 04710,1162,Gold,10/22/2024
04711,Customer 04711,466,Bronze,12/16/2024
04712,Customer 04712,30,Bronze,04/17/2024
04713,Customer 04713,311,Bronze,01/11/2025
04714,Customer 04714,556,Silver,01/28/2025
04715,Customer 04715,1265,Gold,10/07/2024
04716,Customer 04716,1249,Gold,10/22/2024
04717,Customer 04717,332,Bronze,04/15/2024
04718,Customer 04718,284,Bronze,03/05/2024
04719,Customer 04719,280,Bronze,01/03/2025
04720,Customer 04720,966,Silver,11/05/2024
04721,Customer 04721,502,Silver,10/22/2024
04722,Customer 04722,1242,Gold,03/22/2024
04723,Customer 04723,1038,Gold,10/18/2024
04724,Customer 04724,543,Silver,10/27/2024
04725,Customer 04725,795,Silver,03/06/2024
04726,Customer 04726,544,Silver,05/03/2024
04727,Customer 04727,914,Silver,11/03/2024
04728,Customer 04728,304,Bronze,03/14/2024
04729,Customer 04729,1014,Gold,10/21/2024
04730,Customer 04730,1169,Gold,12/01/2024
04731,Customer 04731,738,Silver,12/28/2024
04732,Customer 04732,1003,Gold,11/09/2024
04733,Customer 04733,500,Silver,10/18/2024
04734,Customer 04734,1286,Gold,01/25/2025
04735,Customer 04735,909,Silver,06/02/2024
04736,Customer 04736,243,Bronze,10/02/2024
04737,Customer 04737,297,Bronze,03/31/2024
04738,Customer 04738,511,Silver,10/27/2024
04739,Customer 04739,306,Bronze,07/03/2024
04740,Customer 04740,845,Silver,01/25/2024
04741,Customer 04741,1362,Gold,03/09/2024
04742,Customer 04742,781,Silver,03/26/2024
04743,Customer 04743,707,Silver,02/05/2025
04744,Customer 04744,1307,Gold,01/11/2024
04745,Customer 04745,400,Bronze,03/30/2024
04746,Customer 04746,688,Silver,07/16/2024
04747,Customer 04747,747,Silver,09/11/2024
04748,Customer 04748,811,Silver,05/06/2024
04749,Customer 04749,44,Bronze,12/16/2024
04750,Customer 04750,660,Silver,09/30/2024
04751,Customer 04751,1358,Gold,05/03/2024
04752,Customer 04752,494,Bronze,01/03/2024
04753,Customer 04753,980,Silver,02/12/2025
04754,Customer 04754,1092,Gold,06/06/2024
04755,Customer 04755,716,Silver,08/03/2024
04756,Customer 04756,964,Silver,01/03/2025
04757,Customer 04757,939,Silver,01/02/2025
04758,Customer 04758,201,Bronze,11/10/2024
04759,Customer 04759,1156,Gold,02/01/2025
04760,Customer 04760,1043,Gold,05/04/2024
04761,Customer 04761,300,Bronze,01/29/2025
04762,Customer 04762,893,Silver,04/14/2024
04763,Customer 04763,1167,Gold,02/13/2025
04764,Customer 04764,224,Bronze,03/21/2024
04765,Customer 04765,78,Bronze,01/06/2025
04766,Customer 04766,603,Silver,11/24/2024
04767,Customer 04767,944,Silver,09/09/2024
04768,Customer 04768,236,Bronze,12/06/2024
04769,Customer 04769,1180,Gold,03/24/2024
04770,Customer 04770,1228,Gold,02/28/2024
04771,Customer 04771,283,Bronze,08/10/2024
04772,Customer 04772,1466,Gold,12/24/2024
04773,Customer 04773,423,Bronze,08/09/2024
04774,Customer 04774,1321,Gold,02/16/2025
04775,Customer 04775,1215,Gold,01/29/2024
04776,Customer 04776,114,Bronze,02/17/2025
04777,Customer 04777,1105,Gold,04/25/2024
04778,Customer 04778,230,Bronze,04/12/2024
04779,Customer 04779,710,Silver,01/07/2024
04780,Customer 04780,974,Silver,02/01/2024
04781,Customer 04781,267,Bronze,03/17/2024
04782,Customer 04782,1124,Gold,03/24/2024
04783,Customer 04783,898,Silver,04/08/2024
04784,Customer 04784,153,Bronze,01/29/2024
04785,Customer 04785,728,Silver,01/15/2024
04786,Customer 04786,106,Bronze,09/14/2024
04787,Customer 04787,778,Silver,11/08/2024
04788,Customer 04788,281,Bronze,04/23/2024
04789,Customer 04789,17,Bronze,11/03/2024
04790,Customer 04790,1144,Gold,02/05/2024
04791,Customer 04791,552,Silver,11/16/2024
04792,Customer 04792,890,Silver,01/27/2024
04793,Customer 04793,549,Silver,02/03/2025
04794,Customer 04794,221,Bronze,10/06/2024
04795,Customer 04795,1356,Gold,07/30/2024
04796,Customer 04796,544,Silver,07/17/2024
04797,Customer 04797,381,Bronze,11/21/2024
04798,Customer 04798,1429,Gold,08/14/2024
04799,Customer 04799,263,Bronze,08/13/2024
04800,Customer 04800,1262,Gold,01/27/2025
04801,Customer 04801,799,Silver,02/17/2024
04802,Customer 04802,1054,Gold,01/17/2024
04803,Customer 04803,684,Silver,06/21/2024
04804,Customer 04804,1074,Gold,07/16/2024
04805,Customer 04805,721,Silver,02/15/2025
04806,Customer 04806,108,Bronze,07/02/2024
04807,Customer 04807,1076,Gold,12/24/2024
04808,Customer 04808,181,Bronze,04/27/2024
04809,Customer 04809,608,Silver,10/13/2024
04810,Customer 04810,1465,Gold,08/08/2024
04811,Customer 04811,766,Silver,12/18/2024
04812,Customer 04812,1000,Gold,02/08/2025
04813,Customer 04813,640,Silver,12/09/2024
04814,Customer 04814,1255,Gold,10/27/2024
04815,Customer 04815,847,Silver,10/04/2024
04816,Customer 04816,12,Bronze,01/24/2024
04817,Customer 04817,510,Silver,05/05/2024
04818,Customer 04818,1469,Gold,04/03/2024
04819,Customer 04819,129,Bronze,07/25/2024
04820,Customer 04820,407,Bronze,11/30/2024
04821,Customer 04821,1119,Gold,02/02/2025
04822,Customer 04822,1198,Gold,08/11/2024
04823,Customer 04823,1331,Gold,04/08/2024
04824,Customer 04824,1419,Gold,01/25/2024
04825,Customer 04825,1267,Gold,11/30/2024
04826,Customer 04826,1068,Gold,03/20/2024
04827,Customer 04827,511,Silver,01/25/2025
04828,Customer 04828,1317,Gold,06/05/2024
04829,Customer 04829,943,Silver,10/11/2024
04830,Customer 04830,1440,Gold,11/02/2024
04831,Customer 04831,836,Silver,11/27/2024
04832,Customer 04832,1110,Gold,02/26/2024
04833,Customer 04833,928,Silver,01/13/2024
04834,Customer 04834,106,Bronze,11/18/2024
04835,Customer 04835,893,Silver,01/25/2024
04836,Customer 04836,852,Silver,11/25/2024
04837,Customer 04837,1152,Gold,01/15/2025
04838,Customer 04838,1495,Gold,05/21/2024
04839,Customer 04839,804,Silver,08/02/2024
04840,Customer 04840,617,Silver,12/21/2024
04841,Customer 04841,297,Bronze,05/11/2024
04842,Customer 04842,70,Bronze,10/10/2024
04843,Customer 04843,830,Silver,03/12/2024
04844,Customer 04844,1134,Gold,05/19/2024
04845,Customer 04845,1193,Gold,09/22/2024
04846,Customer 04846,600,Silver,10/24/2024
04847,Customer 04847,653,Silver,09/14/2024
04848,Customer 04848,775,Silver,07/02/2024
04849,Customer 04849,662,Silver,02/26/2024
04850,Customer 04850,1387,Gold,11/18/2024
04851,Customer 04851,619,Silver,12/02/2024
04852,Customer 04852,567,Silver,01/27/2025
04853,Customer 04853,677,Silver,05/15/2024
04854,Customer 04854,1044,Gold,09/26/2024
04855,Customer 04855,1087,Gold,02/10/2024
04856,Customer 04856,625,Silver,10/02/2024
04857,Customer 04857,643,Silver,02/02/2024
04858,Customer 04858,1145,Gold,04/30/2024
04859,Customer 04859,148,Bronze,12/04/2024
04860,Customer 04860,320,Bronze,03/25/2024
04861,Customer 04861,680,Silver,06/18/2024
04862,Customer 04862,1412,Gold,06/24/2024
04863,Customer 04863,743,Silver,10/17/2024
04864,Customer 04864,1266,Gold,02/09/2024
04865,Customer 04865,9,Bronze,02/20/2024
04866,Customer 04866,892,Silver,07/15/2024
04867,Customer 04867,472,Bronze,06/16/2024
04868,Customer 04868,1063,Gold,10/09/2024
04869,Customer 04869,64,Bronze,04/13/2024
04870,Customer 04870,892,Silver,01/25/2025
04871,Customer 04871,7,Bronze,05/08/2024
04872,Customer 04872,1072,Gold,02/08/2024
04873,Customer 04873,105,Bronze,03/09/2024
04874,Customer 04874,1392,Gold,09/11/2024
04875,Customer 04875,179,Bronze,09/09/2024
04876,Customer 04876,809,Silver,03/29/2024
04877,Customer 04877,351,Bronze,12/13/2024
04878,Customer 04878,1258,Gold,02/23/2024
04879,Customer 04879,980,Silver,10/23/2024
04880,Customer 04880,38,Bronze,04/21/2024
04881,Customer 04881,1443,Gold,07/30/2024
04882,Customer 04882,332,Bronze,11/29/2024
04883,Customer 04883,781,Silver,01/26/2025
04884,Customer 04884,775,Silver,01/06/2024
04885,Customer 04885,388,Bronze,01/28/2024
04886,Customer 04886,775,Silver,01/25/2025
04887,Customer 04887,1348,Gold,05/26/2024
04888,Customer 04888,916,Silver,01/15/2025
04889,Customer 04889,145,Bronze,07/14/2024
04890,Customer 04890,815,Silver,02/07/2024
04891,Customer 04891,1381,Gold,07/31/2024
04892,Customer 04892,76,Bronze,01/22/2024
04893,Customer 04893,1246,Gold,04/08/2024
04894,Customer 04894,681,Silver,09/06/2024
04895,Customer 04895,513,Silver,08/03/2024
04896,Customer 04896,1412,Gold,01/09/2024
04897,Customer 04897,6,Bronze,04/08/2024
04898,Customer 04898,291,Bronze,01/12/2025
04899,Customer 04899,800,Silver,01/21/2024
04900,Customer 04900,809,Silver,04/16/2024
04901,Customer 04901,1256,Gold,08/03/2024
04902,Customer 04902,477,Bronze,07/21/2024
04903,Customer 04903,1387,Gold,03/28/2024
04904,Customer 04904,255,Bronze,08/16/2024
04905,Customer 04905,1270,Gold,03/05/2024
04906,Customer 04906,96,Bronze,01/06/2025
04907,Customer 04907,1008,Gold,07/25/2024
04908,Customer 04908,440,Bronze,06/24/2024
04909,Customer 04909,524,Silver,06/01/2024
04910,Customer 04910,1248,Gold,03/26/2024
04911,Customer 04911,1212,Gold,03/13/2024
04912,Customer 04912,653,Silver,02/23/2024
04913,Customer 04913,1039,Gold,06/26/2024
04914,Customer 04914,1027,Gold,01/25/2025
04915,Customer 04915,522,Silver,03/30/2024
04916,Customer 04916,469,Bronze,04/01/2024
04917,Customer 04917,385,Bronze,05/15/2024
04918,Customer 04918,606,Silver,04/25/2024
04919,Customer 04919,628,Silver,09/25/2024
04920,Customer 04920,1476,Gold,11/06/2024
04921,Customer 04921,936,Silver,10/20/2024
04922,Customer 04922,595,Silver,11/27/2024
04923,Customer 04923,1392,Gold,01/21/2024
04924,Customer 04924,850,Silver,12/02/2024
04925,Customer 04925,818,Silver,11/10/2024
04926,Customer 04926,1360,Gold,09/19/2024
04927,Customer 04927,1491,Gold,03/22/2024
04928,Customer 04928,1477,Gold,09/14/2024
04929,Customer 04929,1261,Gold,12/05/2024
04930,Customer 04930,935,Silver,02/20/2025
04931,Customer 04931,1410,Gold,12/24/2024
04932,Customer 04932,1163,Gold,04/22/2024
04933,Customer 04933,587,Silver,06/27/2024
04934,Customer 04934,1262,Gold,11/22/2024
04935,Customer 04935,1308,Gold,05/03/2024
04936,Customer 04936,134,Bronze,09/03/2024
04937,Customer 04937,497,Bronze,02/27/2024
04938,Customer 04938,1430,Gold,04/09/2024
04939,Customer 04939,616,Silver,11/23/2024
04940,Customer 04940,1279,Gold,09/22/2024
04941,Customer 04941,1320,Gold,02/21/2024
04942,Customer 04942,1367,Gold,04/20/2024
04943,Customer 04943,586,Silver,01/05/2025
04944,Customer 04944,591,Silver,05/25/2024
04945,Customer 04945,726,Silver,12/27/2024
04946,Customer 04946,650,Silver,04/27/2024
04947,Customer 04947,1208,Gold,06/16/2024
04948,Customer 04948,278,Bronze,11/05/2024
04949,Customer 04949,796,Silver,02/12/2024
04950,Customer 04950,1181,Gold,12/06/2024
04951,Customer 04951,1441,Gold,08/12/2024
04952,Customer 04952,537,Silver,06/14/2024
04953,Customer 04953,629,Silver,10/28/2024
04954,Customer 04954,927,Silver,07/16/2024
04955,Customer 04955,57,Bronze,09/06/2024
04956,Customer 04956,1175,Gold,05/15/2024
04957,Customer 04957,320,Bronze,08/08/2024
04958,Customer 04958,627,Silver,10/02/2024
04959,Customer 04959,608,Silver,04/27/2024
04960,Customer 04960,1264,Gold,03/28/2024
04961,Customer 04961,288,Bronze,02/09/2024
04962,Customer 04962,1009,Gold,09/08/2024
04963,Customer 04963,461,Bronze,03/23/2024
04964,Customer 04964,1000,Gold,07/18/2024
04965,Customer 04965,317,Bronze,12/05/2024
04966,Customer 04966,993,Silver,12/04/2024
04967,Customer 04967,904,Silver,07/25/2024
04968,Customer 04968,1378,Gold,08/01/2024
04969,Customer 04969,1065,Gold,11/17/2024
04970,Customer 04970,700,Silver,11/12/2024
04971,Customer 04971,1418,Gold,05/17/2024
04972,Customer 04972,19,Bronze,04/26/2024
04973,Customer 04973,923,Silver,05/30/2024
04974,Customer 04974,1271,Gold,03/19/2024
04975,Customer 04975,625,Silver,07/30/2024
04976,Customer 04976,196,Bronze,06/17/2024
04977,Customer 04977,898,Silver,07/30/2024
04978,Customer 04978,1297,Gold,12/31/2024
04979,Customer 04979,1023,Gold,10/01/2024
04980,Customer 04980,1220,Gold,08/08/2024
04981,Customer 04981,799,Silver,04/04/2024
04982,Customer 04982,1272,Gold,03/12/2024
04983,Customer 04983,974,Silver,09/16/2024
04984,Customer 04984,1356,Gold,07/17/2024
04985,Customer 04985,1,Bronze,08/16/2024
04986,Customer 04986,113,Bronze,01/11/2025
04987,Customer 04987,796,Silver,12/15/2024
04988,Customer 04988,673,Silver,03/30/2024
04989,Customer 04989,632,Silver,05/02/2024
04990,Customer 04990,514,Silver,06/20/2024
04991,Customer 04991,1273,Gold,12/28/2024
04992,Customer 04992,485,Bronze,10/28/2024
04993,Customer 04993,332,Bronze,06/10/2024
04994,Customer 04994,1349,Gold,12/23/2024
04995,Customer 04995,105,Bronze,09/14/2024
04996,Customer 04996,1048,Gold,02/04/2025
04997,Customer 04997,203,Bronze,11/08/2024
04998,Customer 04998,548,Silver,08/18/2024
04999,Customer 04999,596,Silver,11/04/2024
05000,Customer 05000,649,Silver,07/23/2024
05001,Customer 05001,183,Bronze,09/27/2024
05002,Customer 05002,493,Bronze,01/19/2025
05003,Customer 05003,308,Bronze,08/01/2024
05004,Customer 05004,430,Bronze,02/06/2025
05005,Customer 05005,1402,Gold,10/23/2024
05006,Customer 05006,1171,Gold,02/07/2025
05007,Customer 05007,1244,Gold,08/17/2024
05008,Customer 05008,323,Bronze,02/29/2024
05009,Customer 05009,31,Bronze,02/28/2025
05010,Customer 05010,162,Bronze,01/03/2024
05011,Customer 05011,72,Bronze,10/31/2024
05012,Customer 05012,897,Silver,02/26/2024
05013,Customer 05013,854,Silver,01/16/2024
05014,Customer 05014,814,Silver,01/11/2025
05015,Customer 05015,141,Bronze,12/09/2024
05016,Customer 05016,1444,Gold,07/18/2024
05017,Customer 05017,133,Bronze,12/08/2024
05018,Customer 05018,1264,Gold,07/23/2024
05019,Customer 05019,1228,Gold,11/10/2024
05020,Customer 05020,1413,Gold,10/06/2024
05021,Customer 05021,551,Silver,01/24/2025
05022,Customer 05022,1088,Gold,02/27/2025
05023,Customer 05023,1006,Gold,08/03/2024
05024,Customer 05024,977,Silver,08/15/2024
05025,Customer 05025,594,Silver,12/17/2024
05026,Customer 05026,1107,Gold,02/20/2025
05027,Customer 05027,649,Silver,06/03/2024
05028,Customer 05028,706,Silver,06/02/2024
05029,Customer 05029,1096,Gold,01/24/2025
05030,Customer 05030,1047,Gold,08/02/2024
05031,Customer 05031,1315,Gold,10/16/2024
05032,Customer 05032,1071,Gold,02/23/2025
05033,Customer 05033,1385,Gold,09/05/2024
05034,Customer 05034,746,Silver,01/17/2025
05035,Customer 05035,713,Silver,01/14/2025
05036,Customer 05036,9,Bronze,04/22/2024
05037,Customer 05037,390,Bronze,01/07/2024
05038,Customer 05038,1201,Gold,07/19/2024
05039,Customer 05039,1205,Gold,02/21/2025
05040,Customer 05040,1025,Gold,02/18/2025
05041,Customer 05041,907,Silver,02/07/2025
05042,Customer 05042,790,Silver,03/18/2024
05043,Customer 05043,1098,Gold,12/15/2024
05044,Customer 05044,1293,Gold,03/01/2024
05045,Customer 05045,0,Bronze,10/18/2024
05046,Customer 05046,187,Bronze,07/06/2024
05047,Customer 05047,912,Silver,01/29/2024
05048,Customer 05048,339,Bronze,11/10/2024
05049,Customer 05049,1434,Gold,08/30/2024
05050,Customer 05050,832,Silver,08/29/2024
05051,Customer 05051,956,Silver,03/12/2024
05052,Customer 05052,569,Silver,02/01/2025
05053,Customer 05053,1303,Gold,11/18/2024
05054,Customer 05054,405,Bronze,04/07/2024
05055,Customer 05055,900,Silver,08/27/2024
05056,Customer 05056,176,Bronze,05/21/2024
05057,Customer 05057,1040,Gold,09/01/2024
05058,Customer 05058,775,Silver,03/15/2024
05059,Customer 05059,385,Bronze,03/16/2024
05060,Customer 05060,162,Bronze,02/11/2024
05061,Customer 05061,635,Silver,03/28/2024
05062,Customer 05062,535,Silver,07/31/2024
05063,Customer 05063,1435,Gold,02/10/2024
05064,Customer 05064,1250,Gold,10/27/2024
05065,Customer 05065,1040,Gold,02/07/2024
05066,Customer 05066,595,Silver,05/11/2024
05067,Customer 05067,1400,Gold,04/28/2024
05068,Customer 05068,10,Bronze,06/04/2024
05069,Customer 05069,743,Silver,04/27/2024
05070,Customer 05070,1361,Gold,11/01/2024
05071,Customer 05071,17,Bronze,12/23/2024
05072,Customer 05072,1064,Gold,09/17/2024
05073,Customer 05073,851,Silver,08/28/2024
05074,Customer 05074,749,Silver,03/27/2024
05075,Customer 05075,329,Bronze,10/24/2024
05076,Customer 05076,494,Bronze,05/27/2024
05077,Customer 05077,1171,Gold,05/10/2024
05078,Customer 05078,164,Bronze,12/21/2024
05079,Customer 05079,570,Silver,02/03/2025
05080,Customer 05080,1242,Gold,06/22/2024
05081,Customer 05081,931,Silver,02/06/2024
05082,Customer 05082,1324,Gold,01/12/2024
05083,Customer 05083,1275,Gold,05/31/2024
05084,Customer 05084,637,Silver,03/14/2024
05085,Customer 05085,413,Bronze,08/04/2024
05086,Customer 05086,1490,Gold,08/22/2024
05087,Customer 05087,1265,Gold,02/25/2025
05088,Customer 05088,1158,Gold,12/13/2024
05089,Customer 05089,535,Silver,10/29/2024
05090,Customer 05090,1008,Gold,07/24/2024
05091,Customer 05091,998,Silver,06/23/2024
05092,Customer 05092,744,Silver,11/18/2024
05093,Customer 05093,408,Bronze,09/05/2024
05094,Customer 05094,379,Bronze,08/25/2024
05095,Customer 05095,515,Silver,08/27/2024
05096,Customer 05096,650,Silver,04/19/2024
05097,Customer 05097,92,Bronze,04/07/2024
05098,Customer 05098,229,Bronze,05/20/2024
05099,Customer 05099,1470,Gold,12/10/2024
05100,Customer 05100,1380,Gold,07/09/2024
05101,Customer 05101,515,Silver,04/27/2024
05102,Customer 05102,488,Bronze,02/08/2024
05103,Customer 05103,1158,Gold,01/12/2025
05104,Customer 05104,500,Silver,03/07/2024
05105,Customer 05105,193,Bronze,03/10/2024
05106,Customer 05106,545,Silver,01/24/2025
05107,Customer 05107,1030,Gold,02/26/2025
05108,Customer 05108,212,Bronze,02/17/2025
05109,Customer 05109,384,Bronze,08/11/2024
05110,Customer 05110,487,Bronze,12/10/2024
05111,Customer 05111,412,Bronze,02/26/2024
05112,Customer 05112,760,Silver,10/27/2024
05113,Customer 05113,865,Silver,01/06/2025
05114,Customer 05114,484,Bronze,07/27/2024
05115,Customer 05115,1059,Gold,01/03/2024
05116,Customer 05116,1225,Gold,02/23/2024
05117,Customer 05117,154,Bronze,02/27/2025
05118,Customer 05118,886,Silver,12/23/2024
05119,Customer 05119,66,Bronze,08/08/2024
05120,Customer 05120,747,Silver,12/06/2024
05121,Customer 05121,975,Silver,02/05/2024
05122,Customer 05122,276,Bronze,10/07/2024
05123,Customer 05123,215,Bronze,02/11/2024
05124,Customer 05124,283,Bronze,01/04/2024
05125,Customer 05125,172,Bronze,02/07/2024
05126,Customer 05126,847,Silver,06/17/2024
05127,Customer 05127,956,Silver,09/20/2024
05128,Customer 05128,1230,Gold,01/12/2024
05129,Customer 05129,567,Silver,03/16/2024
05130,Customer 05130,164,Bronze,05/10/2024
05131,Customer 05131,1068,Gold,12/27/2024
05132,Customer 05132,4,Bronze,05/16/2024
05133,Customer 05133,1163,Gold,01/06/2024
05134,Customer 05134,963,Silver,02/05/2025
05135,Customer 05135,1326,Gold,03/08/2024
05136,Customer 05136,1104,Gold,08/08/2024
05137,Customer 05137,951,Silver,01/11/2024
05138,Customer 05138,1155,Gold,10/11/2024
05139,Customer 05139,541,Silver,12/25/2024
05140,Customer 05140,0,Bronze,04/30/2024
05141,Customer 05141,1212,Gold,11/21/2024
05142,Customer 05142,1388,Gold,05/09/2024
05143,Customer 05143,1035,Gold,06/06/2024
05144,Customer 05144,121,Bronze,03/23/2024
05145,Customer 05145,491,Bronze,01/08/2025
05146,Customer 05146,1204,Gold,11/25/2024
05147,Customer 05147,417,Bronze,09/22/2024
05148,Customer 05148,1143,Gold,11/07/2024
05149,Customer 05149,1484,Gold,05/26/2024
05150,Customer 05150,542,Silver,02/21/2024
05151,Customer 05151,104,Bronze,05/29/2024
05152,Customer 05152,1003,Gold,02/04/2024
05153,Customer 05153,477,Bronze,12/02/2024
05154,Customer 05154,813,Silver,01/31/2024
05155,Customer 05155,1036,Gold,03/27/2024
05156,Customer 05156,502,Silver,03/18/2024
05157,Customer 05157,429,Bronze,04/10/2024
05158,Customer 05158,362,Bronze,05/15/2024
05159,Customer 05159,1356,Gold,12/19/2024
05160,Customer 05160,1104,Gold,04/11/2024
05161,Customer 05161,1481,Gold,11/11/2024
05162,Customer 05162,725,Silver,07/05/2024
05163,Customer 05163,1271,Gold,09/12/2024
05164,Customer 05164,1040,Gold,01/13/2024
05165,Customer 05165,711,Silver,02/24/2024
05166,Customer 05166,1241,Gold,03/22/2024
05167,Customer 05167,219,Bronze,10/04/2024
05168,Customer 05168,762,Silver,09/08/2024
05169,Customer 05169,498,Bronze,05/01/2024
05170,Customer 05170,119,Bronze,10/15/2024
05171,Customer 05171,316,Bronze,09/20/2024
05172,Customer 05172,1462,Gold,02/19/2025
05173,Customer 05173,676,Silver,12/12/2024
05174,Customer 05174,732,Silver,12/31/2024
05175,Customer 05175,983,Silver,08/22/2024
05176,Customer 05176,625,Silver,03/15/2024
05177,Customer 05177,776,Silver,12/09/2024
05178,Customer 05178,105,Bronze,03/20/2024
05179,Customer 05179,335,Bronze,05/05/2024
05180,Customer 05180,49,Bronze,02/01/2025
05181,Customer 05181,262,Bronze,06/12/2024
05182,Customer 05182,1327,Gold,08/30/2024
05183,Customer 05183,117,Bronze,06/20/2024
05184,Customer 05184,722,Silver,01/11/2025
05185,Customer 05185,196,Bronze,01/01/2025
05186,Customer 05186,353,Bronze,02/11/2025
05187,Customer 05187,402,Bronze,01/23/2024
05188,Customer 05188,409,Bronze,02/17/2024
05189,Customer 05189,1315,Gold,03/27/2024
05190,Customer 05190,1180,Gold,08/19/2024
05191,Customer 05191,1062,Gold,02/16/2025
05192,Customer 05192,742,Silver,01/30/2024
05193,Customer 05193,155,Bronze,01/15/2025
05194,Customer 05194,69,Bronze,06/10/2024
05195,Customer 05195,509,Silver,06/15/2024
05196,Customer 05196,755,Silver,05/25/2024
05197,Customer 05197,1007,Gold,05/18/2024
05198,Customer 05198,208,Bronze,12/11/2024
05199,Customer 05199,62,Bronze,01/26/2024
05200,Customer 05200,1291,Gold,02/20/2024
05201,Customer 05201,536,Silver,09/02/2024
05202,Customer 05202,269,Bronze,06/21/2024
05203,Customer 05203,122,Bronze,01/25/2024
05204,Customer 05204,761,Silver,12/25/2024
05205,Customer 05205,871,Silver,04/28/2024
05206,Customer 05206,458,Bronze,06/24/2024
05207,Customer 05207,351,Bronze,10/13/2024
05208,Customer 05208,1316,Gold,09/11/2024
05209,Customer 05209,1244,Gold,05/23/2024
05210,Customer 05210,886,Silver,03/04/2024
05211,Customer 05211,607,Silver,05/24/2024
05212,Customer 05212,72,Bronze,03/01/2024
05213,Customer 05213,1059,Gold,03/28/2024
05214,Customer 05214,607,Silver,11/26/2024
05215,Customer 05215,242,Bronze,11/12/2024
05216,Customer 05216,822,Silver,10/07/2024
05217,Customer 05217,1382,Gold,07/04/2024
05218,Customer 05218,626,Silver,06/18/2024
05219,Customer 05219,1351,Gold,03/22/2024
05220,Customer 05220,1256,Gold,12/22/2024
05221,Customer 05221,697,Silver,09/19/2024
05222,Customer 05222,545,Silver,07/04/2024
05223,Customer 05223,883,Silver,01/03/2024
05224,Customer 05224,1088,Gold,09/08/2024
05225,Customer 05225,1194,Gold,09/21/2024
05226,Customer 05226,620,Silver,12/23/2024
05227,Customer 05227,1041,Gold,05/01/2024
05228,Customer 05228,544,Silver,02/18/2025
05229,Customer 05229,812,Silver,07/20/2024
05230,Customer 05230,939,Silver,05/03/2024
05231,Customer 05231,815,Silver,11/10/2024
05232,Customer 05232,1420,Gold,10/01/2024
05233,Customer 05233,275,Bronze,09/26/2024
05234,Customer 05234,270,Bronze,06/02/2024
05235,Customer 05235,417,Bronze,10/07/2024
05236,Customer 05236,596,Silver,08/08/2024
05237,Customer 05237,1242,Gold,07/04/2024
05238,Customer 05238,849,Silver,11/17/2024
05239,Customer 05239,716,Silver,12/23/2024
05240,Customer 05240,687,Silver,11/02/2024
05241,Customer 05241,1500,Gold,01/29/2025
05242,Customer 05242,1003,Gold,01/01/2025
05243,Customer 05243,1453,Gold,01/28/2024
05244,Customer 05244,1304,Gold,11/16/2024
05245,Customer 05245,212,Bronze,04/14/2024
05246,Customer 05246,1203,Gold,05/28/2024
05247,Customer 05247,746,Silver,05/06/2024
05248,Customer 05248,46,Bronze,03/05/2024
05249,Customer 05249,979,Silver,02/12/2024
05250,Customer 05250,1131,Gold,10/24/2024
05251,Customer 05251,1265,Gold,10/31/2024
05252,Customer 05252,1446,Gold,08/31/2024
05253,Customer 05253,1290,Gold,07/03/2024
05254,Customer 05254,305,Bronze,09/14/2024
05255,Customer 05255,1170,Gold,03/31/2024
05256,Customer 05256,208,Bronze,02/02/2025
05257,Customer 05257,156,Bronze,02/20/2025
05258,Customer 05258,1397,Gold,11/04/2024
05259,Customer 05259,1243,Gold,02/01/2025
05260,Customer 05260,731,Silver,02/02/2025
05261,Customer 05261,185,Bronze,02/21/2025
05262,Customer 05262,1031,Gold,01/02/2025
05263,Customer 05263,544,Silver,10/16/2024
05264,Customer 05264,163,Bronze,12/16/2024
05265,Customer 05265,1255,Gold,12/30/2024
05266,Customer 05266,1018,Gold,08/02/2024
05267,Customer 05267,1248,Gold,01/25/2024
05268,Customer 05268,13,Bronze,02/01/2024
05269,Customer 05269,401,Bronze,04/30/2024
05270,Customer 05270,44,Bronze,05/20/2024
05271,Customer 05271,858,Silver,07/29/2024
05272,Customer 05272,1100,Gold,01/06/2025
05273,Customer 05273,12,Bronze,01/25/2025
05274,Customer 05274,1370,Gold,03/19/2024
05275,Customer 05275,847,Silver,01/30/2025
05276,Customer 05276,447,Bronze,01/20/2025
05277,Customer 05277,901,Silver,11/25/2024
05278,Customer 05278,961,Silver,05/26/2024
05279,Customer 05279,1241,Gold,05/20/2024
05280,Customer 05280,958,Silver,10/11/2024
05281,Customer 05281,1001,Gold,09/24/2024
05282,Customer 05282,629,Silver,09/17/2024
05283,Customer 05283,828,Silver,12/26/2024
05284,Customer 05284,1401,Gold,06/30/2024
05285,Customer 05285,1326,Gold,12/09/2024
05286,Customer 05286,962,Silver,12/14/2024
05287,Customer 05287,158,Bronze,06/16/2024
05288,Customer 05288,379,Bronze,01/29/2025
05289,Customer 05289,1001,Gold,10/18/2024
05290,Customer 05290,1094,Gold,09/23/2024
05291,Customer 05291,977,Silver,02/06/2024
05292,Customer 05292,929,Silver,10/25/2024
05293,Customer 05293,968,Silver,04/26/2024
05294,Customer 05294,575,Silver,10/02/2024
05295,Customer 05295,1397,Gold,05/01/2024
05296,Customer 05296,1077,Gold,07/24/2024
05297,Customer 05297,726,Silver,12/22/2024
05298,Customer 05298,710,Silver,11/10/2024
05299,Customer 05299,1068,Gold,12/18/2024
05300,Customer 05300,333,Bronze,01/02/2024
05301,Customer 05301,1067,Gold,04/14/2024
05302,Customer 05302,597,Silver,06/24/2024
05303,Customer 05303,525,Silver,03/11/2024
05304,Customer 05304,968,Silver,08/07/2024
05305,Customer 05305,62,Bronze,04/24/2024
05306,Customer 05306,305,Bronze,02/13/2024
05307,Customer 05307,1313,Gold,06/19/2024
05308,Customer 05308,1287,Gold,12/11/2024
05309,Customer 05309,211,Bronze,01/08/2025
05310,Customer 05310,1361,Gold,02/13/2025
05311,Customer 05311,1068,Gold,11/03/2024
05312,Customer 05312,1015,Gold,08/23/2024
05313,Customer 05313,1006,Gold,02/03/2024
05314,Customer 05314,767,Silver,06/24/2024
05315,Customer 05315,938,Silver,07/03/2024
05316,Customer 05316,1100,Gold,09/10/2024
05317,Customer 05317,335,Bronze,05/06/2024
05318,Customer 05318,1097,Gold,09/14/2024
05319,Customer 05319,1317,Gold,08/12/2024
05320,Customer 05320,125,Bronze,09/28/2024
05321,Customer 05321,1195,Gold,09/07/2024
05322,Customer 05322,1452,Gold,01/31/2024
05323,Customer 05323,72,Bronze,06/15/2024
05324,Customer 05324,371,Bronze,07/25/2024
05325,Customer 05325,768,Silver,06/02/2024
05326,Customer 05326,1424,Gold,07/03/2024
05327,Customer 05327,384,Bronze,04/18/2024
05328,Customer 05328,841,Silver,03/13/2024
05329,Customer 05329,845,Silver,08/17/2024
05330,Customer 05330,188,Bronze,04/25/2024
05331,Customer 05331,203,Bronze,01/07/2025
05332,Customer 05332,872,Silver,04/01/2024
05333,Customer 05333,1127,Gold,01/12/2025
05334,Customer 05334,1043,Gold,01/27/2025
05335,Customer 05335,939,Silver,01/30/2025
05336,Customer 05336,55,Bronze,09/26/2024
05337,Customer 05337,424,Bronze,10/10/2024
05338,Customer 05338,66,Bronze,07/18/2024
05339,Customer 05339,1316,Gold,12/16/2024
05340,Customer 05340,1064,Gold,09/17/2024
05341,Customer 05341,390,Bronze,03/15/2024
05342,Customer 05342,675,Silver,06/30/2024
05343,Customer 05343,279,Bronze,01/01/2024
05344,Customer 05344,956,Silver,04/06/2024
05345,Customer 05345,564,Silver,12/17/2024
05346,Customer 05346,1287,Gold,12/10/2024
05347,Customer 05347,665,Silver,02/09/2024
05348,Customer 05348,1443,Gold,06/13/2024
05349,Customer 05349,144,Bronze,05/17/2024
05350,Customer 05350,421,Bronze,11/11/2024
05351,Customer 05351,53,Bronze,08/27/2024
05352,Customer 05352,912,Silver,02/06/2024
05353,Customer 05353,692,Silver,12/16/2024
05354,Customer 05354,762,Silver,06/15/2024
05355,Customer 05355,1392,Gold,10/12/2024
05356,Customer 05356,77,Bronze,02/28/2025
05357,Customer 05357,655,Silver,06/05/2024
05358,Customer 05358,114,Bronze,05/13/2024
05359,Customer 05359,673,Silver,04/23/2024
05360,Customer 05360,8,Bronze,10/07/2024
05361,Customer 05361,1150,Gold,08/18/2024
05362,Customer 05362,302,Bronze,11/05/2024
05363,Customer 05363,1276,Gold,05/02/2024
05364,Customer 05364,590,Silver,08/19/2024
05365,Customer 05365,1198,Gold,07/19/2024
05366,Customer 05366,1075,Gold,10/02/2024
05367,Customer 05367,824,Silver,01/29/2025
05368,Customer 05368,1352,Gold,03/27/2024
05369,Customer 05369,1061,Gold,04/14/2024
05370,Customer 05370,416,Bronze,08/26/2024
05371,Customer 05371,1428,Gold,06/21/2024
05372,Customer 05372,749,Silver,08/30/2024
05373,Customer 05373,492,Bronze,06/20/2024
05374,Customer 05374,241,Bronze,02/18/2025
05375,Customer 05375,1367,Gold,01/07/2024
05376,Customer 05376,263,Bronze,07/14/2024
05377,Customer 05377,649,Silver,10/14/2024
05378,Customer 05378,1086,Gold,02/16/2024
05379,Customer 05379,723,Silver,05/04/2024
05380,Customer 05380,342,Bronze,02/02/2024
05381,Customer 05381,311,Bronze,10/20/2024
05382,Customer 05382,730,Silver,02/23/2025
05383,Customer 05383,559,Silver,02/26/2024
05384,Customer 05384,302,Bronze,07/18/2024
05385,Customer 05385,285,Bronze,09/16/2024
05386,Customer 05386,133,Bronze,02/04/2024
05387,Customer 05387,300,Bronze,08/19/2024
05388,Customer 05388,1134,Gold,08/09/2024
05389,Customer 05389,1469,Gold,02/05/2024
05390,Customer 05390,301,Bronze,03/09/2024
05391,Customer 05391,557,Silver,02/13/2025
05392,Customer 05392,1026,Gold,08/26/2024
05393,Customer 05393,1220,Gold,01/12/2025
05394,Customer 05394,18,Bronze,02/12/2025
05395,Customer 05395,636,Silver,05/25/2024
05396,Customer 05396,1129,Gold,03/04/2024
05397,Customer 05397,622,Silver,01/04/2025
05398,Customer 05398,65,Bronze,01/21/2025
05399,Customer 05399,931,Silver,01/03/2025
05400,Customer 05400,979,Silver,10/17/2024
05401,Customer 05401,679,Silver,02/27/2024
05402,Customer 05402,145,Bronze,09/29/2024
05403,Customer 05403,227,Bronze,07/27/2024
05404,Customer 05404,313,Bronze,07/24/2024
05405,Customer 05405,645,Silver,07/02/2024
05406,Customer 05406,1282,Gold,01/24/2025
05407,Customer 05407,219,Bronze,10/04/2024
05408,Customer 05408,977,Silver,08/09/2024
05409,Customer 05409,544,Silver,04/06/2024
05410,Customer 05410,873,Silver,03/25/2024
05411,Customer 05411,614,Silver,11/06/2024
05412,Customer 05412,983,Silver,02/20/2025
05413,Customer 05413,1137,Gold,12/22/2024
05414,Customer 05414,429,Bronze,11/01/2024
05415,Customer 05415,993,Silver,08/05/2024
05416,Customer 05416,1090,Gold,02/17/2024
05417,Customer 05417,733,Silver,05/19/2024
05418,Customer 05418,860,Silver,05/03/2024
05419,Customer 05419,1459,Gold,06/01/2024
05420,Customer 05420,503,Silver,12/12/2024
05421,Customer 05421,621,Silver,01/02/2024
05422,Customer 05422,961,Silver,10/31/2024
05423,Customer 05423,1089,Gold,10/10/2024
05424,Customer 05424,97,Bronze,09/04/2024
05425,Customer 05425,1459,Gold,02/22/2024
05426,Customer 05426,429,Bronze,04/20/2024
05427,Customer 05427,1450,Gold,09/26/2024
05428,Customer 05428,694,Silver,07/01/2024
05429,Customer 05429,18,Bronze,06/05/2024
05430,Customer 05430,630,Silver,09/24/2024
05431,Customer 05431,895,Silver,08/17/2024
05432,Customer 05432,476,Bronze,08/12/2024
05433,Customer 05433,263,Bronze,08/04/2024
05434,Customer 05434,887,Silver,07/23/2024
05435,Customer 05435,631,Silver,03/29/2024
05436,Customer 05436,475,Bronze,01/11/2025
05437,Customer 05437,705,Silver,10/15/2024
05438,Customer 05438,26,Bronze,12/09/2024
05439,Customer 05439,1173,Gold,03/12/2024
05440,Customer 05440,1428,Gold,01/17/2024
05441,Customer 05441,967,Silver,06/05/2024
05442,Customer 05442,928,Silver,02/15/2024
05443,Customer 05443,235,Bronze,02/23/2024
05444,Customer 05444,1353,Gold,10/09/2024
05445,Customer 05445,799,Silver,02/09/2024
05446,Customer 05446,802,Silver,01/08/2025
05447,Customer 05447,806,Silver,02/01/2024
05448,Customer 05448,340,Bronze,12/17/2024
05449,Customer 05449,782,Silver,10/22/2024
05450,Customer 05450,455,Bronze,07/07/2024
05451,Customer 05451,1220,Gold,05/04/2024
05452,Customer 05452,932,Silver,06/02/2024
05453,Customer 05453,198,Bronze,06/24/2024
05454,Customer 05454,285,Bronze,01/19/2025
05455,Customer 05455,430,Bronze,12/05/2024
05456,Customer 05456,1179,Gold,07/19/2024
05457,Customer 05457,589,Silver,07/27/2024
05458,Customer 05458,607,Silver,11/17/2024
05459,Customer 05459,1355,Gold,04/19/2024
05460,Customer 05460,153,Bronze,10/04/2024
05461,Customer 05461,310,Bronze,01/25/2025
05462,Customer 05462,351,Bronze,02/09/2025
05463,Customer 05463,303,Bronze,01/19/2025
05464,Customer 05464,153,Bronze,07/24/2024
05465,Customer 05465,1020,Gold,05/21/2024
05466,Customer 05466,320,Bronze,07/16/2024
05467,Customer 05467,107,Bronze,12/30/2024
05468,Customer 05468,264,Bronze,08/18/2024
05469,Customer 05469,1353,Gold,02/01/2025
05470,Customer 05470,837,Silver,03/15/2024
05471,Customer 05471,1125,Gold,08/11/2024
05472,Customer 05472,1276,Gold,08/13/2024
05473,Customer 05473,1205,Gold,03/08/2024
05474,Customer 05474,495,Bronze,02/09/2024
05475,Customer 05475,1143,Gold,01/26/2025
05476,Customer 05476,610,Silver,08/10/2024
05477,Customer 05477,772,Silver,03/30/2024
05478,Customer 05478,1060,Gold,01/13/2024
05479,Customer 05479,179,Bronze,06/21/2024
05480,Customer 05480,365,Bronze,12/23/2024
05481,Customer 05481,552,Silver,02/21/2024
05482,Customer 05482,641,Silver,09/18/2024
05483,Customer 05483,748,Silver,05/19/2024
05484,Customer 05484,1493,Gold,12/03/2024
05485,Customer 05485,939,Silver,07/21/2024
05486,Customer 05486,589,Silver,04/13/2024
05487,Customer 05487,104,Bronze,01/25/2025
05488,Customer 05488,1415,Gold,08/20/2024
05489,Customer 05489,146,Bronze,08/17/2024
05490,Customer 05490,541,Silver,09/08/2024
05491,Customer 05491,227,Bronze,07/12/2024
05492,Customer 05492,649,Silver,10/25/2024
05493,Customer 05493,1126,Gold,12/25/2024
05494,Customer 05494,645,Silver,07/22/2024
05495,Customer 05495,618,Silver,03/20/2024
05496,Customer 05496,701,Silver,11/04/2024
05497,Customer 05497,634,Silver,12/03/2024
05498,Customer 05498,489,Bronze,10/24/2024
05499,Customer 05499,922,Silver,05/04/2024
05500,Customer 05500,906,Silver,04/09/2024
05501,Customer 05501,165,Bronze,08/22/2024
05502,Customer 05502,299,Bronze,05/01/2024
05503,Customer 05503,1338,Gold,03/27/2024
05504,Customer 05504,550,Silver,04/11/2024
05505,Customer 05505,1340,Gold,12/14/2024
05506,Customer 05506,1216,Gold,06/22/2024
05507,Customer 05507,460,Bronze,07/23/2024
05508,Customer 05508,1263,Gold,01/07/2025
05509,Customer 05509,266,Bronze,11/17/2024
05510,Customer 05510,345,Bronze,07/30/2024
05511,Customer 05511,1086,Gold,11/17/2024
05512,Customer 05512,624,Silver,01/12/2024
05513,Customer 05513,120,Bronze,08/03/2024
05514,Customer 05514,1425,Gold,02/01/2025
05515,Customer 05515,195,Bronze,01/05/2025
05516,Customer 05516,1468,Gold,11/22/2024
05517,Customer 05517,28,Bronze,07/23/2024
05518,Customer 05518,486,Bronze,08/26/2024
05519,Customer 05519,597,Silver,11/13/2024
05520,Customer 05520,1132,Gold,01/02/2024
05521,Customer 05521,1364,Gold,01/01/2024
05522,Customer 05522,1367,Gold,02/06/2025
05523,Customer 05523,368,Bronze,05/12/2024
05524,Customer 05524,1356,Gold,01/03/2025
05525,Customer 05525,1258,Gold,04/02/2024
05526,Customer 05526,408,Bronze,03/04/2024
05527,Customer 05527,479,Bronze,04/07/2024
05528,Customer 05528,1168,Gold,01/07/2025
05529,Customer 05529,288,Bronze,10/23/2024
05530,Customer 05530,100,Bronze,02/17/2024
05531,Customer 05531,1307,Gold,10/18/2024
05532,Customer 05532,1281,Gold,10/11/2024
05533,Customer 05533,849,Silver,07/06/2024
05534,Customer 05534,624,Silver,12/28/2024
05535,Customer 05535,973,Silver,11/30/2024
05536,Customer 05536,39,Bronze,12/09/2024
05537,Customer 05537,1019,Gold,04/14/2024
05538,Customer 05538,412,Bronze,06/17/2024
05539,Customer 05539,1052,Gold,01/07/2025
05540,Customer 05540,245,Bronze,03/06/2024
05541,Customer 05541,100,Bronze,08/22/2024
05542,Customer 05542,921,Silver,11/29/2024
05543,Customer 05543,738,Silver,12/11/2024
05544,Customer 05544,1432,Gold,12/22/2024
05545,Customer 05545,43,Bronze,07/08/2024
05546,Customer 05546,1170,Gold,02/26/2025
05547,Customer 05547,436,Bronze,01/30/2025
05548,Customer 05548,441,Bronze,01/26/2025
05549,Customer 05549,605,Silver,07/18/2024
05550,Customer 05550,882,Silver,11/15/2024
05551,Customer 05551,1192,Gold,12/04/2024
05552,Customer 05552,1302,Gold,05/05/2024
05553,Customer 05553,79,Bronze,12/26/2024
05554,Customer 05554,534,Silver,08/12/2024
05555,Customer 05555,1424,Gold,03/02/2024
05556,Customer 05556,501,Silver,09/08/2024
05557,Customer 05557,47,Bronze,10/03/2024
05558,Customer 05558,1212,Gold,09/12/2024
05559,Customer 05559,432,Bronze,03/30/2024
05560,Customer 05560,491,Bronze,01/28/2024
05561,Customer 05561,862,Silver,04/07/2024
05562,Customer 05562,171,Bronze,09/22/2024
05563,Customer 05563,1303,Gold,04/25/2024
05564,Customer 05564,882,Silver,12/11/2024
05565,Customer 05565,1360,Gold,08/29/2024
05566,Customer 05566,493,Bronze,07/03/2024
05567,Customer 05567,250,Bronze,02/02/2025
05568,Customer 05568,712,Silver,07/26/2024
05569,Customer 05569,877,Silver,06/13/2024
05570,Customer 05570,149,Bronze,11/06/2024
05571,Customer 05571,1321,Gold,03/24/2024
05572,Customer 05572,1209,Gold,09/03/2024
05573,Customer 05573,92,Bronze,08/07/2024
05574,Customer 05574,82,Bronze,04/18/2024
05575,Customer 05575,1342,Gold,01/29/2024
05576,Customer 05576,926,Silver,09/08/2024
05577,Customer 05577,847,Silver,03/18/2024
05578,Customer 05578,1304,Gold,05/27/2024
05579,Customer 05579,1191,Gold,12/19/2024
05580,Customer 05580,493,Bronze,06/25/2024
05581,Customer 05581,574,Silver,12/24/2024
05582,Customer 05582,895,Silver,12/13/2024
05583,Customer 05583,747,Silver,01/19/2025
05584,Customer 05584,583,Silver,01/03/2024
05585,Customer 05585,1273,Gold,01/27/2025
05586,Customer 05586,677,Silver,08/11/2024
05587,Customer 05587,623,Silver,02/18/2025
05588,Customer 05588,1422,Gold,09/29/2024
05589,Customer 05589,1074,Gold,03/13/2024
05590,Customer 05590,337,Bronze,10/22/2024
05591,Customer 05591,202,Bronze,03/30/2024
05592,Customer 05592,850,Silver,05/17/2024
05593,Customer 05593,663,Silver,02/27/2025
05594,Customer 05594,288,Bronze,12/05/2024
05595,Customer 05595,337,Bronze,03/30/2024
05596,Customer 05596,848,Silver,02/18/2025
05597,Customer 05597,228,Bronze,04/23/2024
05598,Customer 05598,656,Silver,12/12/2024
05599,Customer 05599,653,Silver,09/13/2024
05600,Customer 05600,860,Silver,10/17/2024
05601,Customer 05601,1000,Gold,09/15/2024
05602,Customer 05602,1165,Gold,06/24/2024
05603,Customer 05603,396,Bronze,02/06/2024
05604,Customer 05604,926,Silver,08/18/2024
05605,Customer 05605,607,Silver,01/19/2024
05606,Customer 05606,745,Silver,12/03/2024
05607,Customer 05607,935,Silver,09/01/2024
05608,Customer 05608,1019,Gold,11/14/2024
05609,Customer 05609,356,Bronze,02/19/2025
05610,Customer 05610,1079,Gold,02/19/2025
05611,Customer 05611,1035,Gold,04/26/2024
05612,Customer 05612,694,Silver,01/23/2024
05613,Customer 05613,496,Bronze,01/02/2025
05614,Customer 05614,128,Bronze,01/28/2024
05615,Customer 05615,447,Bronze,02/24/2025
05616,Customer 05616,879,Silver,01/30/2024
05617,Customer 05617,453,Bronze,07/27/2024
05618,Customer 05618,1397,Gold,12/12/2024
05619,Customer 05619,1186,Gold,06/01/2024
05620,Customer 05620,377,Bronze,11/14/2024
05621,Customer 05621,1006,Gold,02/05/2024
05622,Customer 05622,1095,Gold,03/17/2024
05623,Customer 05623,745,Silver,08/23/2024
05624,Customer 05624,1398,Gold,08/18/2024
05625,Customer 05625,442,Bronze,10/11/2024
05626,Customer 05626,148,Bronze,08/17/2024
05627,Customer 05627,1195,Gold,08/20/2024
05628,Customer 05628,356,Bronze,06/07/2024
05629,Customer 05629,672,Silver,08/05/2024
05630,Customer 05630,1347,Gold,03/05/2024
05631,Customer 05631,1469,Gold,02/27/2024
05632,Customer 05632,787,Silver,06/12/2024
05633,Customer 05633,919,Silver,10/31/2024
05634,Customer 05634,671,Silver,01/25/2025
05635,Customer 05635,300,Bronze,03/11/2024
05636,Customer 05636,517,Silver,02/16/2025
05637,Customer 05637,1457,Gold,12/10/2024
05638,Customer 05638,1406,Gold,03/20/2024
05639,Customer 05639,331,Bronze,07/05/2024
05640,Customer 05640,1173,Gold,06/04/2024
05641,Customer 05641,565,Silver,01/30/2024
05642,Customer 05642,1422,Gold,07/25/2024
05643,Customer 05643,55,Bronze,02/25/2024
05644,Customer 05644,403,Bronze,08/11/2024
05645,Customer 05645,268,Bronze,01/02/2025
05646,Customer 05646,536,Silver,11/26/2024
05647,Customer 05647,241,Bronze,07/17/2024
05648,Customer 05648,226,Bronze,12/12/2024
05649,Customer 05649,209,Bronze,12/22/2024
05650,Customer 05650,243,Bronze,11/01/2024
05651,Customer 05651,1497,Gold,04/08/2024
05652,Customer 05652,1447,Gold,05/10/2024
05653,Customer 05653,1409,Gold,08/14/2024
05654,Customer 05654,238,Bronze,10/17/2024
05655,Customer 05655,567,Silver,05/08/2024
05656,Customer 05656,520,Silver,09/03/2024
05657,Customer 05657,1370,Gold,11/09/2024
05658,Customer 05658,1377,Gold,02/14/2024
05659,Customer 05659,281,Bronze,07/08/2024
05660,Customer 05660,445,Bronze,02/26/2025
05661,Customer 05661,1067,Gold,08/23/2024
05662,Customer 05662,838,Silver,06/30/2024
05663,Customer 05663,1330,Gold,04/30/2024
05664,Customer 05664,1130,Gold,03/28/2024
05665,Customer 05665,1217,Gold,12/15/2024
05666,Customer 05666,1027,Gold,03/24/2024
05667,Customer 05667,1492,Gold,12/21/2024
05668,Customer 05668,217,Bronze,12/07/2024
05669,Customer 05669,149,Bronze,01/23/2025
05670,Customer 05670,733,Silver,07/31/2024
05671,Customer 05671,583,Silver,03/02/2024
05672,Customer 05672,13,Bronze,10/17/2024
05673,Customer 05673,1433,Gold,03/15/2024
05674,Customer 05674,418,Bronze,04/23/2024
05675,Customer 05675,1311,Gold,02/14/2025
05676,Customer 05676,991,Silver,09/03/2024
05677,Customer 05677,148,Bronze,11/21/2024
05678,Customer 05678,316,Bronze,01/31/2024
05679,Customer 05679,689,Silver,10/08/2024
05680,Customer 05680,1167,Gold,08/22/2024
05681,Customer 05681,1175,Gold,05/08/2024
05682,Customer 05682,435,Bronze,05/24/2024
05683,Customer 05683,1034,Gold,12/17/2024
05684,Customer 05684,1221,Gold,08/06/2024
05685,Customer 05685,989,Silver,09/23/2024
05686,Customer 05686,18,Bronze,06/10/2024
05687,Customer 05687,1383,Gold,02/25/2024
05688,Customer 05688,1042,Gold,02/17/2025
05689,Customer 05689,1434,Gold,01/17/2025
05690,Customer 05690,649,Silver,12/31/2024
05691,Customer 05691,1224,Gold,04/23/2024
05692,Customer 05692,1129,Gold,02/27/2025
05693,Customer 05693,750,Silver,06/06/2024
05694,Customer 05694,560,Silver,01/08/2025
05695,Customer 05695,1091,Gold,06/24/2024
05696,Customer 05696,1279,Gold,02/24/2025
05697,Customer 05697,1412,Gold,01/21/2024
05698,Customer 05698,781,Silver,03/05/2024
05699,Customer 05699,336,Bronze,02/28/2024
05700,Customer 05700,1248,Gold,12/23/2024
05701,Customer 05701,1137,Gold,02/10/2024
05702,Customer 05702,1487,Gold,07/23/2024
05703,Customer 05703,390,Bronze,12/08/2024
05704,Customer 05704,1065,Gold,07/18/2024
05705,Customer 05705,704,Silver,08/12/2024
05706,Customer 05706,116,Bronze,01/05/2024
05707,Customer 05707,993,Silver,02/18/2025
05708,Customer 05708,1475,Gold,02/02/2024
05709,Customer 05709,936,Silver,01/11/2025
05710,Customer 05710,1492,Gold,10/25/2024
05711,Customer 05711,904,Silver,10/29/2024
05712,Customer 05712,576,Silver,02/26/2025
05713,Customer 05713,822,Silver,04/01/2024
05714,Customer 05714,1452,Gold,07/22/2024
05715,Customer 05715,1377,Gold,05/10/2024
05716,Customer 05716,1274,Gold,05/18/2024
05717,Customer 05717,1369,Gold,05/01/2024
05718,Customer 05718,982,Silver,11/08/2024
05719,Customer 05719,1308,Gold,02/11/2025
05720,Customer 05720,860,Silver,03/27/2024
05721,Customer 05721,995,Silver,01/22/2025
05722,Customer 05722,834,Silver,06/26/2024
05723,Customer 05723,1104,Gold,02/07/2024
05724,Customer 05724,821,Silver,07/13/2024
05725,Customer 05725,791,Silver,08/30/2024
05726,Customer 05726,642,Silver,01/02/2025
05727,Customer 05727,1411,Gold,02/11/2024
05728,Customer 05728,366,Bronze,07/19/2024
05729,Customer 05729,319,Bronze,12/31/2024
05730,Customer 05730,125,Bronze,04/19/2024
05731,Customer 05731,1077,Gold,01/24/2025
05732,Customer 05732,1327,Gold,12/10/2024
05733,Customer 05733,1227,Gold,02/28/2024
05734,Customer 05734,177,Bronze,11/17/2024
05735,Customer 05735,97,Bronze,06/14/2024
05736,Customer 05736,544,Silver,01/04/2024
05737,Customer 05737,1447,Gold,02/13/2024
05738,Customer 05738,690,Silver,12/12/2024
05739,Customer 05739,145,Bronze,01/24/2025
05740,Customer 05740,1177,Gold,03/03/2024
05741,Customer 05741,1041,Gold,02/09/2025
05742,Customer 05742,962,Silver,02/27/2025
05743,Customer 05743,557,Silver,01/02/2024
05744,Customer 05744,1295,Gold,01/04/2024
05745,Customer 05745,1124,Gold,02/11/2024
05746,Customer 05746,167,Bronze,06/18/2024
05747,Customer 05747,991,Silver,10/19/2024
05748,Customer 05748,181,Bronze,09/09/2024
05749,Customer 05749,53,Bronze,01/14/2024
05750,Customer 05750,817,Silver,01/30/2024
05751,Customer 05751,553,Silver,09/08/2024
05752,Customer 05752,49,Bronze,01/08/2024
05753,Customer 05753,1425,Gold,07/18/2024
05754,Customer 05754,1474,Gold,02/19/2025
05755,Customer 05755,1115,Gold,07/20/2024
05756,Customer 05756,500,Silver,01/25/2024
05757,Customer 05757,329,Bronze,02/04/2025
05758,Customer 05758,930,Silver,10/01/2024
05759,Customer 05759,656,Silver,01/04/2024
05760,Customer 05760,246,Bronze,06/21/2024
05761,Customer 05761,191,Bronze,07/06/2024
05762,Customer 05762,600,Silver,10/08/2024
05763,Customer 05763,1108,Gold,01/12/2024
05764,Customer 05764,248,Bronze,02/14/2025
05765,Customer 05765,975,Silver,08/05/2024
05766,Customer 05766,1128,Gold,02/16/2025
05767,Customer 05767,1341,Gold,04/25/2024
05768,Customer 05768,1191,Gold,10/19/2024
05769,Customer 05769,383,Bronze,02/20/2025
05770,Customer 05770,801,Silver,06/05/2024
05771,Customer 05771,1499,Gold,01/21/2024
05772,Customer 05772,792,Silver,01/10/2024
05773,Customer 05773,112,Bronze,06/06/2024
05774,Customer 05774,186,Bronze,03/30/2024
05775,Customer 05775,506,Silver,01/26/2024
05776,Customer 05776,500,Silver,12/13/2024
05777,Customer 05777,512,Silver,05/05/2024
05778,Customer 05778,1221,Gold,02/27/2025
05779,Customer 05779,923,Silver,03/02/2024
05780,Customer 05780,1435,Gold,09/11/2024
05781,Customer 05781,408,Bronze,07/30/2024
05782,Customer 05782,1467,Gold,04/13/2024
05783,Customer 05783,1186,Gold,10/23/2024
05784,Customer 05784,25,Bronze,08/04/2024
05785,Customer 05785,1357,Gold,08/31/2024
05786,Customer 05786,383,Bronze,07/12/2024
05787,Customer 05787,1341,Gold,11/10/2024
05788,Customer 05788,1088,Gold,12/12/2024
05789,Customer 05789,770,Silver,02/18/2025
05790,Customer 05790,1373,Gold,11/09/2024
05791,Customer 05791,1220,Gold,11/12/2024
05792,Customer 05792,266,Bronze,08/22/2024
05793,Customer 05793,1411,Gold,06/02/2024
05794,Customer 05794,754,Silver,05/03/2024
05795,Customer 05795,1396,Gold,05/22/2024
05796,Customer 05796,532,Silver,08/25/2024
05797,Customer 05797,289,Bronze,11/06/2024
05798,Customer 05798,539,Silver,01/25/2025
05799,Customer 05799,681,Silver,01/02/2025
05800,Customer 05800,1275,Gold,10/19/2024
05801,Customer 05801,624,Silver,04/30/2024
05802,Customer 05802,684,Silver,10/17/2024
05803,Customer 05803,1433,Gold,10/10/2024
05804,Customer 05804,193,Bronze,01/23/2025
05805,Customer 05805,1277,Gold,08/28/2024
05806,Customer 05806,144,Bronze,06/06/2024
05807,Customer 05807,542,Silver,09/06/2024
05808,Customer 05808,1073,Gold,05/06/2024
05809,Customer 05809,688,Silver,05/17/2024
05810,Customer 05810,1349,Gold,11/04/2024
05811,Customer 05811,741,Silver,10/28/2024
05812,Customer 05812,1353,Gold,08/17/2024
05813,Customer 05813,969,Silver,07/21/2024
05814,Customer 05814,835,Silver,04/23/2024
05815,Customer 05815,484,Bronze,07/22/2024
05816,Customer 05816,922,Silver,07/03/2024
05817,Customer 05817,1464,Gold,11/02/2024
05818,Customer 05818,32,Bronze,05/10/2024
05819,Customer 05819,1366,Gold,11/17/2024
05820,Customer 05820,1313,Gold,11/20/2024
05821,Customer 05821,813,Silver,12/23/2024
05822,Customer 05822,937,Silver,01/10/2024
05823,Customer 05823,1320,Gold,02/18/2025
05824,Customer 05824,936,Silver,01/22/2025
05825,Customer 05825,1480,Gold,07/07/2024
05826,Customer 05826,1408,Gold,07/12/2024
05827,Customer 05827,368,Bronze,10/11/2024
05828,Customer 05828,863,Silver,02/20/2024
05829,Customer 05829,145,Bronze,01/28/2025
05830,Customer 05830,1237,Gold,01/12/2025
05831,Customer 05831,296,Bronze,03/12/2024
05832,Customer 05832,721,Silver,05/13/2024
05833,Customer 05833,1238,Gold,01/20/2025
05834,Customer 05834,443,Bronze,10/21/2024
05835,Customer 05835,197,Bronze,10/19/2024
05836,Customer 05836,1124,Gold,09/01/2024
05837,Customer 05837,232,Bronze,01/30/2024
05838,Customer 05838,645,Silver,03/30/2024
05839,Customer 05839,516,Silver,07/08/2024
05840,Customer 05840,1476,Gold,02/04/2025
05841,Customer 05841,235,Bronze,08/27/2024
05842,Customer 05842,697,Silver,07/06/2024
05843,Customer 05843,715,Silver,12/20/2024
05844,Customer 05844,874,Silver,10/19/2024
05845,Customer 05845,798,Silver,07/13/2024
05846,Customer 05846,1156,Gold,03/21/2024
05847,Customer 05847,329,Bronze,07/30/2024
05848,Customer 05848,909,Silver,05/09/2024
05849,Customer 05849,884,Silver,07/01/2024
05850,Customer 05850,1270,Gold,01/12/2024
05851,Customer 05851,890,Silver,10/17/2024
05852,Customer 05852,145,Bronze,05/05/2024
05853,Customer 05853,1174,Gold,03/17/2024
05854,Customer 05854,258,Bronze,07/30/2024
05855,Customer 05855,816,Silver,08/14/2024
05856,Customer 05856,261,Bronze,01/11/2025
05857,Customer 05857,1223,Gold,05/16/2024
05858,Customer 05858,1062,Gold,12/11/2024
05859,Customer 05859,310,Bronze,12/23/2024
05860,Customer 05860,550,Silver,01/29/2025
05861,Customer 05861,726,Silver,03/27/2024
05862,Customer 05862,791,Silver,01/26/2025
05863,Customer 05863,1218,Gold,01/14/2024
05864,Customer 05864,868,Silver,08/01/2024
05865,Customer 05865,185,Bronze,11/17/2024
05866,Customer 05866,1336,Gold,03/22/2024
05867,Customer 05867,540,Silver,06/18/2024
05868,Customer 05868,397,Bronze,03/27/2024
05869,Customer 05869,296,Bronze,09/04/2024
05870,Customer 05870,270,Bronze,10/15/2024
05871,Customer 05871,1081,Gold,01/18/2025
05872,Customer 05872,1009,Gold,04/19/2024
05873,Customer 05873,1245,Gold,02/07/2024
05874,Customer 05874,252,Bronze,11/19/2024
05875,Customer 05875,37,Bronze,06/29/2024
05876,Customer 05876,910,Silver,03/22/2024
05877,Customer 05877,1236,Gold,09/21/2024
05878,Customer 05878,1267,Gold,01/25/2024
05879,Customer 05879,589,Silver,01/09/2024
05880,Customer 05880,1183,Gold,05/31/2024
05881,Customer 05881,658,Silver,02/03/2025
05882,Customer 05882,1301,Gold,07/16/2024
05883,Customer 05883,779,Silver,08/02/2024
05884,Customer 05884,407,Bronze,06/23/2024
05885,Customer 05885,1292,Gold,07/09/2024
05886,Customer 05886,26,Bronze,07/22/2024
05887,Customer 05887,902,Silver,03/08/2024
05888,Customer 05888,502,Silver,01/12/2025
05889,Customer 05889,1008,Gold,05/11/2024
05890,Customer 05890,5,Bronze,01/27/2025
05891,Customer 05891,360,Bronze,01/09/2025
05892,Customer 05892,867,Silver,01/13/2025
05893,Customer 05893,131,Bronze,04/19/2024
05894,Customer 05894,1316,Gold,09/05/2024
05895,Customer 05895,1170,Gold,02/22/2025
05896,Customer 05896,98,Bronze,10/05/2024
05897,Customer 05897,805,Silver,01/07/2025
05898,Customer 05898,1498,Gold,02/05/2025
05899,Customer 05899,401,Bronze,06/27/2024
05900,Customer 05900,991,Silver,04/14/2024
05901,Customer 05901,852,Silver,02/28/2024
05902,Customer 05902,1387,Gold,11/07/2024
05903,Customer 05903,182,Bronze,08/12/2024
05904,Customer 05904,1345,Gold,01/27/2025
05905,Customer 05905,17,Bronze,12/01/2024
05906,Customer 05906,1481,Gold,03/27/2024
05907,Customer 05907,141,Bronze,06/16/2024
05908,Customer 05908,900,Silver,02/26/2025
05909,Customer 05909,59,Bronze,01/02/2025
05910,Customer 05910,8,Bronze,03/16/2024
05911,Customer 05911,209,Bronze,10/22/2024
05912,Customer 05912,114,Bronze,09/03/2024
05913,Customer 05913,727,Silver,11/26/2024
05914,Customer 05914,688,Silver,08/24/2024
05915,Customer 05915,894,Silver,12/14/2024
05916,Customer 05916,1126,Gold,11/16/2024
05917,Customer 05917,229,Bronze,12/11/2024
05918,Customer 05918,98,Bronze,03/29/2024
05919,Customer 05919,907,Silver,02/06/2025
05920,Customer 05920,1039,Gold,02/16/2024
05921,Customer 05921,550,Silver,12/23/2024
05922,Customer 05922,703,Silver,05/20/2024
05923,Customer 05923,482,Bronze,08/03/2024
05924,Customer 05924,431,Bronze,06/26/2024
05925,Customer 05925,297,Bronze,06/01/2024
05926,Customer 05926,851,Silver,01/12/2024
05927,Customer 05927,509,Silver,10/25/2024
05928,Customer 05928,8,Bronze,10/05/2024
05929,Customer 05929,1468,Gold,03/03/2024
05930,Customer 05930,457,Bronze,02/06/2025
05931,Customer 05931,198,Bronze,12/30/2024
05932,Customer 05932,822,Silver,02/20/2024
05933,Customer 05933,1015,Gold,08/05/2024
05934,Customer 05934,905,Silver,12/01/2024
05935,Customer 05935,261,Bronze,04/04/2024
05936,Customer 05936,831,Silver,02/09/2025
05937,Customer 05937,1495,Gold,11/13/2024
05938,Customer 05938,763,Silver,03/05/2024
05939,Customer 05939,175,Bronze,01/10/2025
05940,Customer 05940,1033,Gold,04/13/2024
05941,Customer 05941,1158,Gold,01/10/2024
05942,Customer 05942,1456,Gold,10/13/2024
05943,Customer 05943,701,Silver,07/13/2024
05944,Customer 05944,1153,Gold,07/13/2024
05945,Customer 05945,198,Bronze,02/15/2024
05946,Customer 05946,258,Bronze,02/12/2024
05947,Customer 05947,154,Bronze,09/21/2024
05948,Customer 05948,717,Silver,10/07/2024
05949,Customer 05949,511,Silver,12/17/2024
05950,Customer 05950,76,Bronze,05/26/2024
05951,Customer 05951,831,Silver,11/18/2024
05952,Customer 05952,33,Bronze,03/03/2024
05953,Customer 05953,180,Bronze,03/28/2024
05954,Customer 05954,1004,Gold,06/19/2024
05955,Customer 05955,1137,Gold,04/29/2024
05956,Customer 05956,360,Bronze,04/20/2024
05957,Customer 05957,925,Silver,06/12/2024
05958,Customer 05958,337,Bronze,12/20/2024
05959,Customer 05959,499,Bronze,12/08/2024
05960,Customer 05960,812,Silver,02/11/2025
05961,Customer 05961,408,Bronze,07/10/2024
05962,Customer 05962,257,Bronze,11/30/2024
05963,Customer 05963,584,Silver,12/03/2024
05964,Customer 05964,1086,Gold,04/13/2024
05965,Customer 05965,690,Silver,02/12/2025
05966,Customer 05966,1109,Gold,02/12/2024
05967,Customer 05967,1261,Gold,02/14/2024
05968,Customer 05968,29,Bronze,11/22/2024
05969,Customer 05969,1131,Gold,06/01/2024
05970,Customer 05970,146,Bronze,01/19/2025
05971,Customer 05971,124,Bronze,01/23/2025
05972,Customer 05972,775,Silver,09/24/2024
05973,Customer 05973,994,Silver,11/01/2024
05974,Customer 05974,492,Bronze,02/12/2025
05975,Customer 05975,1276,Gold,02/06/2024
05976,Customer 05976,1021,Gold,02/18/2024
05977,Customer 05977,1356,Gold,05/30/2024
05978,Customer 05978,945,Silver,04/28/2024
05979,Customer 05979,258,Bronze,07/08/2024
05980,Customer 05980,499,Bronze,12/06/2024
05981,Customer 05981,462,Bronze,11/24/2024
05982,Customer 05982,465,Bronze,10/18/2024
05983,Customer 05983,1241,Gold,01/13/2024
05984,Customer 05984,578,Silver,02/10/2025
05985,Customer 05985,759,Silver,04/28/2024
05986,Customer 05986,1182,Gold,01/24/2025
05987,Customer 05987,1419,Gold,02/18/2025
05988,Customer 05988,534,Silver,03/07/2024
05989,Customer 05989,941,Silver,02/02/2024
05990,Customer 05990,1419,Gold,09/01/2024
05991,Customer 05991,1214,Gold,12/18/2024
05992,Customer 05992,5,Bronze,12/06/2024
05993,Customer 05993,21,Bronze,12/24/2024
05994,Customer 05994,943,Silver,11/25/2024
05995,Customer 05995,687,Silver,03/22/2024
05996,Customer 05996,90,Bronze,05/24/2024
05997,Customer 05997,815,Silver,06/30/2024
05998,Customer 05998,1365,Gold,07/01/2024
05999,Customer 05999,121,Bronze,04/07/2024
06000,Customer 06000,1419,Gold,07/29/2024
06001,Customer 06001,819,Silver,02/24/2025
06002,Customer 06002,763,Silver,06/08/2024
06003,Customer 06003,224,Bronze,09/10/2024
06004,Customer 06004,1308,Gold,08/26/2024
06005,Customer 06005,261,Bronze,05/23/2024
06006,Customer 06006,1495,Gold,10/20/2024
06007,Customer 06007,385,Bronze,12/24/2024
06008,Customer 06008,1355,Gold,12/22/2024
06009,Customer 06009,21,Bronze,01/21/2025
06010,Customer 06010,502,Silver,11/23/2024
06011,Customer 06011,260,Bronze,04/16/2024
06012,Customer 06012,1207,Gold,03/17/2024
06013,Customer 06013,1371,Gold,12/14/2024
06014,Customer 06014,582,Silver,11/30/2024
06015,Customer 06015,141,Bronze,10/22/2024
06016,Customer 06016,323,Bronze,02/02/2025
06017,Customer 06017,1143,Gold,10/20/2024
06018,Customer 06018,274,Bronze,04/18/2024
06019,Customer 06019,1476,Gold,12/04/2024
06020,Customer 06020,616,Silver,05/27/2024
06021,Customer 06021,1294,Gold,05/15/2024
06022,Customer 06022,88,Bronze,02/11/2025
06023,Customer 06023,22,Bronze,03/29/2024
06024,Customer 06024,623,Silver,02/14/2024
06025,Customer 06025,530,Silver,11/06/2024
06026,Customer 06026,732,Silver,09/04/2024
06027,Customer 06027,829,Silver,02/05/2025
06028,Customer 06028,1005,Gold,01/21/2024
06029,Customer 06029,118,Bronze,02/22/2024
06030,Customer 06030,783,Silver,01/10/2025
06031,Customer 06031,975,Silver,11/24/2024
06032,Customer 06032,1134,Gold,12/07/2024
06033,Customer 06033,184,Bronze,01/24/2024
06034,Customer 06034,1063,Gold,03/18/2024
06035,Customer 06035,1434,Gold,05/17/2024
06036,Customer 06036,105,Bronze,06/23/2024
06037,Customer 06037,1177,Gold,01/18/2025
06038,Customer 06038,501,Silver,02/25/2025
06039,Customer 06039,1491,Gold,02/07/2024
06040,Customer 06040,1368,Gold,02/10/2025
06041,Customer 06041,881,Silver,08/27/2024
06042,Customer 06042,323,Bronze,06/03/2024
06043,Customer 06043,98,Bronze,06/09/2024
06044,Customer 06044,1455,Gold,12/04/2024
06045,Customer 06045,1098,Gold,11/05/2024
06046,Customer 06046,588,Silver,12/26/2024
06047,Customer 06047,132,Bronze,09/13/2024
06048,Customer 06048,812,Silver,12/11/2024
06049,Customer 06049,360,Bronze,02/26/2024
06050,Customer 06050,1239,Gold,02/25/2024
06051,Customer 06051,1163,Gold,11/04/2024
06052,Customer 06052,1310,Gold,07/12/2024
06053,Customer 06053,881,Silver,09/10/2024
06054,Customer 06054,1008,Gold,03/15/2024
06055,Customer 06055,1291,Gold,10/15/2024
06056,Customer 06056,1329,Gold,12/01/2024
06057,Customer 06057,984,Silver,04/14/2024
06058,Customer 06058,1300,Gold,11/06/2024
06059,Customer 06059,460,Bronze,08/21/2024
06060,Customer 06060,1320,Gold,03/07/2024
06061,Customer 06061,1125,Gold,05/04/2024
06062,Customer 06062,87,Bronze,02/04/2025
06063,Customer 06063,833,Silver,10/24/2024
06064,Customer 06064,1419,Gold,08/26/2024
06065,Customer 06065,188,Bronze,05/08/2024
06066,Customer 06066,1093,Gold,10/21/2024
06067,Customer 06067,510,Silver,02/25/2025
06068,Customer 06068,1157,Gold,05/21/2024
06069,Customer 06069,137,Bronze,11/02/2024
06070,Customer 06070,560,Silver,12/28/2024
06071,Customer 06071,1425,Gold,06/17/2024
06072,Customer 06072,180,Bronze,08/07/2024
06073,Customer 06073,395,Bronze,12/18/2024
06074,Customer 06074,564,Silver,01/30/2025
06075,Customer 06075,886,Silver,06/11/2024
06076,Customer 06076,802,Silver,09/07/2024
06077,Customer 06077,841,Silver,07/07/2024
06078,Customer 06078,118,Bronze,03/12/2024
06079,Customer 06079,1309,Gold,08/11/2024
06080,Customer 06080,255,Bronze,03/27/2024
06081,Customer 06081,774,Silver,01/05/2025
06082,Customer 06082,1157,Gold,08/22/2024
06083,Customer 06083,1391,Gold,03/04/2024
06084,Customer 06084,935,Silver,09/03/2024
06085,Customer 06085,571,Silver,01/31/2025
06086,Customer 06086,569,Silver,12/18/2024
06087,Customer 06087,998,Silver,01/08/2025
06088,Customer 06088,1268,Gold,10/21/2024
06089,Customer 06089,682,Silver,05/15/2024
06090,Customer 06090,819,Silver,12/09/2024
06091,Customer 06091,970,Silver,08/11/2024
06092,Customer 06092,107,Bronze,08/04/2024
06093,Customer 06093,474,Bronze,08/14/2024
06094,Customer 06094,1337,Gold,06/23/2024
06095,Customer 06095,1202,Gold,09/21/2024
06096,Customer 06096,1403,Gold,06/25/2024
06097,Customer 06097,1147,Gold,12/26/2024
06098,Customer 06098,184,Bronze,08/20/2024
06099,Customer 06099,929,Silver,04/01/2024
06100,Customer 06100,134,Bronze,02/24/2025
06101,Customer 06101,1460,Gold,02/28/2024
06102,Customer 06102,180,Bronze,12/23/2024
06103,Customer 06103,499,Bronze,04/19/2024
06104,Customer 06104,161,Bronze,08/09/2024
06105,Customer 06105,1014,Gold,07/15/2024
06106,Customer 06106,1123,Gold,01/06/2025
06107,Customer 06107,462,Bronze,03/02/2024
06108,Customer 06108,652,Silver,10/14/2024
06109,Customer 06109,740,Silver,07/31/2024
06110,Customer 06110,956,Silver,01/19/2025
06111,Customer 06111,787,Silver,01/19/2024
06112,Customer 06112,1020,Gold,09/24/2024
06113,Customer 06113,403,Bronze,08/13/2024
06114,Customer 06114,182,Bronze,12/10/2024
06115,Customer 06115,1172,Gold,01/31/2024
06116,Customer 06116,471,Bronze,04/27/2024
06117,Customer 06117,1388,Gold,07/29/2024
06118,Customer 06118,699,Silver,03/23/2024
06119,Customer 06119,1327,Gold,11/11/2024
06120,Customer 06120,609,Silver,11/24/2024
06121,Customer 06121,476,Bronze,11/14/2024
06122,Customer 06122,949,Silver,02/21/2024
06123,Customer 06123,599,Silver,09/06/2024
06124,Customer 06124,704,Silver,09/28/2024
06125,Customer 06125,912,Silver,01/27/2024
06126,Customer 06126,1254,Gold,01/19/2024
06127,Customer 06127,1196,Gold,09/06/2024
06128,Customer 06128,731,Silver,12/27/2024
06129,Customer 06129,606,Silver,04/20/2024
06130,Customer 06130,240,Bronze,02/25/2025
06131,Customer 06131,556,Silver,03/05/2024
06132,Customer 06132,1458,Gold,04/13/2024
06133,Customer 06133,884,Silver,04/08/2024
06134,Customer 06134,198,Bronze,09/07/2024
06135,Customer 06135,659,Silver,09/21/2024
06136,Customer 06136,1048,Gold,07/16/2024
06137,Customer 06137,1350,Gold,01/26/2024
06138,Customer 06138,1307,Gold,05/16/2024
06139,Customer 06139,79,Bronze,07/18/2024
06140,Customer 06140,1088,Gold,01/23/2025
06141,Customer 06141,1136,Gold,01/11/2024
06142,Customer 06142,1452,Gold,04/01/2024
06143,Customer 06143,847,Silver,05/19/2024
06144,Customer 06144,1272,Gold,04/30/2024
06145,Customer 06145,1342,Gold,04/17/2024
06146,Customer 06146,93,Bronze,09/22/2024
06147,Customer 06147,824,Silver,08/21/2024
06148,Customer 06148,127,Bronze,09/03/2024
06149,Customer 06149,1161,Gold,03/02/2024
06150,Customer 06150,149,Bronze,10/30/2024
06151,Customer 06151,558,Silver,10/13/2024
06152,Customer 06152,994,Silver,05/29/2024
06153,Customer 06153,1495,Gold,04/09/2024
06154,Customer 06154,670,Silver,04/18/2024
06155,Customer 06155,694,Silver,05/25/2024
06156,Customer 06156,782,Silver,02/10/2024
06157,Customer 06157,459,Bronze,01/15/2024
06158,Customer 06158,1347,Gold,11/09/2024
06159,Customer 06159,132,Bronze,10/10/2024
06160,Customer 06160,274,Bronze,08/12/2024
06161,Customer 06161,391,Bronze,05/26/2024
06162,Customer 06162,96,Bronze,06/29/2024
06163,Customer 06163,1307,Gold,07/31/2024
06164,Customer 06164,456,Bronze,12/31/2024
06165,Customer 06165,623,Silver,03/17/2024
06166,Customer 06166,1424,Gold,07/18/2024
06167,Customer 06167,919,Silver,01/28/2025
06168,Customer 06168,873,Silver,01/18/2024
06169,Customer 06169,296,Bronze,01/17/2025
06170,Customer 06170,1344,Gold,06/25/2024
06171,Customer 06171,1097,Gold,10/22/2024
06172,Customer 06172,107,Bronze,05/30/2024
06173,Customer 06173,176,Bronze,09/14/2024
06174,Customer 06174,280,Bronze,02/19/2024
06175,Customer 06175,86,Bronze,11/30/2024
06176,Customer 06176,1499,Gold,01/20/2024
06177,Customer 06177,652,Silver,03/23/2024
06178,Customer 06178,1462,Gold,01/03/2024
06179,Customer 06179,1174,Gold,10/16/2024
06180,Customer 06180,333,Bronze,01/12/2025
06181,Customer 06181,860,Silver,01/17/2024
06182,Customer 06182,1463,Gold,02/22/2024
06183,Customer 06183,1038,Gold,07/12/2024
06184,Customer 06184,40,Bronze,04/15/2024
06185,Customer 06185,1071,Gold,07/25/2024
06186,Customer 06186,577,Silver,05/28/2024
06187,Customer 06187,1246,Gold,12/16/2024
06188,Customer 06188,893,Silver,07/23/2024
06189,Customer 06189,1314,Gold,08/26/2024
06190,Customer 06190,679,Silver,02/20/2024
06191,Customer 06191,443,Bronze,08/01/2024
06192,Customer 06192,964,Silver,05/02/2024
06193,Customer 06193,520,Silver,06/27/2024
06194,Customer 06194,651,Silver,04/07/2024
06195,Customer 06195,306,Bronze,07/14/2024
06196,Customer 06196,57,Bronze,01/13/2024
06197,Customer 06197,677,Silver,01/02/2025
06198,Customer 06198,1462,Gold,08/12/2024
06199,Customer 06199,475,Bronze,04/23/2024
06200,Customer 06200,1341,Gold,08/24/2024
06201,Customer 06201,773,Silver,06/03/2024
06202,Customer 06202,314,Bronze,01/28/2024
06203,Customer 06203,767,Silver,01/18/2025
06204,Customer 06204,1352,Gold,10/01/2024
06205,Customer 06205,128,Bronze,12/21/2024
06206,Customer 06206,959,Silver,05/11/2024
06207,Customer 06207,453,Bronze,12/08/2024
06208,Customer 06208,125,Bronze,09/28/2024
06209,Customer 06209,396,Bronze,05/17/2024
06210,Customer 06210,953,Silver,02/08/2025
06211,Customer 06211,5,Bronze,09/30/2024
06212,Customer 06212,1174,Gold,10/07/2024
06213,Customer 06213,1099,Gold,07/11/2024
06214,Customer 06214,1437,Gold,10/25/2024
06215,Customer 06215,733,Silver,01/27/2025
06216,Customer 06216,691,Silver,12/19/2024
06217,Customer 06217,1443,Gold,02/17/2024
06218,Customer 06218,824,Silver,12/19/2024
06219,Customer 06219,1327,Gold,08/24/2024
06220,Customer 06220,1217,Gold,10/09/2024
06221,Customer 06221,34,Bronze,06/13/2024
06222,Customer 06222,435,Bronze,10/17/2024
06223,Customer 06223,695,Silver,08/12/2024
06224,Customer 06224,417,Bronze,01/16/2024
06225,Customer 06225,1430,Gold,03/24/2024
06226,Customer 06226,955,Silver,01/19/2025
06227,Customer 06227,1000,Gold,09/07/2024
06228,Customer 06228,702,Silver,04/30/2024
06229,Customer 06229,81,Bronze,05/16/2024
06230,Customer 06230,828,Silver,06/02/2024
06231,Customer 06231,115,Bronze,04/18/2024
06232,Customer 06232,28,Bronze,04/06/2024
06233,Customer 06233,1168,Gold,05/12/2024
06234,Customer 06234,1073,Gold,05/25/2024
06235,Customer 06235,463,Bronze,03/04/2024
06236,Customer 06236,1479,Gold,08/19/2024
06237,Customer 06237,918,Silver,02/08/2024
06238,Customer 06238,728,Silver,01/03/2025
06239,Customer 06239,851,Silver,06/27/2024
06240,Customer 06240,51,Bronze,04/22/2024
06241,Customer 06241,1038,Gold,01/13/2025
06242,Customer 06242,928,Silver,05/28/2024
06243,Customer 06243,1368,Gold,09/06/2024
06244,Customer 06244,793,Silver,09/10/2024
06245,Customer 06245,885,Silver,11/17/2024
06246,Customer 06246,1075,Gold,11/10/2024
06247,Customer 06247,9,Bronze,02/10/2024
06248,Customer 06248,417,Bronze,05/26/2024
06249,Customer 06249,1296,Gold,04/02/2024
06250,Customer 06250,1322,Gold,10/28/2024
06251,Customer 06251,1465,Gold,06/24/2024
06252,Customer 06252,1367,Gold,02/04/2025
06253,Customer 06253,104,Bronze,08/09/2024
06254,Customer 06254,361,Bronze,01/14/2024
06255,Customer 06255,946,Silver,01/19/2024
06256,Customer 06256,172,Bronze,08/21/2024
06257,Customer 06257,156,Bronze,11/23/2024
06258,Customer 06258,642,Silver,02/15/2025
06259,Customer 06259,767,Silver,02/24/2024
06260,Customer 06260,253,Bronze,10/15/2024
06261,Customer 06261,1455,Gold,12/27/2024
06262,Customer 06262,636,Silver,01/10/2025
06263,Customer 06263,910,Silver,09/25/2024
06264,Customer 06264,687,Silver,11/03/2024
06265,Customer 06265,1307,Gold,11/14/2024
06266,Customer 06266,174,Bronze,12/21/2024
06267,Customer 06267,1427,Gold,01/22/2024
06268,Customer 06268,806,Silver,05/21/2024
06269,Customer 06269,1405,Gold,01/16/2024
06270,Customer 06270,722,Silver,12/01/2024
06271,Customer 06271,490,Bronze,02/11/2024
06272,Customer 06272,1224,Gold,04/20/2024
06273,Customer 06273,1107,Gold,05/18/2024
06274,Customer 06274,243,Bronze,05/31/2024
06275,Customer 06275,1361,Gold,07/20/2024
06276,Customer 06276,559,Silver,07/23/2024
06277,Customer 06277,109,Bronze,06/15/2024
06278,Customer 06278,1471,Gold,09/25/2024
06279,Customer 06279,654,Silver,02/20/2025
06280,Customer 06280,47,Bronze,08/11/2024
06281,Customer 06281,213,Bronze,07/04/2024
06282,Customer 06282,1244,Gold,09/17/2024
06283,Customer 06283,904,Silver,01/20/2025
06284,Customer 06284,1055,Gold,01/16/2024
06285,Customer 06285,243,Bronze,07/06/2024
06286,Customer 06286,1052,Gold,02/15/2025
06287,Customer 06287,355,Bronze,11/12/2024
06288,Customer 06288,1168,Gold,03/15/2024
06289,Customer 06289,686,Silver,05/01/2024
06290,Customer 06290,1020,Gold,05/01/2024
06291,Customer 06291,700,Silver,07/30/2024
06292,Customer 06292,177,Bronze,03/13/2024
06293,Customer 06293,469,Bronze,08/26/2024
06294,Customer 06294,1274,Gold,11/18/2024
06295,Customer 06295,1413,Gold,03/25/2024
06296,Customer 06296,1007,Gold,08/14/2024
06297,Customer 06297,1186,Gold,06/10/2024
06298,Customer 06298,901,Silver,05/17/2024
06299,Customer 06299,754,Silver,06/05/2024
06300,Customer 06300,1317,Gold,11/26/2024
06301,Customer 06301,734,Silver,05/25/2024
06302,Customer 06302,980,Silver,12/04/2024
06303,Customer 06303,1243,Gold,03/04/2024
06304,Customer 06304,1148,Gold,03/27/2024
06305,Customer 06305,1278,Gold,08/03/2024
06306,Customer 06306,572,Silver,07/20/2024
06307,Customer 06307,1144,Gold,08/27/2024
06308,Customer 06308,645,Silver,12/25/2024
06309,Customer 06309,563,Silver,01/14/2024
06310,Customer 06310,411,Bronze,09/08/2024
06311,Customer 06311,275,Bronze,01/26/2024
06312,Customer 06312,1420,Gold,06/03/2024
06313,Customer 06313,543,Silver,11/30/2024
06314,Customer 06314,99,Bronze,03/14/2024
06315,Customer 06315,718,Silver,04/20/2024
06316,Customer 06316,1219,Gold,11/03/2024
06317,Customer 06317,307,Bronze,11/07/2024
06318,Customer 06318,4,Bronze,02/09/2024
06319,Customer 06319,149,Bronze,01/03/2025
06320,Customer 06320,159,Bronze,11/08/2024
06321,Customer 06321,1465,Gold,03/29/2024
06322,Customer 06322,896,Silver,08/08/2024
06323,Customer 06323,54,Bronze,01/20/2024
06324,Customer 06324,400,Bronze,07/12/2024
06325,Customer 06325,361,Bronze,08/28/2024
06326,Customer 06326,425,Bronze,08/17/2024
06327,Customer 06327,1058,Gold,08/02/2024
06328,Customer 06328,848,Silver,01/24/2024
06329,Customer 06329,375,Bronze,08/26/2024
06330,Customer 06330,872,Silver,09/21/2024
06331,Customer 06331,170,Bronze,02/07/2024
06332,Customer 06332,1039,Gold,07/30/2024
06333,Customer 06333,963,Silver,06/26/2024
06334,Customer 06334,1345,Gold,01/09/2025
06335,Customer 06335,191,Bronze,06/15/2024
06336,Customer 06336,1412,Gold,03/14/2024
06337,Customer 06337,309,Bronze,06/11/2024
06338,Customer 06338,707,Silver,04/05/2024
06339,Customer 06339,1410,Gold,05/07/2024
06340,Customer 06340,815,Silver,10/31/2024
06341,Customer 06341,216,Bronze,12/16/2024
06342,Customer 06342,844,Silver,12/31/2024
06343,Customer 06343,417,Bronze,03/29/2024
06344,Customer 06344,1136,Gold,06/04/2024
06345,Customer 06345,567,Silver,02/09/2025
06346,Customer 06346,1383,Gold,06/05/2024
06347,Customer 06347,552,Silver,02/02/2025
06348,Customer 06348,1192,Gold,05/11/2024
06349,Customer 06349,682,Silver,12/07/2024
06350,Customer 06350,733,Silver,01/10/2025
06351,Customer 06351,905,Silver,05/07/2024
06352,Customer 06352,670,Silver,06/07/2024
06353,Customer 06353,987,Silver,07/04/2024
06354,Customer 06354,513,Silver,08/15/2024
06355,Customer 06355,290,Bronze,03/26/2024
06356,Customer 06356,444,Bronze,03/07/2024
06357,Customer 06357,821,Silver,05/19/2024
06358,Customer 06358,583,Silver,12/08/2024
06359,Customer 06359,534,Silver,04/11/2024
06360,Customer 06360,1126,Gold,09/16/2024
06361,Customer 06361,987,Silver,01/06/2024
06362,Customer 06362,853,Silver,10/18/2024
06363,Customer 06363,463,Bronze,01/22/2024
06364,Customer 06364,570,Silver,05/16/2024
06365,Customer 06365,1397,Gold,02/22/2025
06366,Customer 06366,637,Silver,08/23/2024
06367,Customer 06367,1,Bronze,12/24/2024
06368,Customer 06368,587,Silver,10/07/2024
06369,Customer 06369,364,Bronze,08/20/2024
06370,Customer 06370,547,Silver,03/25/2024
06371,Customer 06371,1221,Gold,11/25/2024
06372,Customer 06372,795,Silver,03/02/2024
06373,Customer 06373,752,Silver,06/07/2024
06374,Customer 06374,561,Silver,01/19/2025
06375,Customer 06375,1236,Gold,01/02/2024
06376,Customer 06376,219,Bronze,06/12/2024
06377,Customer 06377,219,Bronze,10/28/2024
06378,Customer 06378,314,Bronze,03/20/2024
06379,Customer 06379,1336,Gold,02/04/2024
06380,Customer 06380,301,Bronze,03/28/2024
06381,Customer 06381,1028,Gold,09/27/2024
06382,Customer 06382,117,Bronze,10/12/2024
06383,Customer 06383,952,Silver,02/26/2025
06384,Customer 06384,1257,Gold,12/12/2024
06385,Customer 06385,42,Bronze,03/13/2024
06386,Customer 06386,540,Silver,01/31/2024
06387,Customer 06387,1443,Gold,11/27/2024
06388,Customer 06388,1479,Gold,01/27/2025
06389,Customer 06389,297,Bronze,02/08/2024
06390,Customer 06390,1322,Gold,01/13/2025
06391,Customer 06391,428,Bronze,11/15/2024
06392,Customer 06392,1018,Gold,08/04/2024
06393,Customer 06393,521,Silver,06/17/2024
06394,Customer 06394,477,Bronze,08/08/2024
06395,Customer 06395,720,Silver,05/18/2024
06396,Customer 06396,960,Silver,10/25/2024
06397,Customer 06397,1144,Gold,05/10/2024
06398,Customer 06398,338,Bronze,06/01/2024
06399,Customer 06399,1043,Gold,09/21/2024
06400,Customer 06400,930,Silver,07/05/2024
06401,Customer 06401,1140,Gold,11/25/2024
06402,Customer 06402,769,Silver,11/10/2024
06403,Customer 06403,876,Silver,11/27/2024
06404,Customer 06404,871,Silver,10/30/2024
06405,Customer 06405,908,Silver,05/02/2024
06406,Customer 06406,1432,Gold,11/20/2024
06407,Customer 06407,1400,Gold,02/17/2025
06408,Customer 06408,1255,Gold,03/14/2024
06409,Customer 06409,1205,Gold,06/02/2024
06410,Customer 06410,1051,Gold,12/18/2024
06411,Customer 06411,1036,Gold,09/29/2024
06412,Customer 06412,955,Silver,03/21/2024
06413,Customer 06413,674,Silver,10/05/2024
06414,Customer 06414,1399,Gold,07/13/2024
06415,Customer 06415,1465,Gold,03/15/2024
06416,Customer 06416,632,Silver,06/22/2024
06417,Customer 06417,329,Bronze,03/24/2024
06418,Customer 06418,1407,Gold,12/13/2024
06419,Customer 06419,70,Bronze,03/18/2024
06420,Customer 06420,989,Silver,02/18/2025
06421,Customer 06421,432,Bronze,11/08/2024
06422,Customer 06422,259,Bronze,07/25/2024
06423,Customer 06423,1419,Gold,12/04/2024
06424,Customer 06424,749,Silver,09/19/2024
06425,Customer 06425,1062,Gold,10/07/2024
06426,Customer 06426,1056,Gold,08/10/2024
06427,Customer 06427,1340,Gold,07/04/2024
06428,Customer 06428,1482,Gold,01/09/2025
06429,Customer 06429,476,Bronze,04/22/2024
06430,Customer 06430,1267,Gold,01/23/2024
06431,Customer 06431,510,Silver,09/04/2024
06432,Customer 06432,624,Silver,02/16/2024
06433,Customer 06433,222,Bronze,01/05/2024
06434,Customer 06434,142,Bronze,09/19/2024
06435,Customer 06435,50,Bronze,11/22/2024
06436,Customer 06436,325,Bronze,09/13/2024
06437,Customer 06437,917,Silver,02/07/2024
06438,Customer 06438,120,Bronze,09/20/2024
06439,Customer 06439,398,Bronze,06/01/2024
06440,Customer 06440,294,Bronze,05/30/2024
06441,Customer 06441,572,Silver,10/20/2024
06442,Customer 06442,26,Bronze,09/13/2024
06443,Customer 06443,92,Bronze,03/16/2024
06444,Customer 06444,679,Silver,07/30/2024
06445,Customer 06445,1364,Gold,08/26/2024
06446,Customer 06446,35,Bronze,10/13/2024
06447,Customer 06447,1031,Gold,08/07/2024
06448,Customer 06448,373,Bronze,02/03/2025
06449,Customer 06449,946,Silver,04/30/2024
06450,Customer 06450,1144,Gold,12/14/2024
06451,Customer 06451,1236,Gold,01/09/2024
06452,Customer 06452,370,Bronze,12/29/2024
06453,Customer 06453,1432,Gold,10/23/2024
06454,Customer 06454,1188,Gold,06/20/2024
06455,Customer 06455,1075,Gold,10/17/2024
06456,Customer 06456,1039,Gold,12/22/2024
06457,Customer 06457,918,Silver,10/08/2024
06458,Customer 06458,419,Bronze,11/09/2024
06459,Customer 06459,555,Silver,10/04/2024
06460,Customer 06460,1341,Gold,10/21/2024
06461,Customer 06461,1258,Gold,01/29/2024
06462,Customer 06462,69,Bronze,06/10/2024
06463,Customer 06463,1163,Gold,01/23/2024
06464,Customer 06464,865,Silver,02/28/2025
06465,Customer 06465,808,Silver,12/13/2024
06466,Customer 06466,404,Bronze,01/27/2025
06467,Customer 06467,315,Bronze,08/11/2024
06468,Customer 06468,711,Silver,09/04/2024
06469,Customer 06469,1139,Gold,10/15/2024
06470,Customer 06470,352,Bronze,07/17/2024
06471,Customer 06471,1499,Gold,01/19/2025
06472,Customer 06472,506,Silver,10/29/2024
06473,Customer 06473,1168,Gold,03/12/2024
06474,Customer 06474,665,Silver,09/14/2024
06475,Customer 06475,484,Bronze,03/23/2024
06476,Customer 06476,376,Bronze,01/01/2024
06477,Customer 06477,1137,Gold,02/18/2025
06478,Customer 06478,517,Silver,04/29/2024
06479,Customer 06479,1323,Gold,01/04/2025
06480,Customer 06480,995,Silver,06/26/2024
06481,Customer 06481,571,Silver,04/20/2024
06482,Customer 06482,302,Bronze,07/15/2024
06483,Customer 06483,133,Bronze,01/10/2025
06484,Customer 06484,968,Silver,10/09/2024
06485,Customer 06485,421,Bronze,06/04/2024
06486,Customer 06486,313,Bronze,01/06/2024
06487,Customer 06487,546,Silver,11/13/2024
06488,Customer 06488,153,Bronze,12/07/2024
06489,Customer 06489,1352,Gold,03/02/2024
06490,Customer 06490,209,Bronze,09/15/2024
06491,Customer 06491,481,Bronze,05/05/2024
06492,Customer 06492,35,Bronze,05/30/2024
06493,Customer 06493,728,Silver,10/18/2024
06494,Customer 06494,1184,Gold,07/25/2024
06495,Customer 06495,171,Bronze,12/25/2024
06496,Customer 06496,816,Silver,10/24/2024
06497,Customer 06497,1297,Gold,03/07/2024
06498,Customer 06498,1201,Gold,06/24/2024
06499,Customer 06499,959,Silver,01/01/2024
06500,Customer 06500,334,Bronze,06/08/2024
06501,Customer 06501,1154,Gold,07/10/2024
06502,Customer 06502,750,Silver,10/14/2024
06503,Customer 06503,1362,Gold,09/15/2024
06504,Customer 06504,1431,Gold,02/10/2024
06505,Customer 06505,570,Silver,08/10/2024
06506,Customer 06506,632,Silver,01/13/2024
06507,Customer 06507,277,Bronze,06/10/2024
06508,Customer 06508,1048,Gold,01/01/2025
06509,Customer 06509,143,Bronze,10/27/2024
06510,Customer 06510,1480,Gold,05/12/2024
06511,Customer 06511,772,Silver,12/28/2024
06512,Customer 06512,265,Bronze,08/01/2024
06513,Customer 06513,445,Bronze,02/26/2024
06514,Customer 06514,693,Silver,11/21/2024
06515,Customer 06515,1243,Gold,01/15/2025
06516,Customer 06516,1158,Gold,02/21/2025
06517,Customer 06517,166,Bronze,08/03/2024
06518,Customer 06518,1212,Gold,08/08/2024
06519,Customer 06519,352,Bronze,11/06/2024
06520,Customer 06520,581,Silver,02/24/2025
06521,Customer 06521,1406,Gold,02/28/2024
06522,Customer 06522,508,Silver,05/01/2024
06523,Customer 06523,1488,Gold,07/22/2024
06524,Customer 06524,1089,Gold,12/08/2024
06525,Customer 06525,560,Silver,03/12/2024
06526,Customer 06526,836,Silver,04/12/2024
06527,Customer 06527,1290,Gold,01/22/2025
06528,Customer 06528,1362,Gold,02/13/2024
06529,Customer 06529,443,Bronze,06/09/2024
06530,Customer 06530,299,Bronze,04/30/2024
06531,Customer 06531,1040,Gold,12/18/2024
06532,Customer 06532,12,Bronze,12/02/2024
06533,Customer 06533,752,Silver,06/09/2024
06534,Customer 06534,739,Silver,09/24/2024
06535,Customer 06535,791,Silver,02/27/2025
06536,Customer 06536,418,Bronze,03/31/2024
06537,Customer 06537,844,Silver,06/30/2024
06538,Customer 06538,186,Bronze,02/19/2024
06539,Customer 06539,1084,Gold,06/17/2024
06540,Customer 06540,508,Silver,02/07/2024
06541,Customer 06541,567,Silver,06/03/2024
06542,Customer 06542,1025,Gold,08/02/2024
06543,Customer 06543,844,Silver,01/10/2025
06544,Customer 06544,564,Silver,12/06/2024
06545,Customer 06545,538,Silver,02/04/2025
06546,Customer 06546,733,Silver,07/31/2024
06547,Customer 06547,1022,Gold,01/09/2024
06548,Customer 06548,681,Silver,09/08/2024
06549,Customer 06549,124,Bronze,11/09/2024
06550,Customer 06550,664,Silver,04/18/2024
06551,Customer 06551,397,Bronze,07/27/2024
06552,Customer 06552,480,Bronze,07/24/2024
06553,Customer 06553,1487,Gold,01/28/2024
06554,Customer 06554,1314,Gold,10/02/2024
06555,Customer 06555,135,Bronze,12/06/2024
06556,Customer 06556,792,Silver,03/25/2024
06557,Customer 06557,872,Silver,11/02/2024
06558,Customer 06558,328,Bronze,04/15/2024
06559,Customer 06559,1320,Gold,01/10/2025
06560,Customer 06560,1364,Gold,12/08/2024
06561,Customer 06561,1292,Gold,07/13/2024
06562,Customer 06562,167,Bronze,05/20/2024
06563,Customer 06563,855,Silver,01/28/2024
06564,Customer 06564,653,Silver,08/11/2024
06565,Customer 06565,1408,Gold,04/13/2024
06566,Customer 06566,398,Bronze,02/03/2024
06567,Customer 06567,405,Bronze,04/21/2024
06568,Customer 06568,352,Bronze,11/20/2024
06569,Customer 06569,1128,Gold,02/26/2025
06570,Customer 06570,1146,Gold,04/19/2024
06571,Customer 06571,305,Bronze,09/14/2024
06572,Customer 06572,311,Bronze,01/10/2025
06573,Customer 06573,823,Silver,06/15/2024
06574,Customer 06574,32,Bronze,12/10/2024
06575,Customer 06575,236,Bronze,03/30/2024
06576,Customer 06576,228,Bronze,09/05/2024
06577,Customer 06577,1440,Gold,08/02/2024
06578,Customer 06578,12,Bronze,06/03/2024
06579,Customer 06579,628,Silver,08/22/2024
06580,Customer 06580,328,Bronze,02/10/2024
06581,Customer 06581,1322,Gold,09/11/2024
06582,Customer 06582,1262,Gold,03/09/2024
06583,Customer 06583,789,Silver,01/06/2024
06584,Customer 06584,10,Bronze,06/11/2024
06585,Customer 06585,0,Bronze,01/11/2024
06586,Customer 06586,1309,Gold,01/16/2025
06587,Customer 06587,269,Bronze,06/14/2024
06588,Customer 06588,1365,Gold,03/06/2024
06589,Customer 06589,32,Bronze,09/23/2024
06590,Customer 06590,1334,Gold,03/27/2024
06591,Customer 06591,12,Bronze,11/23/2024
06592,Customer 06592,564,Silver,01/31/2024
06593,Customer 06593,1465,Gold,01/30/2024
06594,Customer 06594,424,Bronze,05/02/2024
06595,Customer 06595,1250,Gold,01/25/2024
06596,Customer 06596,248,Bronze,02/09/2024
06597,Customer 06597,1208,Gold,08/05/2024
06598,Customer 06598,247,Bronze,08/30/2024
06599,Customer 06599,453,Bronze,09/25/2024
06600,Customer 06600,1445,Gold,07/04/2024
06601,Customer 06601,1362,Gold,05/28/2024
06602,Customer 06602,636,Silver,12/16/2024
06603,Customer 06603,1193,Gold,03/26/2024
06604,Customer 06604,1269,Gold,03/28/2024
06605,Customer 06605,1372,Gold,05/20/2024
06606,Customer 06606,1251,Gold,01/29/2025
06607,Customer 06607,931,Silver,06/07/2024
06608,Customer 06608,1215,Gold,05/08/2024
06609,Customer 06609,273,Bronze,12/02/2024
06610,Customer 06610,166,Bronze,12/15/2024
06611,Customer 06611,1458,Gold,11/03/2024
06612,Customer 06612,389,Bronze,07/30/2024
06613,Customer 06613,412,Bronze,03/02/2024
06614,Customer 06614,889,Silver,06/08/2024
06615,Customer 06615,454,Bronze,02/26/2025
06616,Customer 06616,335,Bronze,06/19/2024
06617,Customer 06617,1307,Gold,08/01/2024
06618,Customer 06618,226,Bronze,01/03/2024
06619,Customer 06619,21,Bronze,01/24/2024
06620,Customer 06620,503,Silver,09/14/2024
06621,Customer 06621,754,Silver,07/03/2024
06622,Customer 06622,1499,Gold,01/17/2024
06623,Customer 06623,256,Bronze,07/24/2024
06624,Customer 06624,653,Silver,09/20/2024
06625,Customer 06625,131,Bronze,02/21/2024
06626,Customer 06626,551,Silver,05/03/2024
06627,Customer 06627,51,Bronze,03/28/2024
06628,Customer 06628,1292,Gold,03/02/2024
06629,Customer 06629,192,Bronze,04/29/2024
06630,Customer 06630,897,Silver,09/26/2024
06631,Customer 06631,342,Bronze,02/16/2024
06632,Customer 06632,225,Bronze,05/23/2024
06633,Customer 06633,581,Silver,08/15/2024
06634,Customer 06634,1047,Gold,02/24/2024
06635,Customer 06635,898,Silver,08/01/2024
06636,Customer 06636,975,Silver,02/17/2025
06637,Customer 06637,211,Bronze,02/02/2024
06638,Customer 06638,291,Bronze,11/13/2024
06639,Customer 06639,1180,Gold,01/25/2025
06640,Customer 06640,1374,Gold,04/21/2024
06641,Customer 06641,1112,Gold,01/31/2024
06642,Customer 06642,250,Bronze,12/13/2024
06643,Customer 06643,649,Silver,08/14/2024
06644,Customer 06644,1032,Gold,02/20/2024
06645,Customer 06645,672,Silver,01/11/2024
06646,Customer 06646,1136,Gold,03/03/2024
06647,Customer 06647,1338,Gold,05/06/2024
06648,Customer 06648,851,Silver,04/20/2024
06649,Customer 06649,1116,Gold,09/13/2024
06650,Customer 06650,100,Bronze,08/04/2024
06651,Customer 06651,88,Bronze,01/11/2024
06652,Customer 06652,732,Silver,11/10/2024
06653,Customer 06653,728,Silver,12/21/2024
06654,Customer 06654,1226,Gold,12/26/2024
06655,Customer 06655,179,Bronze,01/03/2025
06656,Customer 06656,689,Silver,07/26/2024
06657,Customer 06657,381,Bronze,11/08/2024
06658,Customer 06658,1301,Gold,12/15/2024
06659,Customer 06659,952,Silver,07/16/2024
06660,Customer 06660,1298,Gold,04/17/2024
06661,Customer 06661,422,Bronze,04/19/2024
06662,Customer 06662,797,Silver,05/04/2024
06663,Customer 06663,781,Silver,11/02/2024
06664,Customer 06664,68,Bronze,10/17/2024
06665,Customer 06665,1270,Gold,06/24/2024
06666,Customer 06666,238,Bronze,07/17/2024
06667,Customer 06667,1050,Gold,03/01/2024
06668,Customer 06668,54,Bronze,11/07/2024
06669,Customer 06669,1313,Gold,02/11/2025
06670,Customer 06670,458,Bronze,05/26/2024
06671,Customer 06671,1355,Gold,11/24/2024
06672,Customer 06672,1372,Gold,04/07/2024
06673,Customer 06673,825,Silver,08/12/2024
06674,Customer 06674,95,Bronze,03/31/2024
06675,Customer 06675,1379,Gold,01/08/2024
06676,Customer 06676,426,Bronze,04/08/2024
06677,Customer 06677,483,Bronze,04/04/2024
06678,Customer 06678,797,Silver,10/04/2024
06679,Customer 06679,25,Bronze,03/14/2024
06680,Customer 06680,162,Bronze,01/01/2024
06681,Customer 06681,731,Silver,06/26/2024
06682,Customer 06682,97,Bronze,01/21/2025
06683,Customer 06683,804,Silver,11/01/2024
06684,Customer 06684,783,Silver,10/15/2024
06685,Customer 06685,579,Silver,07/03/2024
06686,Customer 06686,648,Silver,03/26/2024
06687,Customer 06687,1147,Gold,03/30/2024
06688,Customer 06688,432,Bronze,08/20/2024
06689,Customer 06689,39,Bronze,10/04/2024
06690,Customer 06690,467,Bronze,01/04/2025
06691,Customer 06691,365,Bronze,02/15/2025
06692,Customer 06692,704,Silver,10/09/2024
06693,Customer 06693,84,Bronze,08/01/2024
06694,Customer 06694,1082,Gold,04/15/2024
06695,Customer 06695,414,Bronze,05/06/2024
06696,Customer 06696,296,Bronze,02/01/2025
06697,Customer 06697,1287,Gold,02/06/2024
06698,Customer 06698,1133,Gold,06/20/2024
06699,Customer 06699,869,Silver,04/18/2024
06700,Customer 06700,151,Bronze,11/01/2024
06701,Customer 06701,440,Bronze,03/08/2024
06702,Customer 06702,1495,Gold,02/06/2024
06703,Customer 06703,462,Bronze,04/13/2024
06704,Customer 06704,429,Bronze,05/08/2024
06705,Customer 06705,1348,Gold,05/10/2024
06706,Customer 06706,123,Bronze,01/05/2024
06707,Customer 06707,303,Bronze,05/15/2024
06708,Customer 06708,190,Bronze,02/06/2025
06709,Customer 06709,777,Silver,01/21/2025
06710,Customer 06710,151,Bronze,01/23/2025
06711,Customer 06711,615,Silver,07/31/2024
06712,Customer 06712,1498,Gold,01/09/2025
06713,Customer 06713,301,Bronze,02/20/2024
06714,Customer 06714,218,Bronze,01/20/2025
06715,Customer 06715,469,Bronze,07/11/2024
06716,Customer 06716,382,Bronze,09/20/2024
06717,Customer 06717,1498,Gold,02/06/2024
06718,Customer 06718,884,Silver,08/19/2024
06719,Customer 06719,856,Silver,08/29/2024
06720,Customer 06720,1277,Gold,02/01/2024
06721,Customer 06721,1317,Gold,08/12/2024
06722,Customer 06722,421,Bronze,02/08/2025
06723,Customer 06723,921,Silver,02/06/2025
06724,Customer 06724,164,Bronze,08/23/2024
06725,Customer 06725,1392,Gold,05/10/2024
06726,Customer 06726,84,Bronze,07/06/2024
06727,Customer 06727,829,Silver,12/28/2024
06728,Customer 06728,1043,Gold,11/07/2024
06729,Customer 06729,939,Silver,08/02/2024
06730,Customer 06730,1361,Gold,06/12/2024
06731,Customer 06731,762,Silver,09/19/2024
06732,Customer 06732,1021,Gold,05/20/2024
06733,Customer 06733,1486,Gold,08/16/2024
06734,Customer 06734,1181,Gold,01/11/2024
06735,Customer 06735,344,Bronze,05/11/2024
06736,Customer 06736,944,Silver,09/17/2024
06737,Customer 06737,233,Bronze,08/18/2024
06738,Customer 06738,410,Bronze,07/12/2024
06739,Customer 06739,940,Silver,10/15/2024
06740,Customer 06740,829,Silver,03/24/2024
06741,Customer 06741,1125,Gold,05/24/2024
06742,Customer 06742,180,Bronze,12/23/2024
06743,Customer 06743,1483,Gold,02/07/2024
06744,Customer 06744,520,Silver,06/25/2024
06745,Customer 06745,669,Silver,12/07/2024
06746,Customer 06746,510,Silver,09/12/2024
06747,Customer 06747,1298,Gold,05/01/2024
06748,Customer 06748,460,Bronze,08/29/2024
06749,Customer 06749,1222,Gold,02/29/2024
06750,Customer 06750,1427,Gold,01/03/2025
06751,Customer 06751,1185,Gold,11/14/2024
06752,Customer 06752,439,Bronze,05/26/2024
06753,Customer 06753,894,Silver,04/01/2024
06754,Customer 06754,1226,Gold,01/24/2024
06755,Customer 06755,346,Bronze,12/24/2024
06756,Customer 06756,1022,Gold,03/02/2024
06757,Customer 06757,325,Bronze,01/13/2025
06758,Customer 06758,1376,Gold,08/21/2024
06759,Customer 06759,1259,Gold,04/24/2024
06760,Customer 06760,852,Silver,02/21/2025
06761,Customer 06761,207,Bronze,05/23/2024
06762,Customer 06762,17,Bronze,04/15/2024
06763,Customer 06763,253,Bronze,11/27/2024
06764,Customer 06764,1248,Gold,06/11/2024
06765,Customer 06765,1469,Gold,09/13/2024
06766,Customer 06766,867,Silver,05/01/2024
06767,Customer 06767,89,Bronze,04/10/2024
06768,Customer 06768,1349,Gold,04/01/2024
06769,Customer 06769,90,Bronze,10/14/2024
06770,Customer 06770,1233,Gold,06/20/2024
06771,Customer 06771,330,Bronze,05/30/2024
06772,Customer 06772,1479,Gold,02/20/2024
06773,Customer 06773,206,Bronze,10/14/2024
06774,Customer 06774,619,Silver,02/26/2024
06775,Customer 06775,1008,Gold,11/12/2024
06776,Customer 06776,978,Silver,12/12/2024
06777,Customer 06777,734,Silver,07/22/2024
06778,Customer 06778,1243,Gold,11/18/2024
06779,Customer 06779,27,Bronze,01/04/2024
06780,Customer 06780,1466,Gold,01/27/2025
06781,Customer 06781,1307,Gold,12/22/2024
06782,Customer 06782,1423,Gold,01/04/2024
06783,Customer 06783,119,Bronze,10/29/2024
06784,Customer 06784,609,Silver,12/02/2024
06785,Customer 06785,464,Bronze,05/29/2024
06786,Customer 06786,1110,Gold,12/20/2024
06787,Customer 06787,69,Bronze,02/04/2024
06788,Customer 06788,829,Silver,07/29/2024
06789,Customer 06789,858,Silver,05/21/2024
06790,Customer 06790,1027,Gold,09/12/2024
06791,Customer 06791,960,Silver,01/12/2025
06792,Customer 06792,201,Bronze,03/13/2024
06793,Customer 06793,1006,Gold,05/30/2024
06794,Customer 06794,427,Bronze,02/24/2024
06795,Customer 06795,106,Bronze,01/27/2025
06796,Customer 06796,681,Silver,06/27/2024
06797,Customer 06797,132,Bronze,09/07/2024
06798,Customer 06798,774,Silver,12/06/2024
06799,Customer 06799,1407,Gold,08/20/2024
06800,Customer 06800,372,Bronze,11/14/2024
06801,Customer 06801,583,Silver,07/22/2024
06802,Customer 06802,1222,Gold,02/09/2024
06803,Customer 06803,424,Bronze,02/27/2025
06804,Customer 06804,911,Silver,12/23/2024
06805,Customer 06805,1438,Gold,01/02/2025
06806,Customer 06806,1080,Gold,01/03/2025
06807,Customer 06807,1494,Gold,09/11/2024
06808,Customer 06808,1258,Gold,12/02/2024
06809,Customer 06809,724,Silver,01/23/2024
06810,Customer 06810,850,Silver,04/12/2024
06811,Customer 06811,838,Silver,07/10/2024
06812,Customer 06812,1403,Gold,01/27/2025
06813,Customer 06813,719,Silver,12/24/2024
06814,Customer 06814,357,Bronze,11/15/2024
06815,Customer 06815,867,Silver,08/08/2024
06816,Customer 06816,1375,Gold,02/18/2024
06817,Customer 06817,441,Bronze,04/26/2024
06818,Customer 06818,439,Bronze,03/07/2024
06819,Customer 06819,178,Bronze,07/29/2024
06820,Customer 06820,427,Bronze,09/19/2024
06821,Customer 06821,396,Bronze,11/26/2024
06822,Customer 06822,905,Silver,03/26/2024
06823,Customer 06823,1456,Gold,05/27/2024
06824,Customer 06824,145,Bronze,06/30/2024
06825,Customer 06825,492,Bronze,07/28/2024
06826,Customer 06826,1165,Gold,08/05/2024
06827,Customer 06827,1120,Gold,12/06/2024
06828,Customer 06828,627,Silver,01/27/2024
06829,Customer 06829,917,Silver,03/22/2024
06830,Customer 06830,162,Bronze,01/27/2024
06831,Customer 06831,1121,Gold,03/20/2024
06832,Customer 06832,145,Bronze,02/21/2025
06833,Customer 06833,682,Silver,09/18/2024
06834,Customer 06834,1212,Gold,06/07/2024
06835,Customer 06835,577,Silver,09/30/2024
06836,Customer 06836,207,Bronze,11/18/2024
06837,Customer 06837,243,Bronze,12/29/2024
06838,Customer 06838,1088,Gold,12/30/2024
06839,Customer 06839,406,Bronze,06/20/2024
06840,Customer 06840,394,Bronze,07/18/2024
06841,Customer 06841,1135,Gold,08/05/2024
06842,Customer 06842,221,Bronze,01/23/2025
06843,Customer 06843,549,Silver,01/17/2024
06844,Customer 06844,607,Silver,05/09/2024
06845,Customer 06845,342,Bronze,10/20/2024
06846,Customer 06846,847,Silver,04/11/2024
06847,Customer 06847,541,Silver,09/15/2024
06848,Customer 06848,362,Bronze,05/17/2024
06849,Customer 06849,291,Bronze,11/08/2024
06850,Customer 06850,163,Bronze,04/11/2024
06851,Customer 06851,1276,Gold,05/29/2024
06852,Customer 06852,174,Bronze,09/12/2024
06853,Customer 06853,1243,Gold,02/21/2024
06854,Customer 06854,468,Bronze,11/26/2024
06855,Customer 06855,530,Silver,06/06/2024
06856,Customer 06856,869,Silver,09/14/2024
06857,Customer 06857,924,Silver,02/15/2024
06858,Customer 06858,563,Silver,03/26/2024
06859,Customer 06859,328,Bronze,04/06/2024
06860,Customer 06860,457,Bronze,10/23/2024
06861,Customer 06861,159,Bronze,03/31/2024
06862,Customer 06862,1116,Gold,09/29/2024
06863,Customer 06863,485,Bronze,05/01/2024
06864,Customer 06864,637,Silver,05/04/2024
06865,Customer 06865,637,Silver,06/03/2024
06866,Customer 06866,618,Silver,09/29/2024
06867,Customer 06867,331,Bronze,07/05/2024
06868,Customer 06868,813,Silver,01/02/2024
06869,Customer 06869,938,Silver,05/09/2024
06870,Customer 06870,1463,Gold,01/21/2024
06871,Customer 06871,1065,Gold,04/12/2024
06872,Customer 06872,289,Bronze,09/11/2024
06873,Customer 06873,1043,Gold,01/27/2024
06874,Customer 06874,325,Bronze,04/10/2024
06875,Customer 06875,309,Bronze,02/08/2024
06876,Customer 06876,561,Silver,12/07/2024
06877,Customer 06877,1020,Gold,08/03/2024
06878,Customer 06878,576,Silver,06/11/2024
06879,Customer 06879,119,Bronze,07/11/2024
06880,Customer 06880,618,Silver,10/13/2024
06881,Customer 06881,1334,Gold,01/22/2024
06882,Customer 06882,79,Bronze,11/17/2024
06883,Customer 06883,1436,Gold,01/02/2024
06884,Customer 06884,1351,Gold,05/15/2024
06885,Customer 06885,63,Bronze,07/02/2024
06886,Customer 06886,858,Silver,04/20/2024
06887,Customer 06887,103,Bronze,01/17/2024
06888,Customer 06888,370,Bronze,03/05/2024
06889,Customer 06889,1490,Gold,08/23/2024
06890,Customer 06890,1382,Gold,10/04/2024
06891,Customer 06891,760,Silver,06/07/2024
06892,Customer 06892,1244,Gold,03/03/2024
06893,Customer 06893,815,Silver,03/25/2024
06894,Customer 06894,1100,Gold,02/11/2024
06895,Customer 06895,330,Bronze,01/07/2024
06896,Customer 06896,926,Silver,01/09/2025
06897,Customer 06897,1110,Gold,08/06/2024
06898,Customer 06898,775,Silver,02/15/2024
06899,Customer 06899,1413,Gold,12/02/2024
06900,Customer 06900,571,Silver,03/19/2024
06901,Customer 06901,652,Silver,04/17/2024
06902,Customer 06902,1351,Gold,06/19/2024
06903,Customer 06903,1385,Gold,12/31/2024
06904,Customer 06904,711,Silver,12/25/2024
06905,Customer 06905,856,Silver,02/23/2024
06906,Customer 06906,660,Silver,04/14/2024
06907,Customer 06907,949,Silver,02/19/2024
06908,Customer 06908,732,Silver,11/01/2024
06909,Customer 06909,911,Silver,10/09/2024
06910,Customer 06910,583,Silver,12/26/2024
06911,Customer 06911,249,Bronze,01/27/2024
06912,Customer 06912,435,Bronze,05/24/2024
06913,Customer 06913,383,Bronze,07/28/2024
06914,Customer 06914,310,Bronze,02/10/2024
06915,Customer 06915,1485,Gold,02/07/2025
06916,Customer 06916,1175,Gold,09/02/2024
06917,Customer 06917,771,Silver,07/31/2024
06918,Customer 06918,330,Bronze,06/02/2024
06919,Customer 06919,971,Silver,10/10/2024
06920,Customer 06920,946,Silver,09/10/2024
06921,Customer 06921,1325,Gold,07/09/2024
06922,Customer 06922,774,Silver,11/09/2024
06923,Customer 06923,969,Silver,12/07/2024
06924,Customer 06924,73,Bronze,02/13/2025
06925,Customer 06925,300,Bronze,02/06/2025
06926,Customer 06926,805,Silver,11/04/2024
06927,Customer 06927,666,Silver,01/03/2024
06928,Customer 06928,226,Bronze,04/09/2024
06929,Customer 06929,1114,Gold,12/09/2024
06930,Customer 06930,1101,Gold,10/19/2024
06931,Customer 06931,1381,Gold,01/06/2025
06932,Customer 06932,1481,Gold,10/17/2024
06933,Customer 06933,292,Bronze,10/17/2024
06934,Customer 06934,1202,Gold,09/25/2024
06935,Customer 06935,1444,Gold,11/11/2024
06936,Customer 06936,464,Bronze,05/24/2024
06937,Customer 06937,468,Bronze,11/21/2024
06938,Customer 06938,210,Bronze,01/13/2024
06939,Customer 06939,931,Silver,05/25/2024
06940,Customer 06940,1289,Gold,06/05/2024
06941,Customer 06941,809,Silver,12/16/2024
06942,Customer 06942,999,Silver,08/29/2024
06943,Customer 06943,1384,Gold,11/13/2024
06944,Customer 06944,992,Silver,11/27/2024
06945,Customer 06945,1061,Gold,01/27/2024
06946,Customer 06946,343,Bronze,09/08/2024
06947,Customer 06947,1329,Gold,10/03/2024
06948,Customer 06948,351,Bronze,08/30/2024
06949,Customer 06949,1383,Gold,12/25/2024
06950,Customer 06950,521,Silver,06/05/2024
06951,Customer 06951,667,Silver,04/30/2024
06952,Customer 06952,1482,Gold,08/15/2024
06953,Customer 06953,455,Bronze,11/10/2024
06954,Customer 06954,1462,Gold,04/22/2024
06955,Customer 06955,1488,Gold,07/10/2024
06956,Customer 06956,20,Bronze,11/18/2024
06957,Customer 06957,838,Silver,10/14/2024
06958,Customer 06958,665,Silver,02/24/2024
06959,Customer 06959,347,Bronze,09/01/2024
06960,Customer 06960,215,Bronze,10/11/2024
06961,Customer 06961,249,Bronze,03/25/2024
06962,Customer 06962,942,Silver,07/31/2024
06963,Customer 06963,843,Silver,11/21/2024
06964,Customer 06964,91,Bronze,06/30/2024
06965,Customer 06965,835,Silver,06/28/2024
06966,Customer 06966,1358,Gold,12/14/2024
06967,Customer 06967,143,Bronze,01/07/2025
06968,Customer 06968,383,Bronze,02/10/2024
06969,Customer 06969,961,Silver,02/11/2024
06970,Customer 06970,101,Bronze,10/02/2024
06971,Customer 06971,465,Bronze,08/06/2024
06972,Customer 06972,1141,Gold,11/14/2024
06973,Customer 06973,256,Bronze,03/29/2024
06974,Customer 06974,216,Bronze,09/21/2024
06975,Customer 06975,1384,Gold,11/10/2024
06976,Customer 06976,601,Silver,09/12/2024
06977,Customer 06977,99,Bronze,12/31/2024
06978,Customer 06978,1401,Gold,12/06/2024
06979,Customer 06979,970,Silver,02/17/2024
06980,Customer 06980,715,Silver,12/03/2024
06981,Customer 06981,944,Silver,07/05/2024
06982,Customer 06982,201,Bronze,10/24/2024
06983,Customer 06983,474,Bronze,05/18/2024
06984,Customer 06984,763,Silver,03/04/2024
06985,Customer 06985,893,Silver,11/02/2024
06986,Customer 06986,1344,Gold,09/07/2024
06987,Customer 06987,236,Bronze,09/30/2024
06988,Customer 06988,525,Silver,01/05/2024
06989,Customer 06989,1291,Gold,08/12/2024
06990,Customer 06990,591,Silver,07/09/2024
06991,Customer 06991,244,Bronze,01/01/2024
06992,Customer 06992,956,Silver,12/22/2024
06993,Customer 06993,406,Bronze,07/09/2024
06994,Customer 06994,1393,Gold,03/20/2024
06995,Customer 06995,187,Bronze,09/21/2024
06996,Customer 06996,923,Silver,02/21/2024
06997,Customer 06997,1315,Gold,10/10/2024
06998,Customer 06998,1414,Gold,04/28/2024
06999,Customer 06999,538,Silver,12/12/2024
07000,Customer 07000,1358,Gold,01/26/2024
07001,Customer 07001,389,Bronze,03/05/2024
07002,Customer 07002,1439,Gold,08/31/2024
07003,Customer 07003,883,Silver,04/28/2024
07004,Customer 07004,942,Silver,08/13/2024
07005,Customer 07005,1370,Gold,03/13/2024
07006,Customer 07006,691,Silver,02/16/2024
07007,Customer 07007,1313,Gold,02/28/2024
07008,Customer 07008,297,Bronze,02/16/2025
07009,Customer 07009,130,Bronze,01/25/2025
07010,Customer 07010,906,Silver,01/14/2024
07011,Customer 07011,832,Silver,01/31/2024
07012,Customer 07012,810,Silver,03/12/2024
07013,Customer 07013,252,Bronze,04/12/2024
07014,Customer 07014,1125,Gold,05/09/2024
07015,Customer 07015,980,Silver,02/06/2024
07016,Customer 07016,635,Silver,06/06/2024
07017,Customer 07017,692,Silver,03/19/2024
07018,Customer 07018,1142,Gold,04/06/2024
07019,Customer 07019,1052,Gold,11/10/2024
07020,Customer 07020,608,Silver,07/08/2024
07021,Customer 07021,1154,Gold,12/08/2024
07022,Customer 07022,754,Silver,08/21/2024
07023,Customer 07023,140,Bronze,01/25/2024
07024,Customer 07024,1201,Gold,10/22/2024
07025,Customer 07025,509,Silver,09/15/2024
07026,Customer 07026,337,Bronze,04/12/2024
07027,Customer 07027,1093,Gold,04/15/2024
07028,Customer 07028,1245,Gold,11/15/2024
07029,Customer 07029,856,Silver,05/18/2024
07030,Customer 07030,380,Bronze,11/15/2024
07031,Customer 07031,1380,Gold,05/13/2024
07032,Customer 07032,787,Silver,07/18/2024
07033,Customer 07033,1195,Gold,02/26/2025
07034,Customer 07034,24,Bronze,09/20/2024
07035,Customer 07035,1215,Gold,12/10/2024
07036,Customer 07036,1296,Gold,11/11/2024
07037,Customer 07037,560,Silver,02/18/2024
07038,Customer 07038,699,Silver,05/17/2024
07039,Customer 07039,347,Bronze,08/13/2024
07040,Customer 07040,1339,Gold,12/09/2024
07041,Customer 07041,891,Silver,01/24/2025
07042,Customer 07042,1455,Gold,01/26/2025
07043,Customer 07043,244,Bronze,08/29/2024
07044,Customer 07044,631,Silver,01/24/2025
07045,Customer 07045,629,Silver,10/01/2024
07046,Customer 07046,658,Silver,10/18/2024
07047,Customer 07047,12,Bronze,02/02/2025
07048,Customer 07048,408,Bronze,01/26/2025
07049,Customer 07049,1500,Gold,03/26/2024
07050,Customer 07050,1394,Gold,03/02/2024
07051,Customer 07051,787,Silver,01/08/2025
07052,Customer 07052,574,Silver,03/25/2024
07053,Customer 07053,26,Bronze,03/10/2024
07054,Customer 07054,624,Silver,07/08/2024
07055,Customer 07055,658,Silver,03/22/2024
07056,Customer 07056,440,Bronze,02/04/2025
07057,Customer 07057,1019,Gold,12/27/2024
07058,Customer 07058,220,Bronze,11/01/2024
07059,Customer 07059,202,Bronze,08/16/2024
07060,Customer 07060,1299,Gold,07/06/2024
07061,Customer 07061,1164,Gold,12/23/2024
07062,Customer 07062,758,Silver,02/17/2024
07063,Customer 07063,299,Bronze,08/16/2024
07064,Customer 07064,639,Silver,01/28/2024
07065,Customer 07065,127,Bronze,03/23/2024
07066,Customer 07066,277,Bronze,05/22/2024
07067,Customer 07067,1476,Gold,09/13/2024
07068,Customer 07068,1463,Gold,12/28/2024
07069,Customer 07069,1418,Gold,12/18/2024
07070,Customer 07070,1091,Gold,06/25/2024
07071,Customer 07071,854,Silver,12/20/2024
07072,Customer 07072,589,Silver,03/08/2024
07073,Customer 07073,1243,Gold,02/16/2025
07074,Customer 07074,185,Bronze,12/05/2024
07075,Customer 07075,972,Silver,04/27/2024
07076,Customer 07076,1165,Gold,08/23/2024
07077,Customer 07077,958,Silver,11/15/2024
07078,Customer 07078,91,Bronze,01/26/2025
07079,Customer 07079,1301,Gold,09/25/2024
07080,Customer 07080,798,Silver,04/08/2024
07081,Customer 07081,326,Bronze,04/23/2024
07082,Customer 07082,806,Silver,07/06/2024
07083,Customer 07083,522,Silver,12/21/2024
07084,Customer 07084,887,Silver,02/27/2024
07085,Customer 07085,314,Bronze,07/31/2024
07086,Customer 07086,443,Bronze,04/27/2024
07087,Customer 07087,1205,Gold,05/10/2024
07088,Customer 07088,510,Silver,04/22/2024
07089,Customer 07089,1293,Gold,02/22/2024
07090,Customer 07090,232,Bronze,01/19/2025
07091,Customer 07091,1067,Gold,01/01/2024
07092,Customer 07092,416,Bronze,11/16/2024
07093,Customer 07093,372,Bronze,08/11/2024
07094,Customer 07094,343,Bronze,07/18/2024
07095,Customer 07095,960,Silver,10/11/2024
07096,Customer 07096,137,Bronze,04/05/2024
07097,Customer 07097,767,Silver,01/13/2025
07098,Customer 07098,306,Bronze,11/14/2024
07099,Customer 07099,171,Bronze,06/22/2024
07100,Customer 07100,705,Silver,02/24/2024
07101,Customer 07101,1394,Gold,11/11/2024
07102,Customer 07102,1113,Gold,01/14/2025
07103,Customer 07103,418,Bronze,09/01/2024
07104,Customer 07104,642,Silver,03/04/2024
07105,Customer 07105,1270,Gold,06/20/2024
07106,Customer 07106,1331,Gold,02/06/2025
07107,Customer 07107,816,Silver,01/31/2024
07108,Customer 07108,1325,Gold,05/29/2024
07109,Customer 07109,1176,Gold,03/05/2024
07110,Customer 07110,1400,Gold,01/17/2025
07111,Customer 07111,861,Silver,01/26/2024
07112,Customer 07112,664,Silver,10/14/2024
07113,Customer 07113,98,Bronze,02/03/2025
07114,Customer 07114,113,Bronze,05/19/2024
07115,Customer 07115,1228,Gold,09/03/2024
07116,Customer 07116,78,Bronze,05/23/2024
07117,Customer 07117,289,Bronze,05/13/2024
07118,Customer 07118,532,Silver,01/26/2024
07119,Customer 07119,837,Silver,09/28/2024
07120,Customer 07120,595,Silver,03/05/2024
07121,Customer 07121,467,Bronze,07/09/2024
07122,Customer 07122,380,Bronze,05/30/2024
07123,Customer 07123,1064,Gold,04/13/2024
07124,Customer 07124,1450,Gold,02/28/2025
07125,Customer 07125,442,Bronze,02/16/2025
07126,Customer 07126,273,Bronze,11/04/2024
07127,Customer 07127,551,Silver,11/15/2024
07128,Customer 07128,283,Bronze,02/24/2024
07129,Customer 07129,868,Silver,10/27/2024
07130,Customer 07130,1004,Gold,02/27/2024
07131,Customer 07131,188,Bronze,12/17/2024
07132,Customer 07132,1254,Gold,05/29/2024
07133,Customer 07133,730,Silver,04/11/2024
07134,Customer 07134,1445,Gold,11/02/2024
07135,Customer 07135,314,Bronze,02/06/2024
07136,Customer 07136,518,Silver,11/05/2024
07137,Customer 07137,485,Bronze,10/19/2024
07138,Customer 07138,308,Bronze,07/24/2024
07139,Customer 07139,184,Bronze,02/12/2025
07140,Customer 07140,555,Silver,01/21/2024
07141,Customer 07141,831,Silver,03/23/2024
07142,Customer 07142,785,Silver,04/30/2024
07143,Customer 07143,116,Bronze,07/13/2024
07144,Customer 07144,594,Silver,07/03/2024
07145,Customer 07145,1393,Gold,07/03/2024
07146,Customer 07146,622,Silver,08/12/2024
07147,Customer 07147,1155,Gold,11/19/2024
07148,Customer 07148,713,Silver,06/04/2024
07149,Customer 07149,865,Silver,07/29/2024
07150,Customer 07150,106,Bronze,02/12/2024
07151,Customer 07151,984,Silver,10/15/2024
07152,Customer 07152,469,Bronze,03/27/2024
07153,Customer 07153,1112,Gold,12/05/2024
07154,Customer 07154,1246,Gold,09/30/2024
07155,Customer 07155,850,Silver,06/21/2024
07156,Customer 07156,149,Bronze,08/06/2024
07157,Customer 07157,1434,Gold,09/25/2024
07158,Customer 07158,402,Bronze,04/20/2024
07159,Customer 07159,175,Bronze,08/07/2024
07160,Customer 07160,724,Silver,01/29/2024
07161,Customer 07161,987,Silver,01/26/2024
07162,Customer 07162,1460,Gold,07/27/2024
07163,Customer 07163,1389,Gold,01/09/2025
07164,Customer 07164,174,Bronze,02/26/2024
07165,Customer 07165,422,Bronze,05/14/2024
07166,Customer 07166,1118,Gold,01/18/2024
07167,Customer 07167,982,Silver,08/13/2024
07168,Customer 07168,169,Bronze,02/02/2025
07169,Customer 07169,1107,Gold,02/06/2025
07170,Customer 07170,1468,Gold,01/03/2025
07171,Customer 07171,1458,Gold,10/08/2024
07172,Customer 07172,1155,Gold,02/22/2025
07173,Customer 07173,671,Silver,02/04/2025
07174,Customer 07174,1045,Gold,08/16/2024
07175,Customer 07175,1062,Gold,03/21/2024
07176,Customer 07176,666,Silver,06/17/2024
07177,Customer 07177,821,Silver,06/03/2024
07178,Customer 07178,621,Silver,02/08/2024
07179,Customer 07179,1477,Gold,02/28/2025
07180,Customer 07180,898,Silver,04/07/2024
07181,Customer 07181,1192,Gold,05/21/2024
07182,Customer 07182,245,Bronze,09/20/2024
07183,Customer 07183,808,Silver,09/05/2024
07184,Customer 07184,1070,Gold,06/19/2024
07185,Customer 07185,977,Silver,10/04/2024
07186,Customer 07186,191,Bronze,01/13/2024
07187,Customer 07187,744,Silver,09/04/2024
07188,Customer 07188,1005,Gold,05/20/2024
07189,Customer 07189,440,Bronze,07/12/2024
07190,Customer 07190,1353,Gold,04/25/2024
07191,Customer 07191,260,Bronze,11/12/2024
07192,Customer 07192,898,Silver,10/04/2024
07193,Customer 07193,461,Bronze,10/04/2024
07194,Customer 07194,834,Silver,06/19/2024
07195,Customer 07195,109,Bronze,12/16/2024
07196,Customer 07196,2,Bronze,03/19/2024
07197,Customer 07197,844,Silver,02/19/2025
07198,Customer 07198,1274,Gold,02/12/2025
07199,Customer 07199,1367,Gold,01/05/2024
07200,Customer 07200,1029,Gold,07/03/2024
07201,Customer 07201,358,Bronze,01/31/2024
07202,Customer 07202,635,Silver,06/02/2024
07203,Customer 07203,72,Bronze,05/14/2024
07204,Customer 07204,357,Bronze,05/15/2024
07205,Customer 07205,1007,Gold,01/13/2025
07206,Customer 07206,421,Bronze,04/16/2024
07207,Customer 07207,335,Bronze,02/14/2024
07208,Customer 07208,183,Bronze,02/01/2025
07209,Customer 07209,353,Bronze,09/17/2024
07210,Customer 07210,1440,Gold,04/14/2024
07211,Customer 07211,138,Bronze,01/24/2024
07212,Customer 07212,1027,Gold,02/06/2024
07213,Customer 07213,1412,Gold,12/23/2024
07214,Customer 07214,1182,Gold,01/17/2025
07215,Customer 07215,1430,Gold,02/06/2024
07216,Customer 07216,1402,Gold,05/28/2024
07217,Customer 07217,548,Silver,07/26/2024
07218,Customer 07218,463,Bronze,09/20/2024
07219,Customer 07219,1159,Gold,01/02/2025
07220,Customer 07220,221,Bronze,09/12/2024
07221,Customer 07221,585,Silver,11/18/2024
07222,Customer 07222,114,Bronze,11/16/2024
07223,Customer 07223,312,Bronze,10/24/2024
07224,Customer 07224,243,Bronze,10/12/2024
07225,Customer 07225,660,Silver,01/08/2024
07226,Customer 07226,142,Bronze,10/05/2024
07227,Customer 07227,390,Bronze,07/15/2024
07228,Customer 07228,397,Bronze,01/18/2024
07229,Customer 07229,164,Bronze,09/23/2024
07230,Customer 07230,839,Silver,05/18/2024
07231,Customer 07231,428,Bronze,08/14/2024
07232,Customer 07232,959,Silver,05/14/2024
07233,Customer 07233,714,Silver,11/08/2024
07234,Customer 07234,501,Silver,07/28/2024
07235,Customer 07235,1084,Gold,01/10/2025
07236,Customer 07236,830,Silver,05/21/2024
07237,Customer 07237,174,Bronze,05/09/2024
07238,Customer 07238,1050,Gold,06/19/2024
07239,Customer 07239,1323,Gold,09/14/2024
07240,Customer 07240,738,Silver,05/23/2024
07241,Customer 07241,1378,Gold,04/14/2024
07242,Customer 07242,1358,Gold,03/11/2024
07243,Customer 07243,1261,Gold,11/21/2024
07244,Customer 07244,1303,Gold,06/10/2024
07245,Customer 07245,659,Silver,05/20/2024
07246,Customer 07246,1454,Gold,09/01/2024
07247,Customer 07247,607,Silver,04/21/2024
07248,Customer 07248,971,Silver,01/21/2025
07249,Customer 07249,403,Bronze,08/21/2024
07250,Customer 07250,1409,Gold,11/17/2024
07251,Customer 07251,282,Bronze,12/04/2024
07252,Customer 07252,686,Silver,06/04/2024
07253,Customer 07253,848,Silver,02/04/2025
07254,Customer 07254,1346,Gold,09/09/2024
07255,Customer 07255,106,Bronze,03/31/2024
07256,Customer 07256,191,Bronze,12/26/2024
07257,Customer 07257,488,Bronze,07/16/2024
07258,Customer 07258,141,Bronze,01/05/2025
07259,Customer 07259,348,Bronze,12/14/2024
07260,Customer 07260,1343,Gold,04/11/2024
07261,Customer 07261,1455,Gold,06/04/2024
07262,Customer 07262,1059,Gold,12/25/2024
07263,Customer 07263,1013,Gold,02/14/2025
07264,Customer 07264,1473,Gold,05/22/2024
07265,Customer 07265,1371,Gold,08/30/2024
07266,Customer 07266,617,Silver,08/15/2024
07267,Customer 07267,1289,Gold,01/23/2024
07268,Customer 07268,1381,Gold,01/07/2025
07269,Customer 07269,705,Silver,11/19/2024
07270,Customer 07270,1143,Gold,10/02/2024
07271,Customer 07271,1467,Gold,01/07/2024
07272,Customer 07272,939,Silver,12/18/2024
07273,Customer 07273,1424,Gold,09/17/2024
07274,Customer 07274,16,Bronze,02/21/2024
07275,Customer 07275,991,Silver,01/18/2025
07276,Customer 07276,1365,Gold,06/22/2024
07277,Customer 07277,552,Silver,02/21/2025
07278,Customer 07278,970,Silver,02/06/2025
07279,Customer 07279,860,Silver,03/20/2024
07280,Customer 07280,558,Silver,11/21/2024
07281,Customer 07281,961,Silver,02/19/2025
07282,Customer 07282,542,Silver,05/07/2024
07283,Customer 07283,367,Bronze,03/27/2024
07284,Customer 07284,637,Silver,11/08/2024
07285,Customer 07285,96,Bronze,09/22/2024
07286,Customer 07286,594,Silver,12/13/2024
07287,Customer 07287,900,Silver,01/03/2024
07288,Customer 07288,301,Bronze,05/17/2024
07289,Customer 07289,634,Silver,01/02/2025
07290,Customer 07290,1489,Gold,04/25/2024
07291,Customer 07291,1261,Gold,04/13/2024
07292,Customer 07292,1112,Gold,09/29/2024
07293,Customer 07293,654,Silver,02/14/2024
07294,Customer 07294,178,Bronze,11/04/2024
07295,Customer 07295,753,Silver,08/17/2024
07296,Customer 07296,1160,Gold,06/07/2024
07297,Customer 07297,1110,Gold,11/22/2024
07298,Customer 07298,1274,Gold,12/11/2024
07299,Customer 07299,1421,Gold,02/03/2025
07300,Customer 07300,1481,Gold,05/18/2024
07301,Customer 07301,1297,Gold,03/04/2024
07302,Customer 07302,312,Bronze,09/03/2024
07303,Customer 07303,1462,Gold,04/08/2024
07304,Customer 07304,344,Bronze,01/14/2024
07305,Customer 07305,930,Silver,11/27/2024
07306,Customer 07306,906,Silver,12/23/2024
07307,Customer 07307,804,Silver,02/14/2025
07308,Customer 07308,142,Bronze,07/04/2024
07309,Customer 07309,288,Bronze,08/26/2024
07310,Customer 07310,1097,Gold,05/24/2024
07311,Customer 07311,472,Bronze,11/04/2024
07312,Customer 07312,298,Bronze,05/25/2024
07313,Customer 07313,591,Silver,01/31/2024
07314,Customer 07314,316,Bronze,04/05/2024
07315,Customer 07315,34,Bronze,08/28/2024
07316,Customer 07316,5,Bronze,09/07/2024
07317,Customer 07317,766,Silver,06/05/2024
07318,Customer 07318,539,Silver,09/15/2024
07319,Customer 07319,949,Silver,02/02/2025
07320,Customer 07320,186,Bronze,12/15/2024
07321,Customer 07321,376,Bronze,05/10/2024
07322,Customer 07322,299,Bronze,07/03/2024
07323,Customer 07323,244,Bronze,11/28/2024
07324,Customer 07324,225,Bronze,05/26/2024
07325,Customer 07325,1228,Gold,01/09/2024
07326,Customer 07326,839,Silver,02/17/2025
07327,Customer 07327,253,Bronze,07/30/2024
07328,Customer 07328,1166,Gold,02/06/2025
07329,Customer 07329,839,Silver,02/23/2024
07330,Customer 07330,1172,Gold,02/15/2025
07331,Customer 07331,877,Silver,12/03/2024
07332,Customer 07332,61,Bronze,01/12/2025
07333,Customer 07333,0,Bronze,11/23/2024
07334,Customer 07334,389,Bronze,04/24/2024
07335,Customer 07335,613,Silver,01/06/2024
07336,Customer 07336,1391,Gold,07/16/2024
07337,Customer 07337,765,Silver,03/29/2024
07338,Customer 07338,1421,Gold,09/11/2024
07339,Customer 07339,1301,Gold,03/27/2024
07340,Customer 07340,767,Silver,12/01/2024
07341,Customer 07341,1006,Gold,10/18/2024
07342,Customer 07342,1021,Gold,09/11/2024
07343,Customer 07343,885,Silver,10/02/2024
07344,Customer 07344,1383,Gold,05/15/2024
07345,Customer 07345,1498,Gold,05/30/2024
07346,Customer 07346,802,Silver,01/04/2025
07347,Customer 07347,400,Bronze,12/15/2024
07348,Customer 07348,581,Silver,04/15/2024
07349,Customer 07349,1297,Gold,01/22/2025
07350,Customer 07350,1320,Gold,01/10/2025
07351,Customer 07351,798,Silver,11/21/2024
07352,Customer 07352,316,Bronze,12/11/2024
07353,Customer 07353,734,Silver,11/28/2024
07354,Customer 07354,1165,Gold,09/05/2024
07355,Customer 07355,807,Silver,09/11/2024
07356,Customer 07356,1164,Gold,01/12/2025
07357,Customer 07357,1085,Gold,04/17/2024
07358,Customer 07358,871,Silver,08/20/2024
07359,Customer 07359,808,Silver,08/18/2024
07360,Customer 07360,4,Bronze,01/07/2024
07361,Customer 07361,474,Bronze,02/23/2024
07362,Customer 07362,979,Silver,11/30/2024
07363,Customer 07363,750,Silver,12/22/2024
07364,Customer 07364,451,Bronze,02/25/2025
07365,Customer 07365,123,Bronze,04/21/2024
07366,Customer 07366,1424,Gold,01/02/2024
07367,Customer 07367,1124,Gold,01/24/2025
07368,Customer 07368,37,Bronze,09/01/2024
07369,Customer 07369,690,Silver,05/29/2024
07370,Customer 07370,781,Silver,01/14/2025
07371,Customer 07371,445,Bronze,08/06/2024
07372,Customer 07372,778,Silver,04/26/2024
07373,Customer 07373,1499,Gold,01/19/2025
07374,Customer 07374,1193,Gold,10/16/2024
07375,Customer 07375,1374,Gold,05/14/2024
07376,Customer 07376,749,Silver,09/23/2024
07377,Customer 07377,1005,Gold,05/27/2024
07378,Customer 07378,464,Bronze,02/04/2024
07379,Customer 07379,354,Bronze,10/21/2024
07380,Customer 07380,1284,Gold,02/28/2025
07381,Customer 07381,123,Bronze,02/10/2025
07382,Customer 07382,495,Bronze,08/21/2024
07383,Customer 07383,339,Bronze,12/31/2024
07384,Customer 07384,561,Silver,09/27/2024
07385,Customer 07385,90,Bronze,12/01/2024
07386,Customer 07386,1001,Gold,02/27/2024
07387,Customer 07387,334,Bronze,12/04/2024
07388,Customer 07388,1309,Gold,08/01/2024
07389,Customer 07389,1102,Gold,09/02/2024
07390,Customer 07390,1197,Gold,06/25/2024
07391,Customer 07391,50,Bronze,09/24/2024
07392,Customer 07392,242,Bronze,10/29/2024
07393,Customer 07393,1334,Gold,02/16/2025
07394,Customer 07394,857,Silver,06/14/2024
07395,Customer 07395,1105,Gold,12/24/2024
07396,Customer 07396,1155,Gold,09/24/2024
07397,Customer 07397,287,Bronze,10/08/2024
07398,Customer 07398,1373,Gold,08/27/2024
07399,Customer 07399,785,Silver,05/24/2024
07400,Customer 07400,338,Bronze,12/28/2024
07401,Customer 07401,42,Bronze,02/21/2024
07402,Customer 07402,806,Silver,10/03/2024
07403,Customer 07403,95,Bronze,09/02/2024
07404,Customer 07404,23,Bronze,05/14/2024
07405,Customer 07405,573,Silver,02/04/2024
07406,Customer 07406,340,Bronze,01/21/2025
07407,Customer 07407,1472,Gold,01/07/2024
07408,Customer 07408,1319,Gold,03/26/2024
07409,Customer 07409,731,Silver,08/23/2024
07410,Customer 07410,657,Silver,06/03/2024
07411,Customer 07411,639,Silver,01/28/2025
07412,Customer 07412,17,Bronze,02/11/2025
07413,Customer 07413,779,Silver,11/14/2024
07414,Customer 07414,149,Bronze,06/18/2024
07415,Customer 07415,1496,Gold,07/28/2024
07416,Customer 07416,569,Silver,04/23/2024
07417,Customer 07417,392,Bronze,06/03/2024
07418,Customer 07418,1468,Gold,09/22/2024
07419,Customer 07419,931,Silver,08/19/2024
07420,Customer 07420,1137,Gold,06/22/2024
07421,Customer 07421,1025,Gold,01/17/2024
07422,Customer 07422,984,Silver,03/26/2024
07423,Customer 07423,200,Bronze,07/03/2024
07424,Customer 07424,357,Bronze,10/20/2024
07425,Customer 07425,324,Bronze,04/15/2024
07426,Customer 07426,1257,Gold,01/20/2024
07427,Customer 07427,195,Bronze,09/28/2024
07428,Customer 07428,1028,Gold,08/03/2024
07429,Customer 07429,1129,Gold,10/08/2024
07430,Customer 07430,621,Silver,09/13/2024
07431,Customer 07431,863,Silver,07/26/2024
07432,Customer 07432,508,Silver,02/26/2024
07433,Customer 07433,771,Silver,11/14/2024
07434,Customer 07434,802,Silver,06/10/2024
07435,Customer 07435,1018,Gold,03/13/2024
07436,Customer 07436,515,Silver,11/04/2024
07437,Customer 07437,1211,Gold,04/29/2024
07438,Customer 07438,617,Silver,05/13/2024
07439,Customer 07439,1399,Gold,01/28/2024
07440,Customer 07440,643,Silver,09/04/2024
07441,Customer 07441,130,Bronze,06/12/2024
07442,Customer 07442,787,Silver,09/11/2024
07443,Customer 07443,1,Bronze,08/10/2024
07444,Customer 07444,122,Bronze,09/28/2024
07445,Customer 07445,131,Bronze,12/04/2024
07446,Customer 07446,1261,Gold,08/02/2024
07447,Customer 07447,1038,Gold,04/16/2024
07448,Customer 07448,1466,Gold,11/04/2024
07449,Customer 07449,209,Bronze,04/12/2024
07450,Customer 07450,794,Silver,04/26/2024
07451,Customer 07451,800,Silver,12/10/2024
07452,Customer 07452,1209,Gold,07/07/2024
07453,Customer 07453,176,Bronze,12/31/2024
07454,Customer 07454,258,Bronze,12/01/2024
07455,Customer 07455,1090,Gold,04/16/2024
07456,Customer 07456,1331,Gold,08/24/2024
07457,Customer 07457,390,Bronze,12/18/2024
07458,Customer 07458,888,Silver,07/20/2024
07459,Customer 07459,1091,Gold,01/13/2025
07460,Customer 07460,273,Bronze,05/02/2024
07461,Customer 07461,1010,Gold,01/21/2025
07462,Customer 07462,897,Silver,05/20/2024
07463,Customer 07463,335,Bronze,08/29/2024
07464,Customer 07464,778,Silver,01/26/2024
07465,Customer 07465,1176,Gold,08/04/2024
07466,Customer 07466,221,Bronze,12/13/2024
07467,Customer 07467,949,Silver,03/23/2024
07468,Customer 07468,562,Silver,01/18/2024
07469,Customer 07469,465,Bronze,12/26/2024
07470,Customer 07470,188,Bronze,01/06/2024
07471,Customer 07471,907,Silver,07/12/2024
07472,Customer 07472,1409,Gold,03/03/2024
07473,Customer 07473,929,Silver,09/08/2024
07474,Customer 07474,579,Silver,10/11/2024
07475,Customer 07475,529,Silver,01/19/2024
07476,Customer 07476,1465,Gold,01/26/2024
07477,Customer 07477,627,Silver,03/23/2024
07478,Customer 07478,366,Bronze,01/18/2024
07479,Customer 07479,419,Bronze,02/09/2025
07480,Customer 07480,93,Bronze,01/09/2024
07481,Customer 07481,1466,Gold,02/29/2024
07482,Customer 07482,1378,Gold,02/08/2024
07483,Customer 07483,1130,Gold,06/21/2024
07484,Customer 07484,439,Bronze,11/18/2024
07485,Customer 07485,392,Bronze,05/26/2024
07486,Customer 07486,404,Bronze,01/20/2025
07487,Customer 07487,1082,Gold,11/30/2024
07488,Customer 07488,1420,Gold,04/24/2024
07489,Customer 07489,1332,Gold,09/09/2024
07490,Customer 07490,889,Silver,12/04/2024
07491,Customer 07491,739,Silver,09/21/2024
07492,Customer 07492,35,Bronze,12/28/2024
07493,Customer 07493,1379,Gold,11/21/2024
07494,Customer 07494,1271,Gold,12/15/2024
07495,Customer 07495,495,Bronze,06/23/2024
07496,Customer 07496,435,Bronze,04/09/2024
07497,Customer 07497,713,Silver,07/06/2024
07498,Customer 07498,1185,Gold,07/23/2024
07499,Customer 07499,203,Bronze,03/29/2024
07500,Customer 07500,1330,Gold,04/23/2024
07501,Customer 07501,131,Bronze,11/23/2024
07502,Customer 07502,1283,Gold,06/28/2024
07503,Customer 07503,68,Bronze,03/17/2024
07504,Customer 07504,256,Bronze,11/23/2024
07505,Customer 07505,423,Bronze,01/23/2025
07506,Customer 07506,1027,Gold,08/01/2024
07507,Customer 07507,611,Silver,04/10/2024
07508,Customer 07508,1335,Gold,05/23/2024
07509,Customer 07509,705,Silver,03/11/2024
07510,Customer 07510,723,Silver,12/10/2024
07511,Customer 07511,133,Bronze,05/02/2024
07512,Customer 07512,1227,Gold,12/18/2024
07513,Customer 07513,364,Bronze,05/13/2024
07514,Customer 07514,188,Bronze,04/07/2024
07515,Customer 07515,468,Bronze,03/30/2024
07516,Customer 07516,891,Silver,11/16/2024
07517,Customer 07517,306,Bronze,04/11/2024
07518,Customer 07518,819,Silver,01/03/2025
07519,Customer 07519,959,Silver,08/16/2024
07520,Customer 07520,210,Bronze,05/28/2024
07521,Customer 07521,805,Silver,01/30/2025
07522,Customer 07522,371,Bronze,11/16/2024
07523,Customer 07523,480,Bronze,05/09/2024
07524,Customer 07524,254,Bronze,10/27/2024
07525,Customer 07525,1366,Gold,02/05/2024
07526,Customer 07526,1141,Gold,02/05/2024
07527,Customer 07527,869,Silver,01/12/2024
07528,Customer 07528,616,Silver,10/18/2024
07529,Customer 07529,1138,Gold,06/22/2024
07530,Customer 07530,1271,Gold,11/20/2024
07531,Customer 07531,317,Bronze,01/22/2025
07532,Customer 07532,149,Bronze,09/05/2024
07533,Customer 07533,420,Bronze,04/15/2024
07534,Customer 07534,142,Bronze,01/13/2025
07535,Customer 07535,336,Bronze,05/29/2024
07536,Customer 07536,736,Silver,06/05/2024
07537,Customer 07537,1302,Gold,12/25/2024
07538,Customer 07538,221,Bronze,06/18/2024
07539,Customer 07539,403,Bronze,09/08/2024
07540,Customer 07540,381,Bronze,02/02/2024
07541,Customer 07541,1070,Gold,01/18/2025
07542,Customer 07542,136,Bronze,05/31/2024
07543,Customer 07543,949,Silver,01/22/2024
07544,Customer 07544,991,Silver,04/24/2024
07545,Customer 07545,184,Bronze,11/26/2024
07546,Customer 07546,1465,Gold,01/22/2024
07547,Customer 07547,503,Silver,10/12/2024
07548,Customer 07548,1447,Gold,05/30/2024
07549,Customer 07549,893,Silver,02/27/2025
07550,Customer 07550,1036,Gold,01/31/2025
07551,Customer 07551,747,Silver,04/25/2024
07552,Customer 07552,187,Bronze,08/03/2024
07553,Customer 07553,1270,Gold,10/26/2024
07554,Customer 07554,1480,Gold,06/19/2024
07555,Customer 07555,1313,Gold,11/30/2024
07556,Customer 07556,946,Silver,03/27/2024
07557,Customer 07557,1251,Gold,10/03/2024
07558,Customer 07558,1339,Gold,09/27/2024
07559,Customer 07559,312,Bronze,12/06/2024
07560,Customer 07560,1291,Gold,01/03/2024
07561,Customer 07561,446,Bronze,11/09/2024
07562,Customer 07562,256,Bronze,11/22/2024
07563,Customer 07563,316,Bronze,03/07/2024
07564,Customer 07564,717,Silver,12/21/2024
07565,Customer 07565,586,Silver,03/09/2024
07566,Customer 07566,605,Silver,11/04/2024
07567,Customer 07567,1448,Gold,03/25/2024
07568,Customer 07568,366,Bronze,04/16/2024
07569,Customer 07569,38,Bronze,11/22/2024
07570,Customer 07570,363,Bronze,03/08/2024
07571,Customer 07571,1432,Gold,09/26/2024
07572,Customer 07572,793,Silver,10/10/2024
07573,Customer 07573,1215,Gold,07/20/2024
07574,Customer 07574,197,Bronze,04/14/2024
07575,Customer 07575,88,Bronze,09/30/2024
07576,Customer 07576,1314,Gold,08/04/2024
07577,Customer 07577,912,Silver,01/08/2024
07578,Customer 07578,1487,Gold,02/23/2024
07579,Customer 07579,461,Bronze,05/02/2024
07580,Customer 07580,1322,Gold,10/20/2024
07581,Customer 07581,286,Bronze,02/29/2024
07582,Customer 07582,87,Bronze,12/14/2024
07583,Customer 07583,1272,Gold,05/12/2024
07584,Customer 07584,1292,Gold,08/04/2024
07585,Customer 07585,491,Bronze,03/18/2024
07586,Customer 07586,282,Bronze,11/15/2024
07587,Customer 07587,1488,Gold,09/24/2024
07588,Customer 07588,1385,Gold,01/04/2025
07589,Customer 07589,1100,Gold,11/11/2024
07590,Customer 07590,1240,Gold,11/14/2024
07591,Customer 07591,1163,Gold,02/11/2024
07592,Customer 07592,775,Silver,09/24/2024
07593,Customer 07593,102,Bronze,08/17/2024
07594,Customer 07594,779,Silver,01/18/2024
07595,Customer 07595,484,Bronze,07/15/2024
07596,Customer 07596,1272,Gold,11/29/2024
07597,Customer 07597,715,Silver,07/09/2024
07598,Customer 07598,873,Silver,06/25/2024
07599,Customer 07599,1150,Gold,06/06/2024
07600,Customer 07600,482,Bronze,11/16/2024
07601,Customer 07601,1158,Gold,08/10/2024
07602,Customer 07602,1455,Gold,01/26/2024
07603,Customer 07603,449,Bronze,02/14/2024
07604,Customer 07604,1352,Gold,02/23/2025
07605,Customer 07605,418,Bronze,11/14/2024
07606,Customer 07606,372,Bronze,06/04/2024
07607,Customer 07607,1148,Gold,11/13/2024
07608,Customer 07608,45,Bronze,05/06/2024
07609,Customer 07609,1289,Gold,01/03/2024
07610,Customer 07610,647,Silver,09/17/2024
07611,Customer 07611,287,Bronze,02/19/2025
07612,Customer 07612,784,Silver,12/28/2024
07613,Customer 07613,214,Bronze,06/17/2024
07614,Customer 07614,274,Bronze,06/26/2024
07615,Customer 07615,676,Silver,10/17/2024
07616,Customer 07616,552,Silver,05/04/2024
07617,Customer 07617,701,Silver,01/31/2025
07618,Customer 07618,494,Bronze,03/18/2024
07619,Customer 07619,1366,Gold,01/26/2025
07620,Customer 07620,1186,Gold,07/10/2024
07621,Customer 07621,279,Bronze,05/09/2024
07622,Customer 07622,245,Bronze,09/06/2024
07623,Customer 07623,396,Bronze,06/27/2024
07624,Customer 07624,1237,Gold,12/20/2024
07625,Customer 07625,179,Bronze,06/29/2024
07626,Customer 07626,1032,Gold,10/27/2024
07627,Customer 07627,557,Silver,02/29/2024
07628,Customer 07628,732,Silver,01/01/2025
07629,Customer 07629,1137,Gold,10/15/2024
07630,Customer 07630,786,Silver,10/04/2024
07631,Customer 07631,449,Bronze,04/08/2024
07632,Customer 07632,24,Bronze,10/15/2024
07633,Customer 07633,35,Bronze,10/05/2024
07634,Customer 07634,226,Bronze,03/29/2024
07635,Customer 07635,1289,Gold,12/16/2024
07636,Customer 07636,804,Silver,08/23/2024
07637,Customer 07637,978,Silver,10/13/2024
07638,Customer 07638,453,Bronze,01/21/2025
07639,Customer 07639,656,Silver,05/01/2024
07640,Customer 07640,807,Silver,03/22/2024
07641,Customer 07641,270,Bronze,12/25/2024
07642,Customer 07642,213,Bronze,03/27/2024
07643,Customer 07643,934,Silver,12/25/2024
07644,Customer 07644,796,Silver,01/17/2025
07645,Customer 07645,417,Bronze,02/18/2025
07646,Customer 07646,1270,Gold,01/18/2025
07647,Customer 07647,1473,Gold,03/10/2024
07648,Customer 07648,198,Bronze,11/17/2024
07649,Customer 07649,145,Bronze,08/11/2024
07650,Customer 07650,99,Bronze,01/03/2025
07651,Customer 07651,675,Silver,05/27/2024
07652,Customer 07652,737,Silver,04/26/2024
07653,Customer 07653,1402,Gold,02/23/2025
07654,Customer 07654,1279,Gold,11/09/2024
07655,Customer 07655,318,Bronze,07/31/2024
07656,Customer 07656,1450,Gold,09/12/2024
07657,Customer 07657,521,Silver,01/20/2025
07658,Customer 07658,883,Silver,10/27/2024
07659,Customer 07659,373,Bronze,02/02/2024
07660,Customer 07660,850,Silver,09/12/2024
07661,Customer 07661,811,Silver,09/01/2024
07662,Customer 07662,500,Silver,07/13/2024
07663,Customer 07663,983,Silver,05/09/2024
07664,Customer 07664,339,Bronze,07/25/2024
07665,Customer 07665,554,Silver,12/04/2024
07666,Customer 07666,85,Bronze,03/25/2024
07667,Customer 07667,831,Silver,11/18/2024
07668,Customer 07668,538,Silver,08/22/2024
07669,Customer 07669,867,Silver,08/21/2024
07670,Customer 07670,1113,Gold,02/17/2024
07671,Customer 07671,1465,Gold,03/04/2024
07672,Customer 07672,1312,Gold,08/23/2024
07673,Customer 07673,162,Bronze,08/16/2024
07674,Customer 07674,28,Bronze,10/12/2024
07675,Customer 07675,851,Silver,12/22/2024
07676,Customer 07676,1455,Gold,12/08/2024
07677,Customer 07677,1358,Gold,06/16/2024
07678,Customer 07678,788,Silver,11/14/2024
07679,Customer 07679,963,Silver,01/02/2024
07680,Customer 07680,579,Silver,09/26/2024
07681,Customer 07681,1304,Gold,01/04/2025
07682,Customer 07682,339,Bronze,07/24/2024
07683,Customer 07683,1109,Gold,08/26/2024
07684,Customer 07684,537,Silver,04/08/2024
07685,Customer 07685,549,Silver,12/24/2024
07686,Customer 07686,1400,Gold,03/16/2024
07687,Customer 07687,1473,Gold,09/14/2024
07688,Customer 07688,915,Silver,02/24/2024
07689,Customer 07689,982,Silver,06/09/2024
07690,Customer 07690,1217,Gold,12/20/2024
07691,Customer 07691,1069,Gold,08/11/2024
07692,Customer 07692,417,Bronze,02/27/2025
07693,Customer 07693,227,Bronze,12/15/2024
07694,Customer 07694,881,Silver,01/31/2025
07695,Customer 07695,1197,Gold,08/01/2024
07696,Customer 07696,1364,Gold,03/26/2024
07697,Customer 07697,103,Bronze,04/08/2024
07698,Customer 07698,285,Bronze,05/04/2024
07699,Customer 07699,827,Silver,11/05/2024
07700,Customer 07700,1135,Gold,06/16/2024
07701,Customer 07701,517,Silver,09/30/2024
07702,Customer 07702,5,Bronze,09/10/2024
07703,Customer 07703,287,Bronze,07/16/2024
07704,Customer 07704,840,Silver,04/10/2024
07705,Customer 07705,1035,Gold,03/19/2024
07706,Customer 07706,354,Bronze,06/26/2024
07707,Customer 07707,928,Silver,04/17/2024
07708,Customer 07708,856,Silver,04/02/2024
07709,Customer 07709,614,Silver,10/09/2024
07710,Customer 07710,520,Silver,06/10/2024
07711,Customer 07711,15,Bronze,02/04/2024
07712,Customer 07712,778,Silver,07/24/2024
07713,Customer 07713,280,Bronze,04/12/2024
07714,Customer 07714,451,Bronze,01/25/2024
07715,Customer 07715,757,Silver,01/05/2025
07716,Customer 07716,1323,Gold,06/26/2024
07717,Customer 07717,341,Bronze,06/03/2024
07718,Customer 07718,1000,Gold,12/16/2024
07719,Customer 07719,1346,Gold,05/29/2024
07720,Customer 07720,379,Bronze,04/24/2024
07721,Customer 07721,715,Silver,07/30/2024
07722,Customer 07722,239,Bronze,04/14/2024
07723,Customer 07723,1123,Gold,12/29/2024
07724,Customer 07724,1146,Gold,01/08/2025
07725,Customer 07725,831,Silver,09/13/2024
07726,Customer 07726,140,Bronze,11/22/2024
07727,Customer 07727,1261,Gold,01/28/2024
07728,Customer 07728,1272,Gold,06/17/2024
07729,Customer 07729,864,Silver,10/13/2024
07730,Customer 07730,762,Silver,02/18/2024
07731,Customer 07731,233,Bronze,02/15/2025
07732,Customer 07732,857,Silver,02/08/2025
07733,Customer 07733,328,Bronze,02/05/2024
07734,Customer 07734,1384,Gold,03/11/2024
07735,Customer 07735,390,Bronze,03/26/2024
07736,Customer 07736,438,Bronze,01/17/2024
07737,Customer 07737,659,Silver,04/19/2024
07738,Customer 07738,189,Bronze,01/05/2024
07739,Customer 07739,1223,Gold,06/24/2024
07740,Customer 07740,1364,Gold,04/08/2024
07741,Customer 07741,682,Silver,08/20/2024
07742,Customer 07742,130,Bronze,01/14/2024
07743,Customer 07743,995,Silver,11/10/2024
07744,Customer 07744,971,Silver,03/16/2024
07745,Customer 07745,564,Silver,01/12/2025
07746,Customer 07746,983,Silver,02/11/2024
07747,Customer 07747,997,Silver,11/24/2024
07748,Customer 07748,1243,Gold,09/25/2024
07749,Customer 07749,348,Bronze,10/21/2024
07750,Customer 07750,1465,Gold,02/13/2024
07751,Customer 07751,178,Bronze,02/26/2025
07752,Customer 07752,147,Bronze,02/09/2024
07753,Customer 07753,381,Bronze,01/01/2024
07754,Customer 07754,1118,Gold,04/23/2024
07755,Customer 07755,1362,Gold,12/25/2024
07756,Customer 07756,336,Bronze,02/23/2024
07757,Customer 07757,1139,Gold,04/11/2024
07758,Customer 07758,952,Silver,12/02/2024
07759,Customer 07759,1073,Gold,01/24/2024
07760,Customer 07760,1030,Gold,02/17/2024
07761,Customer 07761,942,Silver,07/02/2024
07762,Customer 07762,1309,Gold,03/10/2024
07763,Customer 07763,417,Bronze,04/27/2024
07764,Customer 07764,688,Silver,12/28/2024
07765,Customer 07765,1151,Gold,11/10/2024
07766,Customer 07766,1346,Gold,02/14/2025
07767,Customer 07767,774,Silver,04/03/2024
07768,Customer 07768,581,Silver,01/30/2024
07769,Customer 07769,1495,Gold,12/22/2024
07770,Customer 07770,1318,Gold,12/27/2024
07771,Customer 07771,459,Bronze,12/22/2024
07772,Customer 07772,1059,Gold,02/28/2025
07773,Customer 07773,494,Bronze,06/17/2024
07774,Customer 07774,1452,Gold,05/13/2024
07775,Customer 07775,1263,Gold,02/24/2025
07776,Customer 07776,895,Silver,05/31/2024
07777,Customer 07777,264,Bronze,10/02/2024
07778,Customer 07778,319,Bronze,06/20/2024
07779,Customer 07779,730,Silver,09/29/2024
07780,Customer 07780,1142,Gold,03/17/2024
07781,Customer 07781,855,Silver,10/04/2024
07782,Customer 07782,285,Bronze,02/12/2025
07783,Customer 07783,860,Silver,06/25/2024
07784,Customer 07784,863,Silver,11/10/2024
07785,Customer 07785,1257,Gold,04/14/2024
07786,Customer 07786,1034,Gold,11/20/2024
07787,Customer 07787,39,Bronze,02/21/2025
07788,Customer 07788,1201,Gold,02/28/2025
07789,Customer 07789,245,Bronze,06/12/2024
07790,Customer 07790,1356,Gold,01/07/2024
07791,Customer 07791,1313,Gold,07/10/2024
07792,Customer 07792,989,Silver,08/02/2024
07793,Customer 07793,48,Bronze,01/29/2024
07794,Customer 07794,1062,Gold,04/30/2024
07795,Customer 07795,201,Bronze,01/23/2025
07796,Customer 07796,1441,Gold,10/18/2024
07797,Customer 07797,1131,Gold,06/15/2024
07798,Customer 07798,1100,Gold,02/23/2025
07799,Customer 07799,319,Bronze,10/17/2024
07800,Customer 07800,1282,Gold,02/16/2025
07801,Customer 07801,744,Silver,04/06/2024
07802,Customer 07802,944,Silver,05/04/2024
07803,Customer 07803,479,Bronze,10/12/2024
07804,Customer 07804,239,Bronze,10/03/2024
07805,Customer 07805,509,Silver,03/12/2024
07806,Customer 07806,1081,Gold,12/04/2024
07807,Customer 07807,44,Bronze,07/12/2024
07808,Customer 07808,1199,Gold,03/13/2024
07809,Customer 07809,580,Silver,09/02/2024
07810,Customer 07810,44,Bronze,03/27/2024
07811,Customer 07811,92,Bronze,02/26/2025
07812,Customer 07812,384,Bronze,08/02/2024
07813,Customer 07813,480,Bronze,02/05/2025
07814,Customer 07814,16,Bronze,07/26/2024
07815,Customer 07815,1078,Gold,01/05/2024
07816,Customer 07816,222,Bronze,06/10/2024
07817,Customer 07817,1394,Gold,03/25/2024
07818,Customer 07818,363,Bronze,08/17/2024
07819,Customer 07819,535,Silver,04/25/2024
07820,Customer 07820,138,Bronze,08/22/2024
07821,Customer 07821,361,Bronze,04/12/2024
07822,Customer 07822,1484,Gold,02/09/2025
07823,Customer 07823,856,Silver,12/02/2024
07824,Customer 07824,179,Bronze,10/17/2024
07825,Customer 07825,178,Bronze,04/03/2024
07826,Customer 07826,1154,Gold,10/25/2024
07827,Customer 07827,168,Bronze,01/21/2024
07828,Customer 07828,899,Silver,07/09/2024
07829,Customer 07829,178,Bronze,03/03/2024
07830,Customer 07830,61,Bronze,02/29/2024
07831,Customer 07831,1261,Gold,05/07/2024
07832,Customer 07832,882,Silver,01/19/2024
07833,Customer 07833,909,Silver,02/23/2024
07834,Customer 07834,21,Bronze,09/04/2024
07835,Customer 07835,827,Silver,02/06/2025
07836,Customer 07836,413,Bronze,07/25/2024
07837,Customer 07837,1230,Gold,03/23/2024
07838,Customer 07838,447,Bronze,01/25/2024
07839,Customer 07839,915,Silver,05/23/2024
07840,Customer 07840,397,Bronze,02/24/2024
07841,Customer 07841,1214,Gold,11/11/2024
07842,Customer 07842,728,Silver,02/18/2024
07843,Customer 07843,960,Silver,11/13/2024
07844,Customer 07844,651,Silver,05/04/2024
07845,Customer 07845,1442,Gold,01/04/2025
07846,Customer 07846,467,Bronze,12/24/2024
07847,Customer 07847,527,Silver,12/01/2024
07848,Customer 07848,347,Bronze,05/25/2024
07849,Customer 07849,261,Bronze,06/08/2024
07850,Customer 07850,1390,Gold,07/28/2024
07851,Customer 07851,1386,Gold,02/21/2024
07852,Customer 07852,609,Silver,01/11/2024
07853,Customer 07853,730,Silver,02/11/2025
07854,Customer 07854,790,Silver,02/10/2024
07855,Customer 07855,65,Bronze,12/18/2024
07856,Customer 07856,499,Bronze,09/27/2024
07857,Customer 07857,1359,Gold,02/09/2025
07858,Customer 07858,310,Bronze,12/20/2024
07859,Customer 07859,1155,Gold,02/08/2024
07860,Customer 07860,966,Silver,04/10/2024
07861,Customer 07861,827,Silver,06/09/2024
07862,Customer 07862,700,Silver,12/20/2024
07863,Customer 07863,649,Silver,12/30/2024
07864,Customer 07864,1301,Gold,04/16/2024
07865,Customer 07865,898,Silver,07/05/2024
07866,Customer 07866,339,Bronze,05/05/2024
07867,Customer 07867,303,Bronze,11/21/2024
07868,Customer 07868,941,Silver,01/12/2024
07869,Customer 07869,268,Bronze,09/17/2024
07870,Customer 07870,1296,Gold,07/26/2024
07871,Customer 07871,1311,Gold,01/29/2025
07872,Customer 07872,796,Silver,10/27/2024
07873,Customer 07873,1237,Gold,08/17/2024
07874,Customer 07874,483,Bronze,01/23/2024
07875,Customer 07875,80,Bronze,01/23/2025
07876,Customer 07876,1057,Gold,01/01/2024
07877,Customer 07877,435,Bronze,07/14/2024
07878,Customer 07878,1313,Gold,02/10/2024
07879,Customer 07879,171,Bronze,08/12/2024
07880,Customer 07880,191,Bronze,02/25/2025
07881,Customer 07881,52,Bronze,12/31/2024
07882,Customer 07882,129,Bronze,03/12/2024
07883,Customer 07883,578,Silver,11/19/2024
07884,Customer 07884,1344,Gold,05/26/2024
07885,Customer 07885,588,Silver,05/26/2024
07886,Customer 07886,267,Bronze,04/13/2024
07887,Customer 07887,978,Silver,02/05/2024
07888,Customer 07888,1278,Gold,03/15/2024
07889,Customer 07889,65,Bronze,07/08/2024
07890,Customer 07890,842,Silver,02/07/2024
07891,Customer 07891,1148,Gold,10/11/2024
07892,Customer 07892,1442,Gold,01/10/2024
07893,Customer 07893,700,Silver,11/12/2024
07894,Customer 07894,27,Bronze,10/11/2024
07895,Customer 07895,241,Bronze,05/19/2024
07896,Customer 07896,915,Silver,02/16/2025
07897,Customer 07897,1405,Gold,06/24/2024
07898,Customer 07898,238,Bronze,03/21/2024
07899,Customer 07899,1000,Gold,12/26/2024
07900,Customer 07900,772,Silver,09/17/2024
07901,Customer 07901,354,Bronze,01/18/2025
07902,Customer 07902,969,Silver,07/01/2024
07903,Customer 07903,154,Bronze,06/25/2024
07904,Customer 07904,861,Silver,06/28/2024
07905,Customer 07905,663,Silver,02/13/2025
07906,Customer 07906,348,Bronze,02/06/2024
07907,Customer 07907,971,Silver,06/12/2024
07908,Customer 07908,130,Bronze,10/11/2024
07909,Customer 07909,681,Silver,06/08/2024
07910,Customer 07910,774,Silver,04/02/2024
07911,Customer 07911,549,Silver,08/04/2024
07912,Customer 07912,1024,Gold,02/14/2025
07913,Customer 07913,1102,Gold,11/03/2024
07914,Customer 07914,1209,Gold,02/10/2024
07915,Customer 07915,1480,Gold,06/25/2024
07916,Customer 07916,75,Bronze,02/17/2025
07917,Customer 07917,807,Silver,06/01/2024
07918,Customer 07918,73,Bronze,09/17/2024
07919,Customer 07919,628,Silver,02/19/2024
07920,Customer 07920,437,Bronze,10/04/2024
07921,Customer 07921,1432,Gold,01/20/2024
07922,Customer 07922,624,Silver,12/21/2024
07923,Customer 07923,490,Bronze,01/31/2025
07924,Customer 07924,404,Bronze,09/08/2024
07925,Customer 07925,1192,Gold,07/22/2024
07926,Customer 07926,815,Silver,02/23/2025
07927,Customer 07927,578,Silver,08/06/2024
07928,Customer 07928,967,Silver,02/23/2025
07929,Customer 07929,941,Silver,10/11/2024
07930,Customer 07930,1447,Gold,01/07/2024
07931,Customer 07931,225,Bronze,04/21/2024
07932,Customer 07932,417,Bronze,08/04/2024
07933,Customer 07933,350,Bronze,09/17/2024
07934,Customer 07934,346,Bronze,08/25/2024
07935,Customer 07935,689,Silver,08/27/2024
07936,Customer 07936,20,Bronze,04/27/2024
07937,Customer 07937,1052,Gold,05/13/2024
07938,Customer 07938,712,Silver,02/20/2025
07939,Customer 07939,1313,Gold,10/17/2024
07940,Customer 07940,521,Silver,09/11/2024
07941,Customer 07941,944,Silver,05/29/2024
07942,Customer 07942,114,Bronze,01/20/2024
07943,Customer 07943,1407,Gold,12/24/2024
07944,Customer 07944,547,Silver,07/01/2024
07945,Customer 07945,1170,Gold,12/21/2024
07946,Customer 07946,752,Silver,02/14/2024
07947,Customer 07947,945,Silver,01/28/2024
07948,Customer 07948,800,Silver,08/24/2024
07949,Customer 07949,204,Bronze,09/23/2024
07950,Customer 07950,520,Silver,11/11/2024
07951,Customer 07951,151,Bronze,05/19/2024
07952,Customer 07952,1103,Gold,12/07/2024
07953,Customer 07953,1411,Gold,02/05/2025
07954,Customer 07954,515,Silver,03/04/2024
07955,Customer 07955,1158,Gold,09/04/2024
07956,Customer 07956,1336,Gold,08/13/2024
07957,Customer 07957,864,Silver,06/25/2024
07958,Customer 07958,1433,Gold,09/17/2024
07959,Customer 07959,1162,Gold,02/28/2025
07960,Customer 07960,978,Silver,06/12/2024
07961,Customer 07961,1331,Gold,01/31/2025
07962,Customer 07962,1048,Gold,06/22/2024
07963,Customer 07963,1034,Gold,01/06/2025
07964,Customer 07964,900,Silver,05/27/2024
07965,Customer 07965,1035,Gold,03/12/2024
07966,Customer 07966,1092,Gold,04/24/2024
07967,Customer 07967,35,Bronze,12/02/2024
07968,Customer 07968,901,Silver,10/09/2024
07969,Customer 07969,800,Silver,05/15/2024
07970,Customer 07970,1187,Gold,01/08/2024
07971,Customer 07971,1288,Gold,05/23/2024
07972,Customer 07972,783,Silver,02/23/2024
07973,Customer 07973,1152,Gold,06/03/2024
07974,Customer 07974,95,Bronze,07/23/2024
07975,Customer 07975,639,Silver,05/03/2024
07976,Customer 07976,386,Bronze,10/09/2024
07977,Customer 07977,1233,Gold,05/07/2024
07978,Customer 07978,342,Bronze,06/04/2024
07979,Customer 07979,408,Bronze,06/18/2024
07980,Customer 07980,1257,Gold,10/11/2024
07981,Customer 07981,707,Silver,08/20/2024
07982,Customer 07982,751,Silver,11/14/2024
07983,Customer 07983,893,Silver,02/25/2024
07984,Customer 07984,695,Silver,12/26/2024
07985,Customer 07985,987,Silver,09/13/2024
07986,Customer 07986,891,Silver,09/16/2024
07987,Customer 07987,575,Silver,01/31/2024
07988,Customer 07988,734,Silver,09/11/2024
07989,Customer 07989,1004,Gold,02/06/2024
07990,Customer 07990,127,Bronze,12/25/2024
07991,Customer 07991,25,Bronze,09/26/2024
07992,Customer 07992,937,Silver,12/23/2024
07993,Customer 07993,500,Silver,05/15/2024
07994,Customer 07994,904,Silver,07/21/2024
07995,Customer 07995,770,Silver,12/04/2024
07996,Customer 07996,1390,Gold,01/01/2024
07997,Customer 07997,193,Bronze,08/16/2024
07998,Customer 07998,278,Bronze,08/21/2024
07999,Customer 07999,832,Silver,03/26/2024
08000,Customer 08000,932,Silver,03/06/2024
08001,Customer 08001,1,Bronze,12/15/2024
08002,Customer 08002,671,Silver,08/01/2024
08003,Customer 08003,627,Silver,07/23/2024
08004,Customer 08004,254,Bronze,02/20/2025
08005,Customer 08005,987,Silver,05/27/2024
08006,Customer 08006,1035,Gold,04/11/2024
08007,Customer 08007,251,Bronze,01/19/2024
08008,Customer 08008,242,Bronze,05/13/2024
08009,Customer 08009,999,Silver,08/21/2024
08010,Customer 08010,535,Silver,01/10/2025
08011,Customer 08011,1162,Gold,01/17/2025
08012,Customer 08012,1290,Gold,10/22/2024
08013,Customer 08013,632,Silver,05/01/2024
08014,Customer 08014,852,Silver,03/08/2024
08015,Customer 08015,963,Silver,08/08/2024
08016,Customer 08016,1258,Gold,03/30/2024
08017,Customer 08017,1471,Gold,01/10/2025
08018,Customer 08018,1149,Gold,12/07/2024
08019,Customer 08019,456,Bronze,12/20/2024
08020,Customer 08020,187,Bronze,11/12/2024
08021,Customer 08021,390,Bronze,11/29/2024
08022,Customer 08022,1234,Gold,08/25/2024
08023,Customer 08023,607,Silver,02/08/2024
08024,Customer 08024,648,Silver,10/21/2024
08025,Customer 08025,203,Bronze,01/14/2024
08026,Customer 08026,221,Bronze,12/26/2024
08027,Customer 08027,723,Silver,09/14/2024
08028,Customer 08028,612,Silver,12/17/2024
08029,Customer 08029,1232,Gold,01/05/2024
08030,Customer 08030,470,Bronze,01/30/2024
08031,Customer 08031,532,Silver,03/22/2024
08032,Customer 08032,1383,Gold,05/19/2024
08033,Customer 08033,850,Silver,12/05/2024
08034,Customer 08034,1061,Gold,08/23/2024
08035,Customer 08035,436,Bronze,12/26/2024
08036,Customer 08036,1406,Gold,06/20/2024
08037,Customer 08037,722,Silver,09/23/2024
08038,Customer 08038,147,Bronze,01/01/2025
08039,Customer 08039,327,Bronze,11/15/2024
08040,Customer 08040,138,Bronze,04/30/2024
08041,Customer 08041,735,Silver,03/22/2024
08042,Customer 08042,1027,Gold,09/09/2024
08043,Customer 08043,981,Silver,08/20/2024
08044,Customer 08044,602,Silver,09/27/2024
08045,Customer 08045,995,Silver,02/22/2025
08046,Customer 08046,1043,Gold,06/26/2024
08047,Customer 08047,534,Silver,12/11/2024
08048,Customer 08048,284,Bronze,02/18/2024
08049,Customer 08049,123,Bronze,01/22/2025
08050,Customer 08050,320,Bronze,09/22/2024
08051,Customer 08051,941,Silver,07/13/2024
08052,Customer 08052,1364,Gold,07/15/2024
08053,Customer 08053,1135,Gold,01/22/2025
08054,Customer 08054,1294,Gold,02/11/2024
08055,Customer 08055,139,Bronze,01/20/2024
08056,Customer 08056,1268,Gold,09/01/2024
08057,Customer 08057,329,Bronze,05/06/2024
08058,Customer 08058,1381,Gold,08/19/2024
08059,Customer 08059,817,Silver,10/12/2024
08060,Customer 08060,502,Silver,02/26/2025
08061,Customer 08061,1241,Gold,08/06/2024
08062,Customer 08062,476,Bronze,05/04/2024
08063,Customer 08063,306,Bronze,02/10/2025
08064,Customer 08064,848,Silver,01/01/2025
08065,Customer 08065,822,Silver,10/10/2024
08066,Customer 08066,1151,Gold,02/14/2025
08067,Customer 08067,1354,Gold,02/03/2024
08068,Customer 08068,569,Silver,09/04/2024
08069,Customer 08069,1442,Gold,03/24/2024
08070,Customer 08070,337,Bronze,12/07/2024
08071,Customer 08071,1047,Gold,03/31/2024
08072,Customer 08072,850,Silver,07/04/2024
08073,Customer 08073,1372,Gold,01/25/2024
08074,Customer 08074,1014,Gold,12/23/2024
08075,Customer 08075,108,Bronze,03/14/2024
08076,Customer 08076,1034,Gold,01/04/2025
08077,Customer 08077,335,Bronze,02/19/2024
08078,Customer 08078,838,Silver,05/26/2024
08079,Customer 08079,1035,Gold,09/06/2024
08080,Customer 08080,404,Bronze,10/31/2024
08081,Customer 08081,637,Silver,01/13/2025
08082,Customer 08082,571,Silver,12/06/2024
08083,Customer 08083,972,Silver,03/30/2024
08084,Customer 08084,657,Silver,08/06/2024
08085,Customer 08085,132,Bronze,10/30/2024
08086,Customer 08086,363,Bronze,12/03/2024
08087,Customer 08087,1368,Gold,07/06/2024
08088,Customer 08088,838,Silver,07/04/2024
08089,Customer 08089,436,Bronze,02/05/2024
08090,Customer 08090,861,Silver,04/11/2024
08091,Customer 08091,688,Silver,03/25/2024
08092,Customer 08092,111,Bronze,04/10/2024
08093,Customer 08093,1443,Gold,01/10/2024
08094,Customer 08094,152,Bronze,09/20/2024
08095,Customer 08095,444,Bronze,11/28/2024
08096,Customer 08096,1199,Gold,06/22/2024
08097,Customer 08097,129,Bronze,04/03/2024
08098,Customer 08098,853,Silver,11/22/2024
08099,Customer 08099,522,Silver,04/11/2024
08100,Customer 08100,114,Bronze,02/08/2024
08101,Customer 08101,1045,Gold,08/28/2024
08102,Customer 08102,658,Silver,03/02/2024
08103,Customer 08103,299,Bronze,09/06/2024
08104,Customer 08104,1383,Gold,02/04/2025
08105,Customer 08105,167,Bronze,02/26/2025
08106,Customer 08106,200,Bronze,11/28/2024
08107,Customer 08107,675,Silver,01/25/2025
08108,Customer 08108,1120,Gold,09/04/2024
08109,Customer 08109,1217,Gold,03/24/2024
08110,Customer 08110,849,Silver,06/27/2024
08111,Customer 08111,991,Silver,07/10/2024
08112,Customer 08112,509,Silver,12/31/2024
08113,Customer 08113,632,Silver,01/23/2025
08114,Customer 08114,167,Bronze,04/06/2024
08115,Customer 08115,696,Silver,03/08/2024
08116,Customer 08116,842,Silver,01/26/2025
08117,Customer 08117,732,Silver,02/19/2025
08118,Customer 08118,107,Bronze,01/24/2024
08119,Customer 08119,986,Silver,01/09/2024
08120,Customer 08120,525,Silver,09/09/2024
08121,Customer 08121,952,Silver,05/08/2024
08122,Customer 08122,1282,Gold,08/02/2024
08123,Customer 08123,1224,Gold,06/01/2024
08124,Customer 08124,1307,Gold,11/05/2024
08125,Customer 08125,416,Bronze,11/09/2024
08126,Customer 08126,959,Silver,06/12/2024
08127,Customer 08127,1312,Gold,11/24/2024
08128,Customer 08128,558,Silver,06/11/2024
08129,Customer 08129,1489,Gold,08/24/2024
08130,Customer 08130,985,Silver,10/29/2024
08131,Customer 08131,110,Bronze,11/21/2024
08132,Customer 08132,307,Bronze,03/15/2024
08133,Customer 08133,1456,Gold,06/12/2024
08134,Customer 08134,1214,Gold,12/20/2024
08135,Customer 08135,321,Bronze,10/19/2024
08136,Customer 08136,957,Silver,01/19/2024
08137,Customer 08137,867,Silver,11/12/2024
08138,Customer 08138,1128,Gold,02/21/2024
08139,Customer 08139,653,Silver,03/08/2024
08140,Customer 08140,1380,Gold,10/07/2024
08141,Customer 08141,865,Silver,03/01/2024
08142,Customer 08142,398,Bronze,02/17/2024
08143,Customer 08143,210,Bronze,07/10/2024
08144,Customer 08144,1421,Gold,05/08/2024
08145,Customer 08145,1064,Gold,07/29/2024
08146,Customer 08146,1348,Gold,11/04/2024
08147,Customer 08147,391,Bronze,12/05/2024
08148,Customer 08148,1136,Gold,06/26/2024
08149,Customer 08149,427,Bronze,01/14/2025
08150,Customer 08150,959,Silver,12/19/2024
08151,Customer 08151,1217,Gold,12/23/2024
08152,Customer 08152,1375,Gold,12/18/2024
08153,Customer 08153,352,Bronze,02/19/2025
08154,Customer 08154,660,Silver,02/07/2024
08155,Customer 08155,868,Silver,06/09/2024
08156,Customer 08156,1327,Gold,01/16/2025
08157,Customer 08157,246,Bronze,03/30/2024
08158,Customer 08158,1499,Gold,03/05/2024
08159,Customer 08159,483,Bronze,11/19/2024
08160,Customer 08160,672,Silver,01/14/2024
08161,Customer 08161,814,Silver,01/13/2024
08162,Customer 08162,387,Bronze,05/24/2024
08163,Customer 08163,657,Silver,01/21/2024
08164,Customer 08164,972,Silver,01/26/2025
08165,Customer 08165,1055,Gold,12/13/2024
08166,Customer 08166,993,Silver,01/17/2024
08167,Customer 08167,1029,Gold,04/19/2024
08168,Customer 08168,117,Bronze,12/08/2024
08169,Customer 08169,1412,Gold,01/01/2024
08170,Customer 08170,367,Bronze,10/05/2024
08171,Customer 08171,531,Silver,07/21/2024
08172,Customer 08172,1172,Gold,07/25/2024
08173,Customer 08173,323,Bronze,05/27/2024
08174,Customer 08174,587,Silver,10/30/2024
08175,Customer 08175,662,Silver,12/23/2024
08176,Customer 08176,466,Bronze,02/25/2024
08177,Customer 08177,1459,Gold,02/18/2025
08178,Customer 08178,419,Bronze,05/14/2024
08179,Customer 08179,735,Silver,01/02/2025
08180,Customer 08180,1125,Gold,08/07/2024
08181,Customer 08181,104,Bronze,01/07/2025
08182,Customer 08182,435,Bronze,07/11/2024
08183,Customer 08183,484,Bronze,03/30/2024
08184,Customer 08184,727,Silver,03/31/2024
08185,Customer 08185,702,Silver,09/12/2024
08186,Customer 08186,319,Bronze,06/20/2024
08187,Customer 08187,28,Bronze,10/31/2024
08188,Customer 08188,510,Silver,05/04/2024
08189,Customer 08189,42,Bronze,10/28/2024
08190,Customer 08190,636,Silver,12/15/2024
08191,Customer 08191,179,Bronze,11/19/2024
08192,Customer 08192,986,Silver,12/22/2024
08193,Customer 08193,196,Bronze,12/07/2024
08194,Customer 08194,267,Bronze,08/16/2024
08195,Customer 08195,1080,Gold,02/08/2025
08196,Customer 08196,1307,Gold,11/24/2024
08197,Customer 08197,169,Bronze,01/19/2025
08198,Customer 08198,162,Bronze,06/05/2024
08199,Customer 08199,1194,Gold,08/30/2024
08200,Customer 08200,512,Silver,01/18/2025
08201,Customer 08201,1249,Gold,11/27/2024
08202,Customer 08202,692,Silver,12/31/2024
08203,Customer 08203,961,Silver,01/05/2024
08204,Customer 08204,545,Silver,12/20/2024
08205,Customer 08205,197,Bronze,01/03/2024
08206,Customer 08206,651,Silver,02/14/2024
08207,Customer 08207,456,Bronze,05/19/2024
08208,Customer 08208,1102,Gold,01/24/2025
08209,Customer 08209,1214,Gold,12/01/2024
08210,Customer 08210,426,Bronze,04/18/2024
08211,Customer 08211,278,Bronze,02/29/2024
08212,Customer 08212,728,Silver,11/05/2024
08213,Customer 08213,746,Silver,11/20/2024
08214,Customer 08214,742,Silver,07/01/2024
08215,Customer 08215,476,Bronze,06/02/2024
08216,Customer 08216,215,Bronze,03/21/2024
08217,Customer 08217,743,Silver,01/28/2025
08218,Customer 08218,795,Silver,04/28/2024
08219,Customer 08219,886,Silver,09/23/2024
08220,Customer 08220,1464,Gold,02/05/2024
08221,Customer 08221,383,Bronze,01/08/2025
08222,Customer 08222,1407,Gold,12/18/2024
08223,Customer 08223,150,Bronze,01/08/2024
08224,Customer 08224,272,Bronze,02/05/2025
08225,Customer 08225,56,Bronze,04/09/2024
08226,Customer 08226,529,Silver,10/13/2024
08227,Customer 08227,925,Silver,05/06/2024
08228,Customer 08228,153,Bronze,02/29/2024
08229,Customer 08229,1279,Gold,02/05/2024
08230,Customer 08230,300,Bronze,01/03/2024
08231,Customer 08231,1134,Gold,05/18/2024
08232,Customer 08232,1035,Gold,12/21/2024
08233,Customer 08233,469,Bronze,02/25/2024
08234,Customer 08234,244,Bronze,05/29/2024
08235,Customer 08235,373,Bronze,01/22/2025
08236,Customer 08236,965,Silver,03/23/2024
08237,Customer 08237,1402,Gold,11/08/2024
08238,Customer 08238,895,Silver,11/30/2024
08239,Customer 08239,902,Silver,01/17/2025
08240,Customer 08240,918,Silver,02/18/2024
08241,Customer 08241,54,Bronze,02/13/2024
08242,Customer 08242,1372,Gold,04/03/2024
08243,Customer 08243,306,Bronze,10/03/2024
08244,Customer 08244,912,Silver,01/10/2025
08245,Customer 08245,155,Bronze,02/11/2024
08246,Customer 08246,186,Bronze,11/27/2024
08247,Customer 08247,1475,Gold,09/03/2024
08248,Customer 08248,1030,Gold,08/31/2024
08249,Customer 08249,279,Bronze,01/31/2024
08250,Customer 08250,829,Silver,03/25/2024
08251,Customer 08251,514,Silver,01/30/2025
08252,Customer 08252,115,Bronze,07/09/2024
08253,Customer 08253,290,Bronze,01/20/2024
08254,Customer 08254,246,Bronze,11/09/2024
08255,Customer 08255,1420,Gold,12/14/2024
08256,Customer 08256,1439,Gold,06/23/2024
08257,Customer 08257,238,Bronze,10/18/2024
08258,Customer 08258,793,Silver,11/25/2024
08259,Customer 08259,83,Bronze,07/03/2024
08260,Customer 08260,1111,Gold,12/23/2024
08261,Customer 08261,1302,Gold,05/06/2024
08262,Customer 08262,819,Silver,01/06/2025
08263,Customer 08263,1307,Gold,04/23/2024
08264,Customer 08264,1406,Gold,03/17/2024
08265,Customer 08265,368,Bronze,01/08/2025
08266,Customer 08266,1336,Gold,07/08/2024
08267,Customer 08267,559,Silver,09/19/2024
08268,Customer 08268,1339,Gold,12/08/2024
08269,Customer 08269,410,Bronze,11/27/2024
08270,Customer 08270,420,Bronze,06/20/2024
08271,Customer 08271,889,Silver,11/05/2024
08272,Customer 08272,1269,Gold,05/01/2024
08273,Customer 08273,1433,Gold,01/09/2024
08274,Customer 08274,787,Silver,03/09/2024
08275,Customer 08275,1456,Gold,02/02/2025
08276,Customer 08276,528,Silver,07/03/2024
08277,Customer 08277,1021,Gold,01/21/2024
08278,Customer 08278,93,Bronze,10/01/2024
08279,Customer 08279,644,Silver,08/31/2024
08280,Customer 08280,1054,Gold,06/27/2024
08281,Customer 08281,1293,Gold,06/16/2024
08282,Customer 08282,1083,Gold,07/12/2024
08283,Customer 08283,1017,Gold,01/05/2024
08284,Customer 08284,1342,Gold,11/29/2024
08285,Customer 08285,1383,Gold,02/08/2025
08286,Customer 08286,1320,Gold,09/26/2024
08287,Customer 08287,36,Bronze,02/27/2024
08288,Customer 08288,676,Silver,10/17/2024
08289,Customer 08289,1254,Gold,08/12/2024
08290,Customer 08290,224,Bronze,05/24/2024
08291,Customer 08291,1170,Gold,01/30/2025
08292,Customer 08292,1086,Gold,01/21/2024
08293,Customer 08293,403,Bronze,11/21/2024
08294,Customer 08294,1347,Gold,11/17/2024
08295,Customer 08295,1431,Gold,02/16/2024
08296,Customer 08296,574,Silver,11/01/2024
08297,Customer 08297,1385,Gold,04/10/2024
08298,Customer 08298,1302,Gold,02/27/2025
08299,Customer 08299,7,Bronze,08/10/2024
08300,Customer 08300,706,Silver,01/15/2025
08301,Customer 08301,325,Bronze,05/07/2024
08302,Customer 08302,1336,Gold,03/20/2024
08303,Customer 08303,85,Bronze,06/20/2024
08304,Customer 08304,560,Silver,11/16/2024
08305,Customer 08305,624,Silver,02/27/2024
08306,Customer 08306,1037,Gold,02/24/2024
08307,Customer 08307,1126,Gold,01/29/2025
08308,Customer 08308,1398,Gold,09/16/2024
08309,Customer 08309,873,Silver,11/04/2024
08310,Customer 08310,1317,Gold,01/25/2025
08311,Customer 08311,1133,Gold,03/01/2024
08312,Customer 08312,1266,Gold,03/26/2024
08313,Customer 08313,1289,Gold,06/03/2024
08314,Customer 08314,87,Bronze,07/31/2024
08315,Customer 08315,407,Bronze,07/29/2024
08316,Customer 08316,1314,Gold,02/29/2024
08317,Customer 08317,103,Bronze,11/12/2024
08318,Customer 08318,211,Bronze,02/16/2025
08319,Customer 08319,1417,Gold,12/19/2024
08320,Customer 08320,1168,Gold,01/10/2024
08321,Customer 08321,221,Bronze,03/01/2024
08322,Customer 08322,1078,Gold,05/21/2024
08323,Customer 08323,1302,Gold,10/27/2024
08324,Customer 08324,1470,Gold,12/25/2024
08325,Customer 08325,1272,Gold,07/11/2024
08326,Customer 08326,1047,Gold,01/01/2025
08327,Customer 08327,1314,Gold,06/13/2024
08328,Customer 08328,291,Bronze,07/01/2024
08329,Customer 08329,1070,Gold,04/04/2024
08330,Customer 08330,320,Bronze,09/04/2024
08331,Customer 08331,365,Bronze,12/06/2024
08332,Customer 08332,596,Silver,07/19/2024
08333,Customer 08333,1253,Gold,05/04/2024
08334,Customer 08334,76,Bronze,12/31/2024
08335,Customer 08335,805,Silver,09/09/2024
08336,Customer 08336,1492,Gold,06/24/2024
08337,Customer 08337,931,Silver,10/17/2024
08338,Customer 08338,1073,Gold,04/06/2024
08339,Customer 08339,1026,Gold,06/23/2024
08340,Customer 08340,457,Bronze,07/20/2024
08341,Customer 08341,539,Silver,09/27/2024
08342,Customer 08342,997,Silver,11/05/2024
08343,Customer 08343,218,Bronze,12/23/2024
08344,Customer 08344,1298,Gold,11/30/2024
08345,Customer 08345,787,Silver,11/06/2024
08346,Customer 08346,416,Bronze,01/15/2024
08347,Customer 08347,1446,Gold,03/27/2024
08348,Customer 08348,664,Silver,05/07/2024
08349,Customer 08349,558,Silver,11/27/2024
08350,Customer 08350,466,Bronze,10/18/2024
08351,Customer 08351,806,Silver,02/26/2025
08352,Customer 08352,584,Silver,01/27/2024
08353,Customer 08353,477,Bronze,12/23/2024
08354,Customer 08354,785,Silver,02/22/2024
08355,Customer 08355,444,Bronze,04/11/2024
08356,Customer 08356,539,Silver,09/19/2024
08357,Customer 08357,951,Silver,12/20/2024
08358,Customer 08358,461,Bronze,01/15/2024
08359,Customer 08359,1459,Gold,01/18/2025
08360,Customer 08360,1214,Gold,07/24/2024
08361,Customer 08361,125,Bronze,11/29/2024
08362,Customer 08362,546,Silver,09/04/2024
08363,Customer 08363,94,Bronze,04/16/2024
08364,Customer 08364,874,Silver,07/06/2024
08365,Customer 08365,738,Silver,10/29/2024
08366,Customer 08366,886,Silver,02/11/2025
08367,Customer 08367,731,Silver,07/07/2024
08368,Customer 08368,273,Bronze,11/05/2024
08369,Customer 08369,1357,Gold,11/21/2024
08370,Customer 08370,477,Bronze,01/28/2024
08371,Customer 08371,1149,Gold,10/25/2024
08372,Customer 08372,846,Silver,08/06/2024
08373,Customer 08373,1350,Gold,06/01/2024
08374,Customer 08374,98,Bronze,01/17/2025
08375,Customer 08375,1321,Gold,05/26/2024
08376,Customer 08376,1299,Gold,11/14/2024
08377,Customer 08377,638,Silver,04/04/2024
08378,Customer 08378,884,Silver,12/02/2024
08379,Customer 08379,353,Bronze,05/15/2024
08380,Customer 08380,1304,Gold,12/04/2024
08381,Customer 08381,1464,Gold,03/19/2024
08382,Customer 08382,930,Silver,03/07/2024
08383,Customer 08383,562,Silver,01/12/2024
08384,Customer 08384,1359,Gold,12/11/2024
08385,Customer 08385,291,Bronze,03/05/2024
08386,Customer 08386,1039,Gold,05/14/2024
08387,Customer 08387,1267,Gold,02/13/2024
08388,Customer 08388,665,Silver,04/14/2024
08389,Customer 08389,471,Bronze,03/31/2024
08390,Customer 08390,571,Silver,08/04/2024
08391,Customer 08391,1055,Gold,07/15/2024
08392,Customer 08392,1459,Gold,02/21/2024
08393,Customer 08393,1471,Gold,09/14/2024
08394,Customer 08394,1309,Gold,02/07/2025
08395,Customer 08395,859,Silver,02/19/2025
08396,Customer 08396,1197,Gold,02/19/2024
08397,Customer 08397,648,Silver,01/27/2025
08398,Customer 08398,383,Bronze,02/21/2025
08399,Customer 08399,642,Silver,03/21/2024
08400,Customer 08400,800,Silver,08/23/2024
08401,Customer 08401,57,Bronze,01/17/2025
08402,Customer 08402,773,Silver,12/20/2024
08403,Customer 08403,1185,Gold,02/17/2025
08404,Customer 08404,523,Silver,04/11/2024
08405,Customer 08405,614,Silver,01/08/2024
08406,Customer 08406,1137,Gold,03/25/2024
08407,Customer 08407,897,Silver,08/18/2024
08408,Customer 08408,504,Silver,12/29/2024
08409,Customer 08409,1362,Gold,04/18/2024
08410,Customer 08410,1277,Gold,07/21/2024
08411,Customer 08411,868,Silver,09/24/2024
08412,Customer 08412,102,Bronze,10/31/2024
08413,Customer 08413,1315,Gold,04/18/2024
08414,Customer 08414,1064,Gold,07/17/2024
08415,Customer 08415,904,Silver,02/19/2024
08416,Customer 08416,407,Bronze,01/21/2025
08417,Customer 08417,922,Silver,05/26/2024
08418,Customer 08418,77,Bronze,11/18/2024
08419,Customer 08419,332,Bronze,02/23/2025
08420,Customer 08420,201,Bronze,08/23/2024
08421,Customer 08421,511,Silver,12/20/2024
08422,Customer 08422,52,Bronze,02/10/2024
08423,Customer 08423,492,Bronze,08/29/2024
08424,Customer 08424,782,Silver,02/09/2025
08425,Customer 08425,1215,Gold,11/04/2024
08426,Customer 08426,39,Bronze,11/20/2024
08427,Customer 08427,963,Silver,08/17/2024
08428,Customer 08428,692,Silver,08/08/2024
08429,Customer 08429,1420,Gold,10/14/2024
08430,Customer 08430,1121,Gold,09/01/2024
08431,Customer 08431,1127,Gold,01/26/2024
08432,Customer 08432,803,Silver,09/29/2024
08433,Customer 08433,439,Bronze,09/16/2024
08434,Customer 08434,691,Silver,03/15/2024
08435,Customer 08435,960,Silver,10/27/2024
08436,Customer 08436,1137,Gold,10/20/2024
08437,Customer 08437,8,Bronze,11/25/2024
08438,Customer 08438,312,Bronze,08/17/2024
08439,Customer 08439,386,Bronze,09/15/2024
08440,Customer 08440,1441,Gold,05/07/2024
08441,Customer 08441,996,Silver,03/23/2024
08442,Customer 08442,1341,Gold,02/06/2024
08443,Customer 08443,215,Bronze,12/03/2024
08444,Customer 08444,891,Silver,06/14/2024
08445,Customer 08445,1215,Gold,05/07/2024
08446,Customer 08446,1486,Gold,08/05/2024
08447,Customer 08447,650,Silver,01/25/2025
08448,Customer 08448,713,Silver,11/03/2024
08449,Customer 08449,1363,Gold,04/20/2024
08450,Customer 08450,1098,Gold,03/14/2024
08451,Customer 08451,398,Bronze,06/24/2024
08452,Customer 08452,1337,Gold,12/02/2024
08453,Customer 08453,709,Silver,10/25/2024
08454,Customer 08454,306,Bronze,02/01/2024
08455,Customer 08455,1349,Gold,02/11/2024
08456,Customer 08456,512,Silver,01/01/2024
08457,Customer 08457,571,Silver,08/26/2024
08458,Customer 08458,224,Bronze,03/12/2024
08459,Customer 08459,647,Silver,04/07/2024
08460,Customer 08460,46,Bronze,10/17/2024
08461,Customer 08461,606,Silver,10/01/2024
08462,Customer 08462,655,Silver,01/21/2025
08463,Customer 08463,497,Bronze,02/18/2024
08464,Customer 08464,404,Bronze,03/09/2024
08465,Customer 08465,1399,Gold,02/04/2024
08466,Customer 08466,625,Silver,12/11/2024
08467,Customer 08467,125,Bronze,09/04/2024
08468,Customer 08468,70,Bronze,02/17/2024
08469,Customer 08469,409,Bronze,01/15/2025
08470,Customer 08470,497,Bronze,03/02/2024
08471,Customer 08471,634,Silver,07/03/2024
08472,Customer 08472,601,Silver,02/28/2025
08473,Customer 08473,129,Bronze,06/04/2024
08474,Customer 08474,1089,Gold,10/26/2024
08475,Customer 08475,1477,Gold,03/12/2024
08476,Customer 08476,1129,Gold,06/24/2024
08477,Customer 08477,744,Silver,02/19/2025
08478,Customer 08478,587,Silver,04/25/2024
08479,Customer 08479,352,Bronze,10/07/2024
08480,Customer 08480,255,Bronze,02/24/2024
08481,Customer 08481,738,Silver,06/17/2024
08482,Customer 08482,1167,Gold,02/26/2025
08483,Customer 08483,887,Silver,07/31/2024
08484,Customer 08484,1116,Gold,08/07/2024
08485,Customer 08485,1119,Gold,02/21/2024
08486,Customer 08486,1427,Gold,04/07/2024
08487,Customer 08487,719,Silver,12/04/2024
08488,Customer 08488,649,Silver,04/07/2024
08489,Customer 08489,137,Bronze,01/14/2024
08490,Customer 08490,566,Silver,05/08/2024
08491,Customer 08491,1107,Gold,01/15/2025
08492,Customer 08492,1128,Gold,10/10/2024
08493,Customer 08493,849,Silver,09/03/2024
08494,Customer 08494,204,Bronze,06/11/2024
08495,Customer 08495,1270,Gold,06/20/2024
08496,Customer 08496,699,Silver,04/29/2024
08497,Customer 08497,876,Silver,02/24/2024
08498,Customer 08498,396,Bronze,08/06/2024
08499,Customer 08499,900,Silver,09/17/2024
08500,Customer 08500,1350,Gold,09/21/2024
08501,Customer 08501,1249,Gold,04/02/2024
08502,Customer 08502,76,Bronze,01/22/2025
08503,Customer 08503,287,Bronze,02/13/2025
08504,Customer 08504,666,Silver,01/22/2024
08505,Customer 08505,243,Bronze,10/22/2024
08506,Customer 08506,1480,Gold,08/12/2024
08507,Customer 08507,1398,Gold,11/10/2024
08508,Customer 08508,26,Bronze,08/06/2024
08509,Customer 08509,470,Bronze,05/06/2024
08510,Customer 08510,1119,Gold,01/25/2025
08511,Customer 08511,543,Silver,12/16/2024
08512,Customer 08512,967,Silver,03/08/2024
08513,Customer 08513,93,Bronze,05/12/2024
08514,Customer 08514,1076,Gold,10/30/2024
08515,Customer 08515,63,Bronze,05/08/2024
08516,Customer 08516,1149,Gold,12/23/2024
08517,Customer 08517,897,Silver,04/22/2024
08518,Customer 08518,1393,Gold,07/16/2024
08519,Customer 08519,1470,Gold,07/05/2024
08520,Customer 08520,1360,Gold,11/28/2024
08521,Customer 08521,1028,Gold,08/31/2024
08522,Customer 08522,534,Silver,11/17/2024
08523,Customer 08523,1199,Gold,05/11/2024
08524,Customer 08524,1000,Gold,01/24/2025
08525,Customer 08525,1386,Gold,01/07/2025
08526,Customer 08526,60,Bronze,02/12/2025
08527,Customer 08527,754,Silver,01/31/2025
08528,Customer 08528,1101,Gold,07/25/2024
08529,Customer 08529,1094,Gold,11/06/2024
08530,Customer 08530,139,Bronze,02/11/2024
08531,Customer 08531,384,Bronze,07/31/2024
08532,Customer 08532,1132,Gold,07/08/2024
08533,Customer 08533,783,Silver,01/11/2024
08534,Customer 08534,22,Bronze,01/14/2024
08535,Customer 08535,496,Bronze,07/13/2024
08536,Customer 08536,679,Silver,11/10/2024
08537,Customer 08537,64,Bronze,05/04/2024
08538,Customer 08538,1198,Gold,01/31/2025
08539,Customer 08539,1046,Gold,01/24/2025
08540,Customer 08540,131,Bronze,06/14/2024
08541,Customer 08541,1354,Gold,09/03/2024
08542,Customer 08542,31,Bronze,01/25/2025
08543,Customer 08543,1338,Gold,03/15/2024
08544,Customer 08544,957,Silver,01/29/2025
08545,Customer 08545,814,Silver,10/07/2024
08546,Customer 08546,119,Bronze,12/11/2024
08547,Customer 08547,1402,Gold,02/08/2024
08548,Customer 08548,1493,Gold,01/19/2024
08549,Customer 08549,1001,Gold,03/04/2024
08550,Customer 08550,889,Silver,01/17/2025
08551,Customer 08551,1081,Gold,03/06/2024
08552,Customer 08552,503,Silver,08/18/2024
08553,Customer 08553,1136,Gold,09/02/2024
08554,Customer 08554,1161,Gold,02/25/2025
08555,Customer 08555,45,Bronze,02/22/2024
08556,Customer 08556,510,Silver,06/02/2024
08557,Customer 08557,355,Bronze,10/28/2024
08558,Customer 08558,786,Silver,10/08/2024
08559,Customer 08559,652,Silver,01/18/2024
08560,Customer 08560,1477,Gold,06/23/2024
08561,Customer 08561,824,Silver,05/22/2024
08562,Customer 08562,577,Silver,08/12/2024
08563,Customer 08563,1071,Gold,02/03/2024
08564,Customer 08564,1156,Gold,02/17/2025
08565,Customer 08565,50,Bronze,04/17/2024
08566,Customer 08566,383,Bronze,02/20/2024
08567,Customer 08567,1324,Gold,01/06/2025
08568,Customer 08568,1208,Gold,01/31/2025
08569,Customer 08569,812,Silver,02/25/2025
08570,Customer 08570,1076,Gold,01/01/2024
08571,Customer 08571,1311,Gold,12/11/2024
08572,Customer 08572,124,Bronze,03/21/2024
08573,Customer 08573,872,Silver,05/22/2024
08574,Customer 08574,400,Bronze,10/06/2024
08575,Customer 08575,1287,Gold,02/09/2024
08576,Customer 08576,1471,Gold,08/21/2024
08577,Customer 08577,892,Silver,11/02/2024
08578,Customer 08578,428,Bronze,05/31/2024
08579,Customer 08579,812,Silver,09/10/2024
08580,Customer 08580,276,Bronze,08/26/2024
08581,Customer 08581,434,Bronze,02/15/2024
08582,Customer 08582,1361,Gold,03/15/2024
08583,Customer 08583,321,Bronze,06/03/2024
08584,Customer 08584,1072,Gold,02/09/2025
08585,Customer 08585,50,Bronze,11/22/2024
08586,Customer 08586,982,Silver,08/16/2024
08587,Customer 08587,1382,Gold,10/04/2024
08588,Customer 08588,1150,Gold,11/07/2024
08589,Customer 08589,1231,Gold,02/16/2024
08590,Customer 08590,745,Silver,09/19/2024
08591,Customer 08591,890,Silver,08/10/2024
08592,Customer 08592,920,Silver,04/10/2024
08593,Customer 08593,688,Silver,03/12/2024
08594,Customer 08594,662,Silver,10/20/2024
08595,Customer 08595,811,Silver,09/28/2024
08596,Customer 08596,33,Bronze,02/04/2025
08597,Customer 08597,1340,Gold,03/23/2024
08598,Customer 08598,1315,Gold,04/28/2024
08599,Customer 08599,619,Silver,07/13/2024
08600,Customer 08600,1420,Gold,01/04/2024
08601,Customer 08601,1492,Gold,12/19/2024
08602,Customer 08602,758,Silver,06/19/2024
08603,Customer 08603,1263,Gold,09/17/2024
08604,Customer 08604,1205,Gold,01/17/2025
08605,Customer 08605,805,Silver,10/14/2024
08606,Customer 08606,1085,Gold,02/04/2024
08607,Customer 08607,34,Bronze,06/16/2024
08608,Customer 08608,710,Silver,01/23/2025
08609,Customer 08609,368,Bronze,12/07/2024
08610,Customer 08610,92,Bronze,05/26/2024
08611,Customer 08611,1227,Gold,04/05/2024
08612,Customer 08612,880,Silver,05/10/2024
08613,Customer 08613,1056,Gold,04/21/2024
08614,Customer 08614,1335,Gold,02/05/2024
08615,Customer 08615,855,Silver,07/05/2024
08616,Customer 08616,522,Silver,06/20/2024
08617,Customer 08617,718,Silver,03/24/2024
08618,Customer 08618,1226,Gold,01/19/2024
08619,Customer 08619,1246,Gold,08/15/2024
08620,Customer 08620,512,Silver,04/03/2024
08621,Customer 08621,1054,Gold,11/11/2024
08622,Customer 08622,750,Silver,03/07/2024
08623,Customer 08623,143,Bronze,12/30/2024
08624,Customer 08624,367,Bronze,08/30/2024
08625,Customer 08625,654,Silver,10/03/2024
08626,Customer 08626,1495,Gold,02/09/2024
08627,Customer 08627,19,Bronze,08/17/2024
08628,Customer 08628,1325,Gold,02/11/2025
08629,Customer 08629,612,Silver,11/29/2024
08630,Customer 08630,988,Silver,02/02/2024
08631,Customer 08631,1429,Gold,07/10/2024
08632,Customer 08632,105,Bronze,10/31/2024
08633,Customer 08633,1371,Gold,02/25/2024
08634,Customer 08634,299,Bronze,01/14/2025
08635,Customer 08635,168,Bronze,08/28/2024
08636,Customer 08636,522,Silver,11/02/2024
08637,Customer 08637,462,Bronze,06/29/2024
08638,Customer 08638,1479,Gold,01/04/2025
08639,Customer 08639,1174,Gold,04/16/2024
08640,Customer 08640,636,Silver,09/28/2024
08641,Customer 08641,1448,Gold,12/13/2024
08642,Customer 08642,543,Silver,10/12/2024
08643,Customer 08643,1146,Gold,03/11/2024
08644,Customer 08644,1399,Gold,02/28/2025
08645,Customer 08645,444,Bronze,03/24/2024
08646,Customer 08646,1169,Gold,02/22/2024
08647,Customer 08647,725,Silver,02/26/2025
08648,Customer 08648,11,Bronze,07/06/2024
08649,Customer 08649,994,Silver,01/04/2025
08650,Customer 08650,759,Silver,08/29/2024
08651,Customer 08651,581,Silver,02/01/2025
08652,Customer 08652,123,Bronze,11/16/2024
08653,Customer 08653,1414,Gold,10/31/2024
08654,Customer 08654,92,Bronze,01/25/2024
08655,Customer 08655,470,Bronze,07/12/2024
08656,Customer 08656,295,Bronze,03/22/2024
08657,Customer 08657,1079,Gold,02/09/2024
08658,Customer 08658,113,Bronze,07/20/2024
08659,Customer 08659,1082,Gold,11/03/2024
08660,Customer 08660,26,Bronze,12/14/2024
08661,Customer 08661,1050,Gold,07/22/2024
08662,Customer 08662,416,Bronze,02/16/2025
08663,Customer 08663,996,Silver,02/27/2025
08664,Customer 08664,304,Bronze,11/08/2024
08665,Customer 08665,182,Bronze,09/19/2024
08666,Customer 08666,567,Silver,11/25/2024
08667,Customer 08667,1361,Gold,09/23/2024
08668,Customer 08668,1108,Gold,04/28/2024
08669,Customer 08669,674,Silver,01/01/2024
08670,Customer 08670,1217,Gold,12/17/2024
08671,Customer 08671,812,Silver,02/01/2025
08672,Customer 08672,477,Bronze,04/12/2024
08673,Customer 08673,761,Silver,07/18/2024
08674,Customer 08674,425,Bronze,01/03/2025
08675,Customer 08675,1349,Gold,04/08/2024
08676,Customer 08676,16,Bronze,10/07/2024
08677,Customer 08677,1401,Gold,02/03/2024
08678,Customer 08678,1149,Gold,07/22/2024
08679,Customer 08679,184,Bronze,07/29/2024
08680,Customer 08680,106,Bronze,04/25/2024
08681,Customer 08681,170,Bronze,09/17/2024
08682,Customer 08682,1424,Gold,04/30/2024
08683,Customer 08683,633,Silver,06/16/2024
08684,Customer 08684,775,Silver,05/06/2024
08685,Customer 08685,274,Bronze,05/22/2024
08686,Customer 08686,1289,Gold,02/16/2024
08687,Customer 08687,934,Silver,06/19/2024
08688,Customer 08688,592,Silver,04/08/2024
08689,Customer 08689,1457,Gold,12/07/2024
08690,Customer 08690,422,Bronze,10/21/2024
08691,Customer 08691,804,Silver,12/20/2024
08692,Customer 08692,1379,Gold,06/10/2024
08693,Customer 08693,1274,Gold,02/14/2024
08694,Customer 08694,97,Bronze,01/10/2025
08695,Customer 08695,84,Bronze,12/23/2024
08696,Customer 08696,834,Silver,07/14/2024
08697,Customer 08697,1388,Gold,12/16/2024
08698,Customer 08698,1167,Gold,08/13/2024
08699,Customer 08699,642,Silver,02/06/2025
08700,Customer 08700,18,Bronze,09/12/2024
08701,Customer 08701,1253,Gold,05/17/2024
08702,Customer 08702,1420,Gold,01/26/2025
08703,Customer 08703,167,Bronze,02/06/2024
08704,Customer 08704,1323,Gold,09/24/2024
08705,Customer 08705,1089,Gold,05/07/2024
08706,Customer 08706,803,Silver,09/30/2024
08707,Customer 08707,754,Silver,11/11/2024
08708,Customer 08708,929,Silver,09/20/2024
08709,Customer 08709,1048,Gold,04/08/2024
08710,Customer 08710,265,Bronze,01/04/2024
08711,Customer 08711,847,Silver,09/01/2024
08712,Customer 08712,556,Silver,03/29/2024
08713,Customer 08713,263,Bronze,01/27/2024
08714,Customer 08714,140,Bronze,07/28/2024
08715,Customer 08715,1051,Gold,06/03/2024
08716,Customer 08716,859,Silver,08/06/2024
08717,Customer 08717,1432,Gold,05/27/2024
08718,Customer 08718,1148,Gold,08/03/2024
08719,Customer 08719,95,Bronze,05/12/2024
08720,Customer 08720,870,Silver,09/21/2024
08721,Customer 08721,175,Bronze,09/30/2024
08722,Customer 08722,723,Silver,02/12/2024
08723,Customer 08723,857,Silver,03/14/2024
08724,Customer 08724,454,Bronze,07/09/2024
08725,Customer 08725,368,Bronze,02/06/2025
08726,Customer 08726,6,Bronze,10/20/2024
08727,Customer 08727,1004,Gold,01/22/2024
08728,Customer 08728,504,Silver,01/29/2024
08729,Customer 08729,666,Silver,10/13/2024
08730,Customer 08730,556,Silver,04/10/2024
08731,Customer 08731,33,Bronze,04/20/2024
08732,Customer 08732,126,Bronze,01/22/2024
08733,Customer 08733,26,Bronze,12/30/2024
08734,Customer 08734,810,Silver,12/05/2024
08735,Customer 08735,84,Bronze,06/11/2024
08736,Customer 08736,338,Bronze,07/29/2024
08737,Customer 08737,671,Silver,07/19/2024
08738,Customer 08738,773,Silver,01/21/2024
08739,Customer 08739,982,Silver,05/07/2024
08740,Customer 08740,180,Bronze,08/12/2024
08741,Customer 08741,1234,Gold,05/14/2024
08742,Customer 08742,1453,Gold,07/10/2024
08743,Customer 08743,1246,Gold,02/15/2025
08744,Customer 08744,311,Bronze,08/25/2024
08745,Customer 08745,1063,Gold,01/02/2024
08746,Customer 08746,312,Bronze,09/18/2024
08747,Customer 08747,267,Bronze,03/03/2024
08748,Customer 08748,33,Bronze,09/17/2024
08749,Customer 08749,1333,Gold,10/20/2024
08750,Customer 08750,1388,Gold,02/22/2025
08751,Customer 08751,1024,Gold,03/29/2024
08752,Customer 08752,278,Bronze,04/29/2024
08753,Customer 08753,1237,Gold,08/30/2024
08754,Customer 08754,874,Silver,03/01/2024
08755,Customer 08755,848,Silver,02/22/2025
08756,Customer 08756,712,Silver,01/07/2025
08757,Customer 08757,1262,Gold,07/14/2024
08758,Customer 08758,414,Bronze,04/12/2024
08759,Customer 08759,186,Bronze,09/29/2024
08760,Customer 08760,818,Silver,12/23/2024
08761,Customer 08761,228,Bronze,01/06/2025
08762,Customer 08762,689,Silver,05/18/2024
08763,Customer 08763,427,Bronze,08/01/2024
08764,Customer 08764,424,Bronze,02/06/2025
08765,Customer 08765,636,Silver,01/17/2024
08766,Customer 08766,325,Bronze,02/17/2024
08767,Customer 08767,1404,Gold,09/09/2024
08768,Customer 08768,485,Bronze,06/08/2024
08769,Customer 08769,638,Silver,01/15/2024
08770,Customer 08770,1079,Gold,01/02/2025
08771,Customer 08771,1158,Gold,01/26/2024
08772,Customer 08772,1117,Gold,02/10/2025
08773,Customer 08773,980,Silver,03/12/2024
08774,Customer 08774,300,Bronze,02/22/2025
08775,Customer 08775,1067,Gold,07/19/2024
08776,Customer 08776,1412,Gold,07/02/2024
08777,Customer 08777,945,Silver,02/21/2025
08778,Customer 08778,700,Silver,01/27/2024
08779,Customer 08779,747,Silver,05/04/2024
08780,Customer 08780,161,Bronze,09/05/2024
08781,Customer 08781,1059,Gold,01/16/2025
08782,Customer 08782,650,Silver,11/10/2024
08783,Customer 08783,1106,Gold,02/26/2025
08784,Customer 08784,1060,Gold,01/17/2025
08785,Customer 08785,1215,Gold,08/15/2024
08786,Customer 08786,1417,Gold,04/11/2024
08787,Customer 08787,345,Bronze,05/01/2024
08788,Customer 08788,1488,Gold,02/11/2025
08789,Customer 08789,1163,Gold,10/12/2024
08790,Customer 08790,451,Bronze,06/30/2024
08791,Customer 08791,872,Silver,03/22/2024
08792,Customer 08792,625,Silver,08/14/2024
08793,Customer 08793,1281,Gold,05/19/2024
08794,Customer 08794,873,Silver,05/12/2024
08795,Customer 08795,573,Silver,07/18/2024
08796,Customer 08796,1495,Gold,10/23/2024
08797,Customer 08797,37,Bronze,12/14/2024
08798,Customer 08798,892,Silver,12/13/2024
08799,Customer 08799,3,Bronze,01/29/2024
08800,Customer 08800,830,Silver,08/30/2024
08801,Customer 08801,479,Bronze,01/20/2024
08802,Customer 08802,1,Bronze,05/22/2024
08803,Customer 08803,1367,Gold,05/21/2024
08804,Customer 08804,376,Bronze,01/22/2024
08805,Customer 08805,722,Silver,06/12/2024
08806,Customer 08806,919,Silver,10/10/2024
08807,Customer 08807,1429,Gold,12/24/2024
08808,Customer 08808,213,Bronze,01/14/2025
08809,Customer 08809,1413,Gold,01/06/2025
08810,Customer 08810,621,Silver,07/07/2024
08811,Customer 08811,1415,Gold,04/05/2024
08812,Customer 08812,732,Silver,11/18/2024
08813,Customer 08813,732,Silver,09/12/2024
08814,Customer 08814,1045,Gold,01/18/2025
08815,Customer 08815,1343,Gold,07/19/2024
08816,Customer 08816,639,Silver,06/12/2024
08817,Customer 08817,58,Bronze,05/05/2024
08818,Customer 08818,49,Bronze,01/11/2025
08819,Customer 08819,624,Silver,01/28/2024
08820,Customer 08820,120,Bronze,10/03/2024
08821,Customer 08821,158,Bronze,09/07/2024
08822,Customer 08822,969,Silver,07/06/2024
08823,Customer 08823,691,Silver,01/14/2025
08824,Customer 08824,1268,Gold,06/17/2024
08825,Customer 08825,419,Bronze,05/24/2024
08826,Customer 08826,1339,Gold,11/18/2024
08827,Customer 08827,899,Silver,02/14/2024
08828,Customer 08828,319,Bronze,01/03/2025
08829,Customer 08829,719,Silver,07/11/2024
08830,Customer 08830,575,Silver,01/22/2024
08831,Customer 08831,538,Silver,10/31/2024
08832,Customer 08832,508,Silver,10/07/2024
08833,Customer 08833,55,Bronze,10/02/2024
08834,Customer 08834,358,Bronze,07/05/2024
08835,Customer 08835,682,Silver,07/24/2024
08836,Customer 08836,902,Silver,10/25/2024
08837,Customer 08837,583,Silver,01/16/2025
08838,Customer 08838,138,Bronze,12/18/2024
08839,Customer 08839,1378,Gold,02/22/2025
08840,Customer 08840,1261,Gold,01/07/2025
08841,Customer 08841,1500,Gold,05/14/2024
08842,Customer 08842,1012,Gold,01/21/2025
08843,Customer 08843,1349,Gold,10/29/2024
08844,Customer 08844,519,Silver,01/11/2025
08845,Customer 08845,688,Silver,11/07/2024
08846,Customer 08846,742,Silver,09/01/2024
08847,Customer 08847,4,Bronze,11/23/2024
08848,Customer 08848,324,Bronze,02/26/2025
08849,Customer 08849,1375,Gold,12/09/2024
08850,Customer 08850,1271,Gold,04/07/2024
08851,Customer 08851,558,Silver,04/29/2024
08852,Customer 08852,106,Bronze,04/10/2024
08853,Customer 08853,53,Bronze,09/07/2024
08854,Customer 08854,396,Bronze,11/24/2024
08855,Customer 08855,1122,Gold,07/11/2024
08856,Customer 08856,666,Silver,10/02/2024
08857,Customer 08857,1286,Gold,10/14/2024
08858,Customer 08858,1104,Gold,12/11/2024
08859,Customer 08859,954,Silver,02/27/2025
08860,Customer 08860,1420,Gold,01/01/2024
08861,Customer 08861,1126,Gold,01/29/2024
08862,Customer 08862,350,Bronze,01/28/2025
08863,Customer 08863,802,Silver,03/05/2024
08864,Customer 08864,352,Bronze,12/15/2024
08865,Customer 08865,109,Bronze,06/08/2024
08866,Customer 08866,1137,Gold,05/05/2024
08867,Customer 08867,232,Bronze,01/02/2025
08868,Customer 08868,1432,Gold,06/30/2024
08869,Customer 08869,1367,Gold,02/16/2025
08870,Customer 08870,1402,Gold,08/20/2024
08871,Customer 08871,614,Silver,06/09/2024
08872,Customer 08872,1365,Gold,08/22/2024
08873,Customer 08873,857,Silver,07/04/2024
08874,Customer 08874,390,Bronze,06/30/2024
08875,Customer 08875,507,Silver,10/01/2024
08876,Customer 08876,1463,Gold,02/05/2024
08877,Customer 08877,387,Bronze,03/10/2024
08878,Customer 08878,1381,Gold,05/29/2024
08879,Customer 08879,1033,Gold,05/21/2024
08880,Customer 08880,251,Bronze,06/17/2024
08881,Customer 08881,662,Silver,07/01/2024
08882,Customer 08882,926,Silver,01/22/2025
08883,Customer 08883,9,Bronze,10/21/2024
08884,Customer 08884,1255,Gold,12/02/2024
08885,Customer 08885,1048,Gold,08/03/2024
08886,Customer 08886,1194,Gold,03/24/2024
08887,Customer 08887,557,Silver,04/23/2024
08888,Customer 08888,1386,Gold,03/06/2024
08889,Customer 08889,1256,Gold,02/05/2024
08890,Customer 08890,493,Bronze,04/29/2024
08891,Customer 08891,1025,Gold,01/08/2024
08892,Customer 08892,1258,Gold,07/02/2024
08893,Customer 08893,1220,Gold,12/20/2024
08894,Customer 08894,836,Silver,06/12/2024
08895,Customer 08895,215,Bronze,01/26/2025
08896,Customer 08896,1335,Gold,04/10/2024
08897,Customer 08897,1210,Gold,05/07/2024
08898,Customer 08898,141,Bronze,12/04/2024
08899,Customer 08899,1280,Gold,02/17/2025
08900,Customer 08900,686,Silver,02/07/2025
08901,Customer 08901,147,Bronze,11/20/2024
08902,Customer 08902,152,Bronze,02/12/2025
08903,Customer 08903,705,Silver,02/24/2024
08904,Customer 08904,57,Bronze,06/29/2024
08905,Customer 08905,181,Bronze,01/20/2024
08906,Customer 08906,374,Bronze,05/01/2024
08907,Customer 08907,175,Bronze,05/12/2024
08908,Customer 08908,1149,Gold,04/04/2024
08909,Customer 08909,1058,Gold,03/14/2024
08910,Customer 08910,627,Silver,06/03/2024
08911,Customer 08911,1079,Gold,06/06/2024
08912,Customer 08912,317,Bronze,07/09/2024
08913,Customer 08913,371,Bronze,01/12/2024
08914,Customer 08914,1321,Gold,10/12/2024
08915,Customer 08915,202,Bronze,04/25/2024
08916,Customer 08916,1401,Gold,12/14/2024
08917,Customer 08917,689,Silver,02/02/2025
08918,Customer 08918,603,Silver,01/29/2024
08919,Customer 08919,1479,Gold,02/23/2024
08920,Customer 08920,413,Bronze,02/22/2024
08921,Customer 08921,151,Bronze,07/09/2024
08922,Customer 08922,516,Silver,01/22/2024
08923,Customer 08923,617,Silver,02/14/2024
08924,Customer 08924,1337,Gold,08/14/2024
08925,Customer 08925,316,Bronze,01/01/2024
08926,Customer 08926,41,Bronze,02/11/2025
08927,Customer 08927,1098,Gold,11/04/2024
08928,Customer 08928,826,Silver,11/26/2024
08929,Customer 08929,1044,Gold,02/27/2025
08930,Customer 08930,548,Silver,08/08/2024
08931,Customer 08931,695,Silver,04/03/2024
08932,Customer 08932,764,Silver,04/10/2024
08933,Customer 08933,50,Bronze,11/12/2024
08934,Customer 08934,1199,Gold,01/22/2024
08935,Customer 08935,687,Silver,01/26/2024
08936,Customer 08936,298,Bronze,02/21/2025
08937,Customer 08937,636,Silver,04/09/2024
08938,Customer 08938,142,Bronze,11/10/2024
08939,Customer 08939,888,Silver,06/18/2024
08940,Customer 08940,1326,Gold,06/20/2024
08941,Customer 08941,991,Silver,06/26/2024
08942,Customer 08942,1431,Gold,11/12/2024
08943,Customer 08943,1145,Gold,12/16/2024
08944,Customer 08944,903,Silver,01/26/2024
08945,Customer 08945,346,Bronze,04/30/2024
08946,Customer 08946,417,Bronze,02/05/2025
08947,Customer 08947,346,Bronze,06/27/2024
08948,Customer 08948,1284,Gold,08/27/2024
08949,Customer 08949,170,Bronze,10/27/2024
08950,Customer 08950,125,Bronze,08/03/2024
08951,Customer 08951,163,Bronze,11/06/2024
08952,Customer 08952,189,Bronze,10/26/2024
08953,Customer 08953,196,Bronze,02/26/2025
08954,Customer 08954,39,Bronze,05/01/2024
08955,Customer 08955,82,Bronze,06/08/2024
08956,Customer 08956,1467,Gold,07/26/2024
08957,Customer 08957,1265,Gold,01/17/2024
08958,Customer 08958,1181,Gold,01/03/2024
08959,Customer 08959,846,Silver,12/22/2024
08960,Customer 08960,462,Bronze,07/31/2024
08961,Customer 08961,34,Bronze,11/07/2024
08962,Customer 08962,792,Silver,11/02/2024
08963,Customer 08963,1427,Gold,01/31/2025
08964,Customer 08964,1081,Gold,05/06/2024
08965,Customer 08965,147,Bronze,02/23/2024
08966,Customer 08966,1397,Gold,04/03/2024
08967,Customer 08967,837,Silver,02/12/2024
08968,Customer 08968,149,Bronze,04/27/2024
08969,Customer 08969,523,Silver,11/19/2024
08970,Customer 08970,953,Silver,04/03/2024
08971,Customer 08971,512,Silver,04/18/2024
08972,Customer 08972,223,Bronze,11/01/2024
08973,Customer 08973,903,Silver,05/15/2024
08974,Customer 08974,379,Bronze,02/15/2024
08975,Customer 08975,599,Silver,06/27/2024
08976,Customer 08976,1182,Gold,03/12/2024
08977,Customer 08977,762,Silver,10/21/2024
08978,Customer 08978,1020,Gold,06/04/2024
08979,Customer 08979,24,Bronze,01/07/2024
08980,Customer 08980,456,Bronze,11/08/2024
08981,Customer 08981,184,Bronze,01/27/2025
08982,Customer 08982,1087,Gold,07/07/2024
08983,Customer 08983,1248,Gold,10/20/2024
08984,Customer 08984,636,Silver,01/17/2025
08985,Customer 08985,393,Bronze,09/18/2024
08986,Customer 08986,1351,Gold,02/04/2025
08987,Customer 08987,417,Bronze,08/15/2024
08988,Customer 08988,344,Bronze,08/28/2024
08989,Customer 08989,1300,Gold,07/22/2024
08990,Customer 08990,1050,Gold,07/09/2024
08991,Customer 08991,603,Silver,09/13/2024
08992,Customer 08992,301,Bronze,10/25/2024
08993,Customer 08993,1182,Gold,05/04/2024
08994,Customer 08994,510,Silver,07/02/2024
08995,Customer 08995,1253,Gold,07/09/2024
08996,Customer 08996,349,Bronze,09/11/2024
08997,Customer 08997,173,Bronze,11/26/2024
08998,Customer 08998,1086,Gold,04/02/2024
08999,Customer 08999,478,Bronze,05/21/2024
09000,Customer 09000,439,Bronze,06/07/2024
09001,Customer 09001,198,Bronze,08/01/2024
09002,Customer 09002,23,Bronze,06/12/2024
09003,Customer 09003,1099,Gold,01/07/2025
09004,Customer 09004,1437,Gold,06/08/2024
09005,Customer 09005,1345,Gold,11/01/2024
09006,Customer 09006,260,Bronze,11/06/2024
09007,Customer 09007,811,Silver,07/14/2024
09008,Customer 09008,601,Silver,12/15/2024
09009,Customer 09009,147,Bronze,03/04/2024
09010,Customer 09010,1258,Gold,12/30/2024
09011,Customer 09011,1078,Gold,06/03/2024
09012,Customer 09012,597,Silver,05/26/2024
09013,Customer 09013,696,Silver,06/19/2024
09014,Customer 09014,609,Silver,11/12/2024
09015,Customer 09015,1075,Gold,10/24/2024
09016,Customer 09016,560,Silver,02/28/2025
09017,Customer 09017,738,Silver,07/10/2024
09018,Customer 09018,837,Silver,04/13/2024
09019,Customer 09019,421,Bronze,01/06/2025
09020,Customer 09020,426,Bronze,04/13/2024
09021,Customer 09021,1383,Gold,06/17/2024
09022,Customer 09022,826,Silver,06/24/2024
09023,Customer 09023,667,Silver,06/25/2024
09024,Customer 09024,869,Silver,12/18/2024
09025,Customer 09025,1431,Gold,07/29/2024
09026,Customer 09026,210,Bronze,03/19/2024
09027,Customer 09027,149,Bronze,12/07/2024
09028,Customer 09028,859,Silver,01/09/2024
09029,Customer 09029,917,Silver,08/02/2024
09030,Customer 09030,1286,Gold,01/31/2024
09031,Customer 09031,736,Silver,12/25/2024
09032,Customer 09032,1291,Gold,12/07/2024
09033,Customer 09033,859,Silver,03/25/2024
09034,Customer 09034,1193,Gold,04/24/2024
09035,Customer 09035,487,Bronze,07/20/2024
09036,Customer 09036,300,Bronze,01/20/2025
09037,Customer 09037,145,Bronze,08/21/2024
09038,Customer 09038,902,Silver,08/23/2024
09039,Customer 09039,655,Silver,02/18/2024
09040,Customer 09040,537,Silver,06/05/2024
09041,Customer 09041,1299,Gold,08/04/2024
09042,Customer 09042,685,Silver,01/26/2025
09043,Customer 09043,177,Bronze,07/22/2024
09044,Customer 09044,1332,Gold,09/17/2024
09045,Customer 09045,542,Silver,10/25/2024
09046,Customer 09046,1067,Gold,12/20/2024
09047,Customer 09047,707,Silver,08/19/2024
09048,Customer 09048,814,Silver,02/11/2024
09049,Customer 09049,1279,Gold,03/02/2024
09050,Customer 09050,1042,Gold,12/17/2024
09051,Customer 09051,1062,Gold,10/27/2024
09052,Customer 09052,446,Bronze,02/23/2025
09053,Customer 09053,615,Silver,02/14/2024
09054,Customer 09054,331,Bronze,05/07/2024
09055,Customer 09055,532,Silver,04/01/2024
09056,Customer 09056,770,Silver,09/27/2024
09057,Customer 09057,833,Silver,01/21/2025
09058,Customer 09058,624,Silver,09/09/2024
09059,Customer 09059,871,Silver,09/04/2024
09060,Customer 09060,608,Silver,11/07/2024
09061,Customer 09061,1363,Gold,06/09/2024
09062,Customer 09062,934,Silver,01/15/2025
09063,Customer 09063,455,Bronze,10/26/2024
09064,Customer 09064,395,Bronze,03/16/2024
09065,Customer 09065,634,Silver,06/17/2024
09066,Customer 09066,238,Bronze,03/28/2024
09067,Customer 09067,1024,Gold,01/24/2025
09068,Customer 09068,1252,Gold,08/23/2024
09069,Customer 09069,1490,Gold,09/17/2024
09070,Customer 09070,636,Silver,07/03/2024
09071,Customer 09071,1329,Gold,01/09/2025
09072,Customer 09072,1310,Gold,04/22/2024
09073,Customer 09073,1465,Gold,02/14/2024
09074,Customer 09074,772,Silver,02/02/2024
09075,Customer 09075,1451,Gold,04/19/2024
09076,Customer 09076,901,Silver,01/02/2025
09077,Customer 09077,107,Bronze,09/18/2024
09078,Customer 09078,290,Bronze,05/07/2024
09079,Customer 09079,1305,Gold,02/20/2025
09080,Customer 09080,1085,Gold,03/30/2024
09081,Customer 09081,1052,Gold,03/13/2024
09082,Customer 09082,1448,Gold,04/02/2024
09083,Customer 09083,1189,Gold,11/23/2024
09084,Customer 09084,440,Bronze,07/28/2024
09085,Customer 09085,1029,Gold,01/25/2025
09086,Customer 09086,174,Bronze,12/28/2024
09087,Customer 09087,322,Bronze,01/19/2025
09088,Customer 09088,1166,Gold,05/21/2024
09089,Customer 09089,1326,Gold,01/26/2024
09090,Customer 09090,427,Bronze,03/28/2024
09091,Customer 09091,1416,Gold,02/06/2025
09092,Customer 09092,1449,Gold,06/08/2024
09093,Customer 09093,659,Silver,11/26/2024
09094,Customer 09094,218,Bronze,04/23/2024
09095,Customer 09095,402,Bronze,10/30/2024
09096,Customer 09096,79,Bronze,12/16/2024
09097,Customer 09097,761,Silver,04/26/2024
09098,Customer 09098,1287,Gold,10/22/2024
09099,Customer 09099,983,Silver,01/05/2024
09100,Customer 09100,230,Bronze,02/26/2025
09101,Customer 09101,647,Silver,12/28/2024
09102,Customer 09102,806,Silver,09/14/2024
09103,Customer 09103,912,Silver,11/12/2024
09104,Customer 09104,1400,Gold,05/03/2024
09105,Customer 09105,229,Bronze,01/05/2024
09106,Customer 09106,1142,Gold,09/06/2024
09107,Customer 09107,1443,Gold,10/23/2024
09108,Customer 09108,13,Bronze,02/02/2025
09109,Customer 09109,758,Silver,01/24/2025
09110,Customer 09110,275,Bronze,06/19/2024
09111,Customer 09111,1261,Gold,01/02/2024
09112,Customer 09112,438,Bronze,06/15/2024
09113,Customer 09113,1129,Gold,01/26/2024
09114,Customer 09114,1073,Gold,12/08/2024
09115,Customer 09115,186,Bronze,06/29/2024
09116,Customer 09116,1215,Gold,03/23/2024
09117,Customer 09117,164,Bronze,02/20/2024
09118,Customer 09118,603,Silver,12/26/2024
09119,Customer 09119,853,Silver,11/05/2024
09120,Customer 09120,1361,Gold,06/11/2024
09121,Customer 09121,211,Bronze,02/24/2025
09122,Customer 09122,1107,Gold,09/06/2024
09123,Customer 09123,93,Bronze,03/14/2024
09124,Customer 09124,1201,Gold,12/23/2024
09125,Customer 09125,632,Silver,04/03/2024
09126,Customer 09126,24,Bronze,01/14/2025
09127,Customer 09127,1037,Gold,06/27/2024
09128,Customer 09128,822,Silver,01/01/2025
09129,Customer 09129,537,Silver,04/11/2024
09130,Customer 09130,1430,Gold,06/01/2024
09131,Customer 09131,992,Silver,05/07/2024
09132,Customer 09132,474,Bronze,01/29/2025
09133,Customer 09133,234,Bronze,09/17/2024
09134,Customer 09134,578,Silver,04/17/2024
09135,Customer 09135,1136,Gold,02/01/2024
09136,Customer 09136,637,Silver,08/28/2024
09137,Customer 09137,280,Bronze,05/10/2024
09138,Customer 09138,1258,Gold,10/10/2024
09139,Customer 09139,752,Silver,12/10/2024
09140,Customer 09140,1284,Gold,05/14/2024
09141,Customer 09141,775,Silver,10/15/2024
09142,Customer 09142,678,Silver,03/09/2024
09143,Customer 09143,1391,Gold,01/17/2024
09144,Customer 09144,541,Silver,01/25/2025
09145,Customer 09145,877,Silver,11/09/2024
09146,Customer 09146,1227,Gold,03/12/2024
09147,Customer 09147,1476,Gold,07/05/2024
09148,Customer 09148,236,Bronze,09/05/2024
09149,Customer 09149,1139,Gold,12/02/2024
09150,Customer 09150,110,Bronze,11/20/2024
09151,Customer 09151,363,Bronze,10/12/2024
09152,Customer 09152,988,Silver,07/25/2024
09153,Customer 09153,788,Silver,01/31/2025
09154,Customer 09154,298,Bronze,09/25/2024
09155,Customer 09155,347,Bronze,02/06/2025
09156,Customer 09156,221,Bronze,06/01/2024
09157,Customer 09157,712,Silver,02/18/2025
09158,Customer 09158,837,Silver,02/04/2024
09159,Customer 09159,1412,Gold,02/18/2025
09160,Customer 09160,743,Silver,05/23/2024
09161,Customer 09161,1357,Gold,02/13/2025
09162,Customer 09162,255,Bronze,10/25/2024
09163,Customer 09163,677,Silver,03/18/2024
09164,Customer 09164,143,Bronze,04/24/2024
09165,Customer 09165,49,Bronze,06/28/2024
09166,Customer 09166,976,Silver,09/22/2024
09167,Customer 09167,1269,Gold,09/01/2024
09168,Customer 09168,958,Silver,11/25/2024
09169,Customer 09169,666,Silver,03/26/2024
09170,Customer 09170,830,Silver,01/10/2024
09171,Customer 09171,1154,Gold,03/05/2024
09172,Customer 09172,570,Silver,02/09/2024
09173,Customer 09173,15,Bronze,01/03/2024
09174,Customer 09174,1055,Gold,05/26/2024
09175,Customer 09175,739,Silver,12/03/2024
09176,Customer 09176,671,Silver,02/08/2024
09177,Customer 09177,1366,Gold,09/27/2024
09178,Customer 09178,931,Silver,11/14/2024
09179,Customer 09179,1143,Gold,05/28/2024
09180,Customer 09180,1268,Gold,03/03/2024
09181,Customer 09181,818,Silver,01/07/2024
09182,Customer 09182,1452,Gold,07/05/2024
09183,Customer 09183,1448,Gold,01/19/2025
09184,Customer 09184,822,Silver,04/05/2024
09185,Customer 09185,731,Silver,12/21/2024
09186,Customer 09186,205,Bronze,02/25/2025
09187,Customer 09187,1476,Gold,09/19/2024
09188,Customer 09188,1229,Gold,01/23/2025
09189,Customer 09189,809,Silver,02/18/2025
09190,Customer 09190,572,Silver,11/17/2024
09191,Customer 09191,1448,Gold,09/15/2024
09192,Customer 09192,828,Silver,10/27/2024
09193,Customer 09193,528,Silver,11/12/2024
09194,Customer 09194,120,Bronze,01/27/2025
09195,Customer 09195,430,Bronze,03/25/2024
09196,Customer 09196,784,Silver,09/23/2024
09197,Customer 09197,753,Silver,10/24/2024
09198,Customer 09198,604,Silver,10/19/2024
09199,Customer 09199,634,Silver,12/15/2024
09200,Customer 09200,796,Silver,05/22/2024
09201,Customer 09201,1079,Gold,04/22/2024
09202,Customer 09202,415,Bronze,08/25/2024
09203,Customer 09203,377,Bronze,08/28/2024
09204,Customer 09204,1352,Gold,11/23/2024
09205,Customer 09205,1203,Gold,07/06/2024
09206,Customer 09206,944,Silver,05/02/2024
09207,Customer 09207,1302,Gold,07/31/2024
09208,Customer 09208,836,Silver,04/05/2024
09209,Customer 09209,1298,Gold,08/26/2024
09210,Customer 09210,373,Bronze,03/03/2024
09211,Customer 09211,1311,Gold,12/29/2024
09212,Customer 09212,410,Bronze,01/29/2024
09213,Customer 09213,1143,Gold,12/31/2024
09214,Customer 09214,433,Bronze,01/10/2025
09215,Customer 09215,786,Silver,09/03/2024
09216,Customer 09216,81,Bronze,07/23/2024
09217,Customer 09217,1337,Gold,12/27/2024
09218,Customer 09218,657,Silver,06/21/2024
09219,Customer 09219,600,Silver,03/07/2024
09220,Customer 09220,824,Silver,12/04/2024
09221,Customer 09221,415,Bronze,04/23/2024
09222,Customer 09222,205,Bronze,07/09/2024
09223,Customer 09223,1491,Gold,04/14/2024
09224,Customer 09224,1392,Gold,03/16/2024
09225,Customer 09225,729,Silver,01/11/2025
09226,Customer 09226,435,Bronze,07/20/2024
09227,Customer 09227,226,Bronze,07/13/2024
09228,Customer 09228,581,Silver,01/07/2024
09229,Customer 09229,407,Bronze,12/02/2024
09230,Customer 09230,699,Silver,12/21/2024
09231,Customer 09231,208,Bronze,12/05/2024
09232,Customer 09232,739,Silver,04/11/2024
09233,Customer 09233,1433,Gold,02/22/2024
09234,Customer 09234,582,Silver,01/18/2024
09235,Customer 09235,1228,Gold,04/02/2024
09236,Customer 09236,989,Silver,06/05/2024
09237,Customer 09237,241,Bronze,12/29/2024
09238,Customer 09238,1287,Gold,03/20/2024
09239,Customer 09239,1268,Gold,10/11/2024
09240,Customer 09240,4,Bronze,01/09/2025
09241,Customer 09241,20,Bronze,01/12/2025
09242,Customer 09242,1444,Gold,02/22/2025
09243,Customer 09243,1395,Gold,10/28/2024
09244,Customer 09244,1400,Gold,03/31/2024
09245,Customer 09245,1437,Gold,05/18/2024
09246,Customer 09246,347,Bronze,01/16/2024
09247,Customer 09247,711,Silver,12/05/2024
09248,Customer 09248,908,Silver,01/28/2024
09249,Customer 09249,1179,Gold,08/05/2024
09250,Customer 09250,635,Silver,06/14/2024
09251,Customer 09251,591,Silver,10/31/2024
09252,Customer 09252,562,Silver,05/29/2024
09253,Customer 09253,1323,Gold,05/29/2024
09254,Customer 09254,868,Silver,01/27/2025
09255,Customer 09255,968,Silver,09/23/2024
09256,Customer 09256,63,Bronze,01/27/2024
09257,Customer 09257,1255,Gold,10/05/2024
09258,Customer 09258,1018,Gold,09/19/2024
09259,Customer 09259,483,Bronze,01/20/2024
09260,Customer 09260,745,Silver,10/03/2024
09261,Customer 09261,1375,Gold,04/20/2024
09262,Customer 09262,430,Bronze,05/01/2024
09263,Customer 09263,569,Silver,03/02/2024
09264,Customer 09264,560,Silver,02/13/2025
09265,Customer 09265,756,Silver,06/03/2024
09266,Customer 09266,922,Silver,01/31/2024
09267,Customer 09267,559,Silver,02/28/2025
09268,Customer 09268,262,Bronze,11/13/2024
09269,Customer 09269,1468,Gold,03/14/2024
09270,Customer 09270,142,Bronze,03/20/2024
09271,Customer 09271,970,Silver,12/24/2024
09272,Customer 09272,146,Bronze,05/01/2024
09273,Customer 09273,270,Bronze,12/23/2024
09274,Customer 09274,779,Silver,03/01/2024
09275,Customer 09275,611,Silver,06/14/2024
09276,Customer 09276,313,Bronze,05/17/2024
09277,Customer 09277,924,Silver,12/30/2024
09278,Customer 09278,978,Silver,04/24/2024
09279,Customer 09279,1035,Gold,12/31/2024
09280,Customer 09280,590,Silver,09/15/2024
09281,Customer 09281,209,Bronze,11/20/2024
09282,Customer 09282,134,Bronze,10/21/2024
09283,Customer 09283,39,Bronze,06/06/2024
09284,Customer 09284,1073,Gold,02/01/2024
09285,Customer 09285,1161,Gold,12/19/2024
09286,Customer 09286,973,Silver,01/11/2024
09287,Customer 09287,5,Bronze,11/23/2024
09288,Customer 09288,840,Silver,01/01/2024
09289,Customer 09289,1221,Gold,04/15/2024
09290,Customer 09290,83,Bronze,04/22/2024
09291,Customer 09291,889,Silver,06/04/2024
09292,Customer 09292,854,Silver,02/12/2025
09293,Customer 09293,1410,Gold,04/25/2024
09294,Customer 09294,594,Silver,09/16/2024
09295,Customer 09295,328,Bronze,01/28/2024
09296,Customer 09296,1285,Gold,04/16/2024
09297,Customer 09297,1123,Gold,07/22/2024
09298,Customer 09298,859,Silver,01/28/2025
09299,Customer 09299,1443,Gold,04/03/2024
09300,Customer 09300,502,Silver,03/10/2024
09301,Customer 09301,80,Bronze,11/24/2024
09302,Customer 09302,1256,Gold,10/12/2024
09303,Customer 09303,540,Silver,07/17/2024
09304,Customer 09304,1424,Gold,03/11/2024
09305,Customer 09305,1480,Gold,06/22/2024
09306,Customer 09306,570,Silver,04/16/2024
09307,Customer 09307,1284,Gold,02/17/2024
09308,Customer 09308,460,Bronze,05/02/2024
09309,Customer 09309,310,Bronze,01/10/2025
09310,Customer 09310,1181,Gold,09/16/2024
09311,Customer 09311,498,Bronze,09/05/2024
09312,Customer 09312,781,Silver,08/10/2024
09313,Customer 09313,1046,Gold,05/16/2024
09314,Customer 09314,242,Bronze,06/06/2024
09315,Customer 09315,412,Bronze,02/03/2024
09316,Customer 09316,668,Silver,06/10/2024
09317,Customer 09317,671,Silver,03/16/2024
09318,Customer 09318,906,Silver,02/02/2025
09319,Customer 09319,1284,Gold,08/02/2024
09320,Customer 09320,507,Silver,07/19/2024
09321,Customer 09321,1479,Gold,01/31/2025
09322,Customer 09322,783,Silver,07/26/2024
09323,Customer 09323,1118,Gold,10/23/2024
09324,Customer 09324,864,Silver,12/19/2024
09325,Customer 09325,497,Bronze,04/19/2024
09326,Customer 09326,1246,Gold,04/01/2024
09327,Customer 09327,1480,Gold,11/19/2024
09328,Customer 09328,141,Bronze,09/09/2024
09329,Customer 09329,63,Bronze,08/15/2024
09330,Customer 09330,1102,Gold,02/06/2025
09331,Customer 09331,418,Bronze,01/28/2024
09332,Customer 09332,901,Silver,11/01/2024
09333,Customer 09333,1147,Gold,01/26/2024
09334,Customer 09334,1120,Gold,06/03/2024
09335,Customer 09335,292,Bronze,03/18/2024
09336,Customer 09336,768,Silver,01/27/2024
09337,Customer 09337,1115,Gold,11/23/2024
09338,Customer 09338,302,Bronze,02/19/2024
09339,Customer 09339,995,Silver,01/05/2025
09340,Customer 09340,1066,Gold,01/20/2025
09341,Customer 09341,827,Silver,11/21/2024
09342,Customer 09342,167,Bronze,02/26/2025
09343,Customer 09343,1293,Gold,02/10/2025
09344,Customer 09344,1130,Gold,01/08/2025
09345,Customer 09345,897,Silver,02/04/2024
09346,Customer 09346,326,Bronze,02/15/2024
09347,Customer 09347,22,Bronze,09/30/2024
09348,Customer 09348,568,Silver,12/24/2024
09349,Customer 09349,560,Silver,08/02/2024
09350,Customer 09350,906,Silver,03/25/2024
09351,Customer 09351,1492,Gold,12/22/2024
09352,Customer 09352,294,Bronze,02/08/2024
09353,Customer 09353,1199,Gold,02/14/2025
09354,Customer 09354,1218,Gold,11/24/2024
09355,Customer 09355,517,Silver,01/28/2025
09356,Customer 09356,810,Silver,11/15/2024
09357,Customer 09357,782,Silver,03/07/2024
09358,Customer 09358,1469,Gold,09/14/2024
09359,Customer 09359,152,Bronze,07/17/2024
09360,Customer 09360,680,Silver,02/03/2025
09361,Customer 09361,821,Silver,12/16/2024
09362,Customer 09362,1279,Gold,04/06/2024
09363,Customer 09363,594,Silver,07/24/2024
09364,Customer 09364,949,Silver,02/12/2024
09365,Customer 09365,150,Bronze,01/17/2025
09366,Customer 09366,943,Silver,09/19/2024
09367,Customer 09367,997,Silver,12/11/2024
09368,Customer 09368,1084,Gold,05/15/2024
09369,Customer 09369,1249,Gold,12/20/2024
09370,Customer 09370,708,Silver,03/10/2024
09371,Customer 09371,907,Silver,11/21/2024
09372,Customer 09372,865,Silver,12/08/2024
09373,Customer 09373,123,Bronze,01/08/2025
09374,Customer 09374,157,Bronze,12/31/2024
09375,Customer 09375,655,Silver,03/17/2024
09376,Customer 09376,604,Silver,02/14/2025
09377,Customer 09377,630,Silver,05/17/2024
09378,Customer 09378,370,Bronze,10/24/2024
09379,Customer 09379,552,Silver,03/25/2024
09380,Customer 09380,175,Bronze,01/15/2025
09381,Customer 09381,1130,Gold,09/09/2024
09382,Customer 09382,1455,Gold,02/01/2025
09383,Customer 09383,259,Bronze,10/02/2024
09384,Customer 09384,780,Silver,01/05/2025
09385,Customer 09385,1065,Gold,12/12/2024
09386,Customer 09386,1436,Gold,09/23/2024
09387,Customer 09387,1337,Gold,10/18/2024
09388,Customer 09388,8,Bronze,05/21/2024
09389,Customer 09389,924,Silver,04/10/2024
09390,Customer 09390,941,Silver,07/08/2024
09391,Customer 09391,492,Bronze,11/19/2024
09392,Customer 09392,1318,Gold,10/08/2024
09393,Customer 09393,1232,Gold,10/25/2024
09394,Customer 09394,1198,Gold,12/21/2024
09395,Customer 09395,1050,Gold,02/13/2024
09396,Customer 09396,728,Silver,03/13/2024
09397,Customer 09397,443,Bronze,07/08/2024
09398,Customer 09398,1419,Gold,12/27/2024
09399,Customer 09399,811,Silver,01/23/2024
09400,Customer 09400,430,Bronze,01/24/2024
09401,Customer 09401,306,Bronze,01/10/2025
09402,Customer 09402,953,Silver,07/03/2024
09403,Customer 09403,940,Silver,02/14/2024
09404,Customer 09404,422,Bronze,10/13/2024
09405,Customer 09405,1264,Gold,05/14/2024
09406,Customer 09406,141,Bronze,02/13/2025
09407,Customer 09407,1456,Gold,05/13/2024
09408,Customer 09408,1114,Gold,01/10/2025
09409,Customer 09409,619,Silver,09/15/2024
09410,Customer 09410,1271,Gold,12/13/2024
09411,Customer 09411,1015,Gold,11/01/2024
09412,Customer 09412,869,Silver,09/04/2024
09413,Customer 09413,1094,Gold,08/01/2024
09414,Customer 09414,330,Bronze,02/06/2024
09415,Customer 09415,1066,Gold,11/21/2024
09416,Customer 09416,182,Bronze,01/02/2025
09417,Customer 09417,628,Silver,08/19/2024
09418,Customer 09418,1414,Gold,01/07/2025
09419,Customer 09419,714,Silver,02/15/2024
09420,Customer 09420,1178,Gold,09/24/2024
09421,Customer 09421,1464,Gold,01/15/2024
09422,Customer 09422,1220,Gold,10/29/2024
09423,Customer 09423,110,Bronze,03/17/2024
09424,Customer 09424,1249,Gold,11/30/2024
09425,Customer 09425,894,Silver,10/15/2024
09426,Customer 09426,1263,Gold,10/28/2024
09427,Customer 09427,1099,Gold,01/16/2024
09428,Customer 09428,966,Silver,03/20/2024
09429,Customer 09429,1473,Gold,12/11/2024
09430,Customer 09430,1225,Gold,06/29/2024
09431,Customer 09431,362,Bronze,03/25/2024
09432,Customer 09432,1326,Gold,01/24/2025
09433,Customer 09433,26,Bronze,11/23/2024
09434,Customer 09434,1186,Gold,01/05/2025
09435,Customer 09435,410,Bronze,02/01/2025
09436,Customer 09436,306,Bronze,08/25/2024
09437,Customer 09437,567,Silver,02/23/2024
09438,Customer 09438,265,Bronze,02/13/2024
09439,Customer 09439,700,Silver,05/28/2024
09440,Customer 09440,1252,Gold,04/27/2024
09441,Customer 09441,1486,Gold,01/26/2024
09442,Customer 09442,469,Bronze,12/12/2024
09443,Customer 09443,1371,Gold,08/24/2024
09444,Customer 09444,1110,Gold,01/20/2025
09445,Customer 09445,1325,Gold,10/14/2024
09446,Customer 09446,428,Bronze,01/25/2024
09447,Customer 09447,595,Silver,12/14/2024
09448,Customer 09448,59,Bronze,10/18/2024
09449,Customer 09449,1091,Gold,05/12/2024
09450,Customer 09450,19,Bronze,07/19/2024
09451,Customer 09451,1205,Gold,01/18/2025
09452,Customer 09452,1338,Gold,11/09/2024
09453,Customer 09453,1256,Gold,04/02/2024
09454,Customer 09454,1345,Gold,04/28/2024
09455,Customer 09455,397,Bronze,05/05/2024
09456,Customer 09456,823,Silver,01/10/2024
09457,Customer 09457,523,Silver,01/02/2024
09458,Customer 09458,820,Silver,01/28/2025
09459,Customer 09459,1304,Gold,05/13/2024
09460,Customer 09460,411,Bronze,05/13/2024
09461,Customer 09461,1376,Gold,02/24/2025
09462,Customer 09462,787,Silver,05/22/2024
09463,Customer 09463,982,Silver,06/16/2024
09464,Customer 09464,935,Silver,02/08/2024
09465,Customer 09465,546,Silver,05/30/2024
09466,Customer 09466,1183,Gold,11/19/2024
09467,Customer 09467,645,Silver,01/30/2024
09468,Customer 09468,481,Bronze,02/03/2024
09469,Customer 09469,323,Bronze,08/12/2024
09470,Customer 09470,137,Bronze,11/23/2024
09471,Customer 09471,1209,Gold,11/27/2024
09472,Customer 09472,125,Bronze,12/21/2024
09473,Customer 09473,861,Silver,07/14/2024
09474,Customer 09474,993,Silver,02/08/2024
09475,Customer 09475,719,Silver,05/13/2024
09476,Customer 09476,95,Bronze,09/14/2024
09477,Customer 09477,1046,Gold,12/19/2024
09478,Customer 09478,1064,Gold,01/29/2024
09479,Customer 09479,830,Silver,12/19/2024
09480,Customer 09480,461,Bronze,04/06/2024
09481,Customer 09481,1203,Gold,08/19/2024
09482,Customer 09482,1313,Gold,05/24/2024
09483,Customer 09483,1459,Gold,12/13/2024
09484,Customer 09484,292,Bronze,12/08/2024
09485,Customer 09485,1274,Gold,01/02/2024
09486,Customer 09486,1082,Gold,12/27/2024
09487,Customer 09487,999,Silver,09/12/2024
09488,Customer 09488,162,Bronze,01/27/2025
09489,Customer 09489,992,Silver,05/04/2024
09490,Customer 09490,965,Silver,04/16/2024
09491,Customer 09491,1334,Gold,05/22/2024
09492,Customer 09492,496,Bronze,02/02/2024
09493,Customer 09493,727,Silver,02/27/2025
09494,Customer 09494,1447,Gold,03/16/2024
09495,Customer 09495,46,Bronze,04/11/2024
09496,Customer 09496,474,Bronze,10/08/2024
09497,Customer 09497,1098,Gold,08/07/2024
09498,Customer 09498,415,Bronze,11/02/2024
09499,Customer 09499,694,Silver,06/28/2024
09500,Customer 09500,947,Silver,09/01/2024
09501,Customer 09501,460,Bronze,11/06/2024
09502,Customer 09502,805,Silver,09/19/2024
09503,Customer 09503,1338,Gold,05/13/2024
09504,Customer 09504,28,Bronze,02/12/2025
09505,Customer 09505,627,Silver,01/26/2024
09506,Customer 09506,468,Bronze,04/27/2024
09507,Customer 09507,1033,Gold,10/22/2024
09508,Customer 09508,213,Bronze,10/17/2024
09509,Customer 09509,1134,Gold,07/11/2024
09510,Customer 09510,1096,Gold,06/25/2024
09511,Customer 09511,906,Silver,07/06/2024
09512,Customer 09512,751,Silver,02/24/2025
09513,Customer 09513,978,Silver,05/20/2024
09514,Customer 09514,400,Bronze,12/02/2024
09515,Customer 09515,1410,Gold,08/08/2024
09516,Customer 09516,685,Silver,10/16/2024
09517,Customer 09517,1350,Gold,07/05/2024
09518,Customer 09518,937,Silver,02/04/2024
09519,Customer 09519,638,Silver,07/09/2024
09520,Customer 09520,1192,Gold,04/26/2024
09521,Customer 09521,936,Silver,04/06/2024
09522,Customer 09522,693,Silver,01/16/2024
09523,Customer 09523,921,Silver,04/19/2024
09524,Customer 09524,1448,Gold,01/22/2025
09525,Customer 09525,924,Silver,04/07/2024
09526,Customer 09526,1201,Gold,01/04/2025
09527,Customer 09527,987,Silver,01/08/2024
09528,Customer 09528,1069,Gold,01/19/2024
09529,Customer 09529,418,Bronze,02/15/2024
09530,Customer 09530,1311,Gold,05/11/2024
09531,Customer 09531,1466,Gold,12/27/2024
09532,Customer 09532,341,Bronze,03/18/2024
09533,Customer 09533,581,Silver,10/21/2024
09534,Customer 09534,47,Bronze,01/10/2024
09535,Customer 09535,311,Bronze,11/01/2024
09536,Customer 09536,373,Bronze,09/18/2024
09537,Customer 09537,220,Bronze,01/31/2024
09538,Customer 09538,1252,Gold,05/02/2024
09539,Customer 09539,427,Bronze,10/25/2024
09540,Customer 09540,14,Bronze,08/16/2024
09541,Customer 09541,1294,Gold,03/16/2024
09542,Customer 09542,1025,Gold,08/23/2024
09543,Customer 09543,736,Silver,03/05/2024
09544,Customer 09544,1106,Gold,06/13/2024
09545,Customer 09545,1475,Gold,07/19/2024
09546,Customer 09546,1054,Gold,01/16/2024
09547,Customer 09547,1423,Gold,06/18/2024
09548,Customer 09548,305,Bronze,10/10/2024
09549,Customer 09549,397,Bronze,06/22/2024
09550,Customer 09550,660,Silver,04/19/2024
09551,Customer 09551,327,Bronze,10/07/2024
09552,Customer 09552,34,Bronze,04/30/2024
09553,Customer 09553,1063,Gold,02/15/2024
09554,Customer 09554,697,Silver,01/18/2024
09555,Customer 09555,524,Silver,07/04/2024
09556,Customer 09556,1288,Gold,10/07/2024
09557,Customer 09557,926,Silver,01/30/2025
09558,Customer 09558,652,Silver,05/12/2024
09559,Customer 09559,648,Silver,12/08/2024
09560,Customer 09560,713,Silver,03/14/2024
09561,Customer 09561,590,Silver,09/23/2024
09562,Customer 09562,199,Bronze,04/16/2024
09563,Customer 09563,661,Silver,04/22/2024
09564,Customer 09564,565,Silver,01/22/2024
09565,Customer 09565,665,Silver,10/08/2024
09566,Customer 09566,700,Silver,02/27/2025
09567,Customer 09567,1365,Gold,01/04/2024
09568,Customer 09568,1275,Gold,10/23/2024
09569,Customer 09569,389,Bronze,11/28/2024
09570,Customer 09570,683,Silver,01/22/2025
09571,Customer 09571,820,Silver,12/28/2024
09572,Customer 09572,1407,Gold,08/07/2024
09573,Customer 09573,1217,Gold,05/18/2024
09574,Customer 09574,571,Silver,01/30/2024
09575,Customer 09575,1054,Gold,04/13/2024
09576,Customer 09576,1006,Gold,10/05/2024
09577,Customer 09577,640,Silver,01/12/2024
09578,Customer 09578,1376,Gold,04/30/2024
09579,Customer 09579,226,Bronze,07/27/2024
09580,Customer 09580,233,Bronze,09/30/2024
09581,Customer 09581,126,Bronze,08/11/2024
09582,Customer 09582,338,Bronze,02/25/2025
09583,Customer 09583,135,Bronze,02/04/2024
09584,Customer 09584,1350,Gold,08/09/2024
09585,Customer 09585,131,Bronze,07/27/2024
09586,Customer 09586,594,Silver,09/19/2024
09587,Customer 09587,1095,Gold,09/21/2024
09588,Customer 09588,240,Bronze,05/03/2024
09589,Customer 09589,896,Silver,05/16/2024
09590,Customer 09590,1207,Gold,04/01/2024
09591,Customer 09591,76,Bronze,10/25/2024
09592,Customer 09592,1365,Gold,01/01/2024
09593,Customer 09593,567,Silver,03/13/2024
09594,Customer 09594,1179,Gold,08/11/2024
09595,Customer 09595,1210,Gold,05/27/2024
09596,Customer 09596,302,Bronze,11/26/2024
09597,Customer 09597,1257,Gold,10/20/2024
09598,Customer 09598,980,Silver,04/24/2024
09599,Customer 09599,128,Bronze,06/10/2024
09600,Customer 09600,1293,Gold,04/20/2024
09601,Customer 09601,625,Silver,01/11/2025
09602,Customer 09602,1381,Gold,01/13/2024
09603,Customer 09603,1357,Gold,09/05/2024
09604,Customer 09604,1104,Gold,05/01/2024
09605,Customer 09605,811,Silver,02/27/2024
09606,Customer 09606,1056,Gold,09/13/2024
09607,Customer 09607,962,Silver,02/27/2024
09608,Customer 09608,837,Silver,01/26/2025
09609,Customer 09609,388,Bronze,11/28/2024
09610,Customer 09610,1407,Gold,06/17/2024
09611,Customer 09611,1322,Gold,02/11/2024
09612,Customer 09612,64,Bronze,08/04/2024
09613,Customer 09613,1385,Gold,04/19/2024
09614,Customer 09614,769,Silver,06/21/2024
09615,Customer 09615,1418,Gold,05/24/2024
09616,Customer 09616,880,Silver,01/22/2024
09617,Customer 09617,163,Bronze,11/15/2024
09618,Customer 09618,652,Silver,02/10/2024
09619,Customer 09619,524,Silver,06/26/2024
09620,Customer 09620,1121,Gold,06/20/2024
09621,Customer 09621,57,Bronze,04/25/2024
09622,Customer 09622,168,Bronze,12/30/2024
09623,Customer 09623,736,Silver,02/01/2024
09624,Customer 09624,616,Silver,01/20/2025
09625,Customer 09625,246,Bronze,06/06/2024
09626,Customer 09626,922,Silver,01/19/2025
09627,Customer 09627,1191,Gold,02/23/2025
09628,Customer 09628,790,Silver,04/29/2024
09629,Customer 09629,845,Silver,06/02/2024
09630,Customer 09630,164,Bronze,02/09/2024
09631,Customer 09631,599,Silver,10/02/2024
09632,Customer 09632,702,Silver,07/27/2024
09633,Customer 09633,1001,Gold,02/12/2025
09634,Customer 09634,840,Silver,11/07/2024
09635,Customer 09635,1265,Gold,01/26/2025
09636,Customer 09636,684,Silver,09/18/2024
09637,Customer 09637,205,Bronze,02/13/2025
09638,Customer 09638,295,Bronze,04/14/2024
09639,Customer 09639,974,Silver,01/13/2024
09640,Customer 09640,896,Silver,04/15/2024
09641,Customer 09641,467,Bronze,07/22/2024
09642,Customer 09642,320,Bronze,01/29/2024
09643,Customer 09643,1259,Gold,04/08/2024
09644,Customer 09644,949,Silver,10/01/2024
09645,Customer 09645,1371,Gold,01/21/2025
09646,Customer 09646,403,Bronze,03/27/2024
09647,Customer 09647,1133,Gold,01/21/2025
09648,Customer 09648,319,Bronze,09/24/2024
09649,Customer 09649,3,Bronze,06/25/2024
09650,Customer 09650,596,Silver,06/03/2024
09651,Customer 09651,1049,Gold,06/19/2024
09652,Customer 09652,1199,Gold,04/21/2024
09653,Customer 09653,809,Silver,10/17/2024
09654,Customer 09654,0,Bronze,10/05/2024
09655,Customer 09655,502,Silver,09/09/2024
09656,Customer 09656,120,Bronze,02/01/2025
09657,Customer 09657,1083,Gold,09/28/2024
09658,Customer 09658,115,Bronze,04/08/2024
09659,Customer 09659,933,Silver,08/15/2024
09660,Customer 09660,450,Bronze,09/15/2024
09661,Customer 09661,678,Silver,06/17/2024
09662,Customer 09662,561,Silver,01/03/2025
09663,Customer 09663,178,Bronze,07/28/2024
09664,Customer 09664,422,Bronze,01/08/2024
09665,Customer 09665,1484,Gold,06/04/2024
09666,Customer 09666,404,Bronze,04/09/2024
09667,Customer 09667,793,Silver,02/23/2025
09668,Customer 09668,80,Bronze,01/31/2025
09669,Customer 09669,503,Silver,01/04/2024
09670,Customer 09670,12,Bronze,02/22/2024
09671,Customer 09671,1206,Gold,04/02/2024
09672,Customer 09672,1295,Gold,09/01/2024
09673,Customer 09673,357,Bronze,11/13/2024
09674,Customer 09674,1036,Gold,05/21/2024
09675,Customer 09675,965,Silver,08/31/2024
09676,Customer 09676,1012,Gold,09/30/2024
09677,Customer 09677,1196,Gold,01/04/2025
09678,Customer 09678,1260,Gold,08/10/2024
09679,Customer 09679,343,Bronze,10/08/2024
09680,Customer 09680,250,Bronze,07/10/2024
09681,Customer 09681,669,Silver,03/07/2024
09682,Customer 09682,315,Bronze,02/22/2025
09683,Customer 09683,393,Bronze,07/03/2024
09684,Customer 09684,1260,Gold,07/17/2024
09685,Customer 09685,1455,Gold,06/09/2024
09686,Customer 09686,335,Bronze,06/28/2024
09687,Customer 09687,701,Silver,05/07/2024
09688,Customer 09688,768,Silver,02/10/2024
09689,Customer 09689,603,Silver,02/17/2025
09690,Customer 09690,1312,Gold,02/06/2025
09691,Customer 09691,1285,Gold,02/02/2024
09692,Customer 09692,771,Silver,11/01/2024
09693,Customer 09693,1073,Gold,06/04/2024
09694,Customer 09694,239,Bronze,02/14/2024
09695,Customer 09695,643,Silver,08/30/2024
09696,Customer 09696,148,Bronze,09/09/2024
09697,Customer 09697,503,Silver,03/17/2024
09698,Customer 09698,511,Silver,02/23/2024
09699,Customer 09699,1004,Gold,05/31/2024
09700,Customer 09700,1134,Gold,02/28/2024
09701,Customer 09701,277,Bronze,12/14/2024
09702,Customer 09702,631,Silver,07/26/2024
09703,Customer 09703,632,Silver,08/23/2024
09704,Customer 09704,361,Bronze,09/29/2024
09705,Customer 09705,324,Bronze,01/22/2025
09706,Customer 09706,1490,Gold,02/10/2024
09707,Customer 09707,225,Bronze,11/18/2024
09708,Customer 09708,37,Bronze,02/22/2024
09709,Customer 09709,1394,Gold,11/26/2024
09710,Customer 09710,1355,Gold,07/15/2024
09711,Customer 09711,1344,Gold,01/05/2024
09712,Customer 09712,976,Silver,02/06/2025
09713,Customer 09713,237,Bronze,02/29/2024
09714,Customer 09714,915,Silver,09/28/2024
09715,Customer 09715,977,Silver,09/14/2024
09716,Customer 09716,404,Bronze,03/07/2024
09717,Customer 09717,1164,Gold,12/12/2024
09718,Customer 09718,388,Bronze,01/23/2024
09719,Customer 09719,108,Bronze,01/08/2024
09720,Customer 09720,132,Bronze,08/01/2024
09721,Customer 09721,117,Bronze,07/15/2024
09722,Customer 09722,1222,Gold,09/03/2024
09723,Customer 09723,1232,Gold,12/03/2024
09724,Customer 09724,1171,Gold,08/19/2024
09725,Customer 09725,728,Silver,02/07/2025
09726,Customer 09726,490,Bronze,02/15/2024
09727,Customer 09727,865,Silver,03/02/2024
09728,Customer 09728,537,Silver,12/10/2024
09729,Customer 09729,757,Silver,09/21/2024
09730,Customer 09730,1302,Gold,02/17/2025
09731,Customer 09731,374,Bronze,01/27/2025
09732,Customer 09732,1004,Gold,08/14/2024
09733,Customer 09733,645,Silver,10/23/2024
09734,Customer 09734,792,Silver,07/07/2024
09735,Customer 09735,1294,Gold,04/16/2024
09736,Customer 09736,647,Silver,09/21/2024
09737,Customer 09737,506,Silver,11/16/2024
09738,Customer 09738,1104,Gold,08/08/2024
09739,Customer 09739,230,Bronze,12/27/2024
09740,Customer 09740,1265,Gold,01/01/2024
09741,Customer 09741,943,Silver,05/17/2024
09742,Customer 09742,494,Bronze,01/13/2024
09743,Customer 09743,619,Silver,05/15/2024
09744,Customer 09744,857,Silver,10/22/2024
09745,Customer 09745,956,Silver,07/22/2024
09746,Customer 09746,1114,Gold,11/18/2024
09747,Customer 09747,1355,Gold,03/26/2024
09748,Customer 09748,469,Bronze,05/23/2024
09749,Customer 09749,769,Silver,01/05/2025
09750,Customer 09750,798,Silver,02/29/2024
09751,Customer 09751,1198,Gold,01/12/2025
09752,Customer 09752,1432,Gold,02/17/2024
09753,Customer 09753,514,Silver,07/02/2024
09754,Customer 09754,601,Silver,10/04/2024
09755,Customer 09755,104,Bronze,05/28/2024
09756,Customer 09756,1299,Gold,10/10/2024
09757,Customer 09757,1040,Gold,07/07/2024
09758,Customer 09758,96,Bronze,06/04/2024
09759,Customer 09759,471,Bronze,09/21/2024
09760,Customer 09760,1300,Gold,04/06/2024
09761,Customer 09761,1011,Gold,03/01/2024
09762,Customer 09762,38,Bronze,01/16/2025
09763,Customer 09763,540,Silver,07/29/2024
09764,Customer 09764,775,Silver,05/07/2024
09765,Customer 09765,1341,Gold,01/10/2025
09766,Customer 09766,814,Silver,09/04/2024
09767,Customer 09767,108,Bronze,03/24/2024
09768,Customer 09768,1120,Gold,02/05/2024
09769,Customer 09769,1006,Gold,09/12/2024
09770,Customer 09770,1246,Gold,02/16/2025
09771,Customer 09771,390,Bronze,10/23/2024
09772,Customer 09772,1152,Gold,12/12/2024
09773,Customer 09773,838,Silver,02/05/2024
09774,Customer 09774,113,Bronze,09/19/2024
09775,Customer 09775,897,Silver,09/02/2024
09776,Customer 09776,1058,Gold,11/19/2024
09777,Customer 09777,437,Bronze,09/24/2024
09778,Customer 09778,1300,Gold,05/07/2024
09779,Customer 09779,42,Bronze,01/05/2024
09780,Customer 09780,664,Silver,02/02/2025
09781,Customer 09781,115,Bronze,05/19/2024
09782,Customer 09782,80,Bronze,10/21/2024
09783,Customer 09783,759,Silver,02/16/2025
09784,Customer 09784,952,Silver,05/31/2024
09785,Customer 09785,452,Bronze,07/05/2024
09786,Customer 09786,65,Bronze,06/12/2024
09787,Customer 09787,105,Bronze,10/30/2024
09788,Customer 09788,149,Bronze,07/08/2024
09789,Customer 09789,1027,Gold,11/03/2024
09790,Customer 09790,1279,Gold,11/25/2024
09791,Customer 09791,529,Silver,07/28/2024
09792,Customer 09792,487,Bronze,08/12/2024
09793,Customer 09793,567,Silver,11/20/2024
09794,Customer 09794,669,Silver,04/10/2024
09795,Customer 09795,4,Bronze,11/28/2024
09796,Customer 09796,417,Bronze,03/04/2024
09797,Customer 09797,226,Bronze,09/10/2024
09798,Customer 09798,1203,Gold,01/04/2024
09799,Customer 09799,861,Silver,02/05/2024
09800,Customer 09800,609,Silver,10/07/2024
09801,Customer 09801,906,Silver,07/19/2024
09802,Customer 09802,1169,Gold,02/17/2025
09803,Customer 09803,644,Silver,08/22/2024
09804,Customer 09804,717,Silver,05/31/2024
09805,Customer 09805,1022,Gold,01/08/2025
09806,Customer 09806,203,Bronze,06/10/2024
09807,Customer 09807,914,Silver,12/20/2024
09808,Customer 09808,870,Silver,11/03/2024
09809,Customer 09809,819,Silver,06/04/2024
09810,Customer 09810,1488,Gold,06/16/2024
09811,Customer 09811,872,Silver,01/12/2025
09812,Customer 09812,1257,Gold,09/09/2024
09813,Customer 09813,840,Silver,02/24/2025
09814,Customer 09814,1460,Gold,12/23/2024
09815,Customer 09815,960,Silver,01/06/2024
09816,Customer 09816,221,Bronze,09/22/2024
09817,Customer 09817,605,Silver,07/05/2024
09818,Customer 09818,101,Bronze,12/14/2024
09819,Customer 09819,573,Silver,02/05/2025
09820,Customer 09820,822,Silver,08/14/2024
09821,Customer 09821,985,Silver,04/17/2024
09822,Customer 09822,601,Silver,07/04/2024
09823,Customer 09823,281,Bronze,01/28/2025
09824,Customer 09824,1269,Gold,01/30/2025
09825,Customer 09825,114,Bronze,07/27/2024
09826,Customer 09826,630,Silver,04/07/2024
09827,Customer 09827,751,Silver,06/18/2024
09828,Customer 09828,431,Bronze,08/24/2024
09829,Customer 09829,331,Bronze,08/04/2024
09830,Customer 09830,1251,Gold,09/17/2024
09831,Customer 09831,833,Silver,07/10/2024
09832,Customer 09832,637,Silver,12/06/2024
09833,Customer 09833,427,Bronze,09/26/2024
09834,Customer 09834,810,Silver,01/15/2025
09835,Customer 09835,992,Silver,02/11/2024
09836,Customer 09836,1193,Gold,12/07/2024
09837,Customer 09837,733,Silver,06/04/2024
09838,Customer 09838,668,Silver,04/21/2024
09839,Customer 09839,765,Silver,11/21/2024
09840,Customer 09840,1058,Gold,06/10/2024
09841,Customer 09841,195,Bronze,02/15/2024
09842,Customer 09842,64,Bronze,01/19/2024
09843,Customer 09843,336,Bronze,02/20/2025
09844,Customer 09844,788,Silver,02/18/2024
09845,Customer 09845,757,Silver,01/25/2024
09846,Customer 09846,1169,Gold,04/01/2024
09847,Customer 09847,522,Silver,09/05/2024
09848,Customer 09848,923,Silver,09/02/2024
09849,Customer 09849,1376,Gold,02/20/2024
09850,Customer 09850,1310,Gold,05/16/2024
09851,Customer 09851,566,Silver,06/02/2024
09852,Customer 09852,260,Bronze,04/03/2024
09853,Customer 09853,692,Silver,01/22/2025
09854,Customer 09854,482,Bronze,10/01/2024
09855,Customer 09855,901,Silver,02/22/2024
09856,Customer 09856,159,Bronze,10/17/2024
09857,Customer 09857,1222,Gold,04/07/2024
09858,Customer 09858,1380,Gold,03/12/2024
09859,Customer 09859,905,Silver,01/25/2024
09860,Customer 09860,1307,Gold,03/20/2024
09861,Customer 09861,889,Silver,01/05/2025
09862,Customer 09862,946,Silver,10/31/2024
09863,Customer 09863,125,Bronze,03/07/2024
09864,Customer 09864,1140,Gold,06/23/2024
09865,Customer 09865,278,Bronze,07/06/2024
09866,Customer 09866,149,Bronze,09/11/2024
09867,Customer 09867,551,Silver,05/22/2024
09868,Customer 09868,993,Silver,04/18/2024
09869,Customer 09869,17,Bronze,12/07/2024
09870,Customer 09870,240,Bronze,12/08/2024
09871,Customer 09871,1048,Gold,11/03/2024
09872,Customer 09872,1133,Gold,01/15/2025
09873,Customer 09873,709,Silver,08/18/2024
09874,Customer 09874,1092,Gold,09/01/2024
09875,Customer 09875,29,Bronze,10/13/2024
09876,Customer 09876,838,Silver,09/01/2024
09877,Customer 09877,1130,Gold,02/04/2024
09878,Customer 09878,292,Bronze,03/30/2024
09879,Customer 09879,642,Silver,07/13/2024
09880,Customer 09880,1278,Gold,04/12/2024
09881,Customer 09881,250,Bronze,12/11/2024
09882,Customer 09882,865,Silver,02/24/2024
09883,Customer 09883,1487,Gold,10/31/2024
09884,Customer 09884,1489,Gold,12/17/2024
09885,Customer 09885,439,Bronze,03/10/2024
09886,Customer 09886,390,Bronze,02/25/2024
09887,Customer 09887,826,Silver,06/28/2024
09888,Customer 09888,91,Bronze,09/21/2024
09889,Customer 09889,1013,Gold,12/03/2024
09890,Customer 09890,883,Silver,10/15/2024
09891,Customer 09891,1167,Gold,12/21/2024
09892,Customer 09892,1266,Gold,12/31/2024
09893,Customer 09893,545,Silver,05/02/2024
09894,Customer 09894,1086,Gold,04/09/2024
09895,Customer 09895,539,Silver,03/28/2024
09896,Customer 09896,198,Bronze,08/31/2024
09897,Customer 09897,1216,Gold,02/19/2024
09898,Customer 09898,492,Bronze,01/03/2024
09899,Customer 09899,1252,Gold,03/10/2024
09900,Customer 09900,1038,Gold,04/02/2024
09901,Customer 09901,641,Silver,07/20/2024
09902,Customer 09902,1423,Gold,05/01/2024
09903,Customer 09903,1317,Gold,05/07/2024
09904,Customer 09904,1285,Gold,01/31/2024
09905,Customer 09905,1057,Gold,08/05/2024
09906,Customer 09906,1340,Gold,01/06/2025
09907,Customer 09907,1227,Gold,01/24/2024
09908,Customer 09908,678,Silver,05/09/2024
09909,Customer 09909,197,Bronze,01/05/2025
09910,Customer 09910,1463,Gold,07/12/2024
09911,Customer 09911,500,Silver,02/24/2024
09912,Customer 09912,301,Bronze,11/27/2024
09913,Customer 09913,709,Silver,05/13/2024
09914,Customer 09914,209,Bronze,01/27/2025
09915,Customer 09915,1166,Gold,05/03/2024
09916,Customer 09916,109,Bronze,02/14/2024
09917,Customer 09917,984,Silver,12/08/2024
09918,Customer 09918,396,Bronze,04/10/2024
09919,Customer 09919,346,Bronze,06/12/2024
09920,Customer 09920,725,Silver,11/21/2024
09921,Customer 09921,1231,Gold,05/20/2024
09922,Customer 09922,111,Bronze,04/15/2024
09923,Customer 09923,101,Bronze,01/16/2025
09924,Customer 09924,228,Bronze,01/20/2025
09925,Customer 09925,540,Silver,01/10/2025
09926,Customer 09926,156,Bronze,02/22/2025
09927,Customer 09927,100,Bronze,10/26/2024
09928,Customer 09928,906,Silver,02/03/2024
09929,Customer 09929,820,Silver,04/04/2024
09930,Customer 09930,236,Bronze,05/26/2024
09931,Customer 09931,113,Bronze,11/12/2024
09932,Customer 09932,583,Silver,12/20/2024
09933,Customer 09933,1447,Gold,05/15/2024
09934,Customer 09934,827,Silver,06/16/2024
09935,Customer 09935,299,Bronze,08/02/2024
09936,Customer 09936,322,Bronze,01/09/2025
09937,Customer 09937,1408,Gold,09/21/2024
09938,Customer 09938,1477,Gold,02/10/2024
09939,Customer 09939,548,Silver,09/13/2024
09940,Customer 09940,295,Bronze,01/23/2024
09941,Customer 09941,81,Bronze,11/29/2024
09942,Customer 09942,959,Silver,05/12/2024
09943,Customer 09943,538,Silver,08/06/2024
09944,Customer 09944,715,Silver,03/19/2024
09945,Customer 09945,1463,Gold,12/16/2024
09946,Customer 09946,57,Bronze,05/18/2024
09947,Customer 09947,206,Bronze,12/18/2024
09948,Customer 09948,953,Silver,01/08/2025
09949,Customer 09949,772,Silver,02/19/2024
09950,Customer 09950,1414,Gold,09/28/2024
09951,Customer 09951,1052,Gold,01/01/2024
09952,Customer 09952,278,Bronze,09/29/2024
09953,Customer 09953,1296,Gold,01/26/2024
09954,Customer 09954,339,Bronze,10/02/2024
09955,Customer 09955,248,Bronze,04/27/2024
09956,Customer 09956,46,Bronze,11/03/2024
09957,Customer 09957,821,Silver,01/25/2025
09958,Customer 09958,939,Silver,05/13/2024
09959,Customer 09959,157,Bronze,11/08/2024
09960,Customer 09960,1347,Gold,02/17/2025
09961,Customer 09961,1130,Gold,08/29/2024
09962,Customer 09962,1318,Gold,01/09/2024
09963,Customer 09963,907,Silver,12/17/2024
09964,Customer 09964,248,Bronze,05/18/2024
09965,Customer 09965,96,Bronze,08/22/2024
09966,Customer 09966,914,Silver,04/04/2024
09967,Customer 09967,476,Bronze,11/28/2024
09968,Customer 09968,375,Bronze,02/16/2024
09969,Customer 09969,27,Bronze,06/15/2024
09970,Customer 09970,390,Bronze,07/24/2024
09971,Customer 09971,1458,Gold,01/04/2024
09972,Customer 09972,560,Silver,01/14/2024
09973,Customer 09973,1496,Gold,10/21/2024
09974,Customer 09974,319,Bronze,12/13/2024
09975,Customer 09975,1388,Gold,07/13/2024
09976,Customer 09976,661,Silver,01/11/2025
09977,Customer 09977,369,Bronze,04/17/2024
09978,Customer 09978,623,Silver,06/17/2024
09979,Customer 09979,970,Silver,11/08/2024
09980,Customer 09980,36,Bronze,07/08/2024
09981,Customer 09981,720,Silver,02/25/2025
09982,Customer 09982,534,Silver,01/02/2025
09983,Customer 09983,1317,Gold,02/11/2025
09984,Customer 09984,1015,Gold,01/11/2025
09985,Customer 09985,1125,Gold,04/03/2024
09986,Customer 09986,193,Bronze,12/06/2024
09987,Customer 09987,934,Silver,01/24/2024
09988,Customer 09988,160,Bronze,05/15/2024
09989,Customer 09989,391,Bronze,01/24/2024
09990,Customer 09990,466,Bronze,04/14/2024
09991,Customer 09991,1145,Gold,03/26/2024
09992,Customer 09992,329,Bronze,03/22/2024
09993,Customer 09993,625,Silver,12/26/2024
09994,Customer 09994,1308,Gold,07/27/2024
09995,Customer 09995,1109,Gold,12/04/2024
09996,Customer 09996,373,Bronze,05/21/2024
09997,Customer 09997,1470,Gold,12/08/2024
09998,Customer 09998,188,Bronze,01/27/2024
09999,Customer 09999,548,Silver,06/17/2024
